report,json_pointer,value_json
AGGREGATE.json,/schema_version,1
AGGREGATE.json,/completed_at,"""2026-10-07T18:30:06.819192+00:00"""
AGGREGATE.json,/status,"""complete"""
AGGREGATE.json,/evaluation,"""Pinned official-protocol local OmniDocBench v1.6 evaluation; not an official leaderboard submission"""
AGGREGATE.json,/page_denominator_per_output,1651
AGGREGATE.json,/outputs,7
AGGREGATE.json,/arm_page_predictions,11557
AGGREGATE.json,/same_native_baseline_per_page,true
AGGREGATE.json,/retained_smoke_pages,16
AGGREGATE.json,/new_remaining_pages,1635
AGGREGATE.json,/replayed_pages,0
AGGREGATE.json,/metric_units/overall,"""0-100"""
AGGREGATE.json,/metric_units/text_edit,"""0-1"""
AGGREGATE.json,/metric_units/formula_cdm,"""0-1"""
AGGREGATE.json,/metric_units/formula_edit,"""0-1"""
AGGREGATE.json,/metric_units/table_teds,"""0-1"""
AGGREGATE.json,/metric_units/table_teds_structure,"""0-1"""
AGGREGATE.json,/metric_units/table_edit,"""0-1"""
AGGREGATE.json,/metric_units/reading_order_edit,"""0-1"""
AGGREGATE.json,/metric_direction/overall,"""higher"""
AGGREGATE.json,/metric_direction/text_edit,"""lower"""
AGGREGATE.json,/metric_direction/formula_cdm,"""higher"""
AGGREGATE.json,/metric_direction/formula_edit,"""lower"""
AGGREGATE.json,/metric_direction/table_teds,"""higher"""
AGGREGATE.json,/metric_direction/table_teds_structure,"""higher"""
AGGREGATE.json,/metric_direction/table_edit,"""lower"""
AGGREGATE.json,/metric_direction/reading_order_edit,"""lower"""
AGGREGATE.json,/overall_definition,"""100 * ((1 - Text Edit) + Formula CDM + Table TEDS) / 3"""
AGGREGATE.json,/evaluator/commit,"""147cd5ac9472002f5751221d390bf00abdbc0d2f"""
AGGREGATE.json,/evaluator/config_sha256,"""56db52659910273376223a5646eabfaff21b25dc30f434e1c90aab1a233d335a"""
AGGREGATE.json,/evaluator/ground_truth_sha256,"""a45cd84b04ad8b793e775089640e6b681209abea33ead54c1828ddca35fae496"""
AGGREGATE.json,/versions/D0/values/text_edit,0.027098342677106747
AGGREGATE.json,/versions/D0/values/formula_cdm,0.9860259144405122
AGGREGATE.json,/versions/D0/values/formula_edit,0.04900545083353571
AGGREGATE.json,/versions/D0/values/table_teds,0.9683186499386146
AGGREGATE.json,/versions/D0/values/table_teds_structure,0.9816733092812712
AGGREGATE.json,/versions/D0/values/table_edit,0.035843263333296106
AGGREGATE.json,/versions/D0/values/reading_order_edit,0.11829726809302299
AGGREGATE.json,/versions/D0/values/overall,97.574874056734
AGGREGATE.json,/versions/D0/missing_reasons,{}
AGGREGATE.json,/versions/D0/page_denominator,1651
AGGREGATE.json,/versions/D0/units/text_edit,"""0-1"""
AGGREGATE.json,/versions/D0/units/formula_cdm,"""0-1"""
AGGREGATE.json,/versions/D0/units/formula_edit,"""0-1"""
AGGREGATE.json,/versions/D0/units/table_teds,"""0-1"""
AGGREGATE.json,/versions/D0/units/table_teds_structure,"""0-1"""
AGGREGATE.json,/versions/D0/units/table_edit,"""0-1"""
AGGREGATE.json,/versions/D0/units/reading_order_edit,"""0-1"""
AGGREGATE.json,/versions/D0/units/overall,"""0-100"""
AGGREGATE.json,/versions/D0/direction/text_edit,"""lower"""
AGGREGATE.json,/versions/D0/direction/formula_cdm,"""higher"""
AGGREGATE.json,/versions/D0/direction/formula_edit,"""lower"""
AGGREGATE.json,/versions/D0/direction/table_teds,"""higher"""
AGGREGATE.json,/versions/D0/direction/table_teds_structure,"""higher"""
AGGREGATE.json,/versions/D0/direction/table_edit,"""lower"""
AGGREGATE.json,/versions/D0/direction/reading_order_edit,"""lower"""
AGGREGATE.json,/versions/D0/direction/overall,"""higher"""
AGGREGATE.json,/versions/D0/category_breakdowns/text_block/all/Edit_dist/ALL_page_avg,0.027098342677106747
AGGREGATE.json,/versions/D0/category_breakdowns/text_block/all/Edit_dist/edit_whole,0.035465318587456204
AGGREGATE.json,/versions/D0/category_breakdowns/text_block/all/Edit_dist/edit_sample_avg,0.027076368071763446
AGGREGATE.json,/versions/D0/category_breakdowns/text_block/group/sample_count,{}
AGGREGATE.json,/versions/D0/category_breakdowns/text_block/page/Edit_dist/ALL,0.027098342677106747
AGGREGATE.json,/versions/D0/category_breakdowns/text_block/page/Edit_dist/None,0.019814950056479496
AGGREGATE.json,/versions/D0/category_breakdowns/text_block/page/Edit_dist/colorful_backgroud,0.02433655081163482
AGGREGATE.json,/versions/D0/category_breakdowns/text_block/page/Edit_dist/data_source: PPT2PDF,0.019240749779481207
AGGREGATE.json,/versions/D0/category_breakdowns/text_block/page/Edit_dist/data_source: academic_literature,0.02551141611380763
AGGREGATE.json,/versions/D0/category_breakdowns/text_block/page/Edit_dist/data_source: book,0.023457159611230672
AGGREGATE.json,/versions/D0/category_breakdowns/text_block/page/Edit_dist/data_source: colorful_textbook,0.03536999423654788
AGGREGATE.json,/versions/D0/category_breakdowns/text_block/page/Edit_dist/data_source: exam_paper,0.0406305137407871
AGGREGATE.json,/versions/D0/category_breakdowns/text_block/page/Edit_dist/data_source: historical_document,0.177756402797043
AGGREGATE.json,/versions/D0/category_breakdowns/text_block/page/Edit_dist/data_source: magazine,0.01384354304025317
AGGREGATE.json,/versions/D0/category_breakdowns/text_block/page/Edit_dist/data_source: newspaper,0.04135964945917441
AGGREGATE.json,/versions/D0/category_breakdowns/text_block/page/Edit_dist/data_source: note,0.03062194704285456
AGGREGATE.json,/versions/D0/category_breakdowns/text_block/page/Edit_dist/data_source: research_report,0.007140742389046126
AGGREGATE.json,/versions/D0/category_breakdowns/text_block/page/Edit_dist/fuzzy_content,0.015926465234801603
AGGREGATE.json,/versions/D0/category_breakdowns/text_block/page/Edit_dist/fuzzy_scan,0.03703741985593637
AGGREGATE.json,/versions/D0/category_breakdowns/text_block/page/Edit_dist/geometric_deformation,0.03496644589690337
AGGREGATE.json,/versions/D0/category_breakdowns/text_block/page/Edit_dist/handwriting,0.42623473519752575
AGGREGATE.json,/versions/D0/category_breakdowns/text_block/page/Edit_dist/language: en_ch_mixed,0.02060268336744034
AGGREGATE.json,/versions/D0/category_breakdowns/text_block/page/Edit_dist/language: english,0.02163170648833317
AGGREGATE.json,/versions/D0/category_breakdowns/text_block/page/Edit_dist/language: other,0.001282051282051282
AGGREGATE.json,/versions/D0/category_breakdowns/text_block/page/Edit_dist/language: simplified_chinese,0.032874390018762495
AGGREGATE.json,/versions/D0/category_breakdowns/text_block/page/Edit_dist/language: traditional_chinese,0.07873146809401618
AGGREGATE.json,/versions/D0/category_breakdowns/text_block/page/Edit_dist/layout: 1andmore_column,0.019501172050325786
AGGREGATE.json,/versions/D0/category_breakdowns/text_block/page/Edit_dist/layout: double_column,0.02029060173185988
AGGREGATE.json,/versions/D0/category_breakdowns/text_block/page/Edit_dist/layout: other_layout,0.04225540275585867
AGGREGATE.json,/versions/D0/category_breakdowns/text_block/page/Edit_dist/layout: single_column,0.0236816827874153
AGGREGATE.json,/versions/D0/category_breakdowns/text_block/page/Edit_dist/layout: three_column,0.019947654392550355
AGGREGATE.json,/versions/D0/category_breakdowns/text_block/page/Edit_dist/subset: equation_hard,0.06055125035344146
AGGREGATE.json,/versions/D0/category_breakdowns/text_block/page/Edit_dist/subset: layout_hard,0.04535899316187916
AGGREGATE.json,/versions/D0/category_breakdowns/text_block/page/Edit_dist/subset: table_hard,0.0018480218862584664
AGGREGATE.json,/versions/D0/category_breakdowns/text_block/page/Edit_dist/subset: v1.5,0.024468449358833386
AGGREGATE.json,/versions/D0/category_breakdowns/text_block/page/Edit_dist/text_L-shaped_wrap,0.07429043361431584
AGGREGATE.json,/versions/D0/category_breakdowns/text_block/page/Edit_dist/text_O-shaped_wrap,0.08762886597938144
AGGREGATE.json,/versions/D0/category_breakdowns/text_block/page/Edit_dist/text_embedded_in_image,0.05345911949685535
AGGREGATE.json,/versions/D0/category_breakdowns/text_block/page/Edit_dist/transparent_pages,0.022997663489361116
AGGREGATE.json,/versions/D0/category_breakdowns/text_block/page/Edit_dist/watermark,0.03401362281236567
AGGREGATE.json,/versions/D0/category_breakdowns/text_block/page/Edit_dist/with_watermark,0.015641224246314058
AGGREGATE.json,/versions/D0/category_breakdowns/display_formula/all/Edit_dist/ALL_page_avg,0.04900545083353571
AGGREGATE.json,/versions/D0/category_breakdowns/display_formula/all/Edit_dist/edit_whole,0.05077516338403937
AGGREGATE.json,/versions/D0/category_breakdowns/display_formula/all/Edit_dist/edit_sample_avg,0.0473347808601032
AGGREGATE.json,/versions/D0/category_breakdowns/display_formula/all/CDM/all,0.9788745748299318
AGGREGATE.json,/versions/D0/category_breakdowns/display_formula/group/sample_count,{}
AGGREGATE.json,/versions/D0/category_breakdowns/display_formula/page/CDM/ALL,0.9860259144405122
AGGREGATE.json,/versions/D0/category_breakdowns/display_formula/page/CDM/None,0.9916039310538125
AGGREGATE.json,/versions/D0/category_breakdowns/display_formula/page/CDM/colorful_backgroud,0.9925232142857143
AGGREGATE.json,/versions/D0/category_breakdowns/display_formula/page/CDM/data_source: PPT2PDF,0.992435892857143
AGGREGATE.json,/versions/D0/category_breakdowns/display_formula/page/CDM/data_source: academic_literature,0.9964677727831613
AGGREGATE.json,/versions/D0/category_breakdowns/display_formula/page/CDM/data_source: book,0.9796087039803855
AGGREGATE.json,/versions/D0/category_breakdowns/display_formula/page/CDM/data_source: colorful_textbook,0.9792171875
AGGREGATE.json,/versions/D0/category_breakdowns/display_formula/page/CDM/data_source: exam_paper,0.987648318977372
AGGREGATE.json,/versions/D0/category_breakdowns/display_formula/page/CDM/data_source: note,0.9626765873015873
AGGREGATE.json,/versions/D0/category_breakdowns/display_formula/page/CDM/fuzzy_content,0.9941249999999999
AGGREGATE.json,/versions/D0/category_breakdowns/display_formula/page/CDM/fuzzy_scan,0.8660333333333334
AGGREGATE.json,/versions/D0/category_breakdowns/display_formula/page/CDM/geometric_deformation,0.9916313131313131
AGGREGATE.json,/versions/D0/category_breakdowns/display_formula/page/CDM/handwriting,0.9878333333333333
AGGREGATE.json,/versions/D0/category_breakdowns/display_formula/page/CDM/language: en_ch_mixed,1.0
AGGREGATE.json,/versions/D0/category_breakdowns/display_formula/page/CDM/language: english,0.99268197888554
AGGREGATE.json,/versions/D0/category_breakdowns/display_formula/page/CDM/language: simplified_chinese,0.9691913475101677
AGGREGATE.json,/versions/D0/category_breakdowns/display_formula/page/CDM/layout: 1andmore_column,0.9971871527777778
AGGREGATE.json,/versions/D0/category_breakdowns/display_formula/page/CDM/layout: double_column,0.9809676980048864
AGGREGATE.json,/versions/D0/category_breakdowns/display_formula/page/CDM/layout: other_layout,0.9788381834215167
AGGREGATE.json,/versions/D0/category_breakdowns/display_formula/page/CDM/layout: single_column,0.9883109978919565
AGGREGATE.json,/versions/D0/category_breakdowns/display_formula/page/CDM/layout: three_column,0.8331873015873015
AGGREGATE.json,/versions/D0/category_breakdowns/display_formula/page/CDM/subset: equation_hard,0.9881506172584389
AGGREGATE.json,/versions/D0/category_breakdowns/display_formula/page/CDM/subset: layout_hard,0.9949175824175824
AGGREGATE.json,/versions/D0/category_breakdowns/display_formula/page/CDM/subset: table_hard,1.0
AGGREGATE.json,/versions/D0/category_breakdowns/display_formula/page/CDM/subset: v1.5,0.9843984370914678
AGGREGATE.json,/versions/D0/category_breakdowns/display_formula/page/CDM/text_L-shaped_wrap,0.9962142857142857
AGGREGATE.json,/versions/D0/category_breakdowns/display_formula/page/CDM/text_O-shaped_wrap,1.0
AGGREGATE.json,/versions/D0/category_breakdowns/display_formula/page/CDM/watermark,0.8795141666666666
AGGREGATE.json,/versions/D0/category_breakdowns/display_formula/page/CDM/with_watermark,0.9988250000000001
AGGREGATE.json,/versions/D0/category_breakdowns/display_formula/page/Edit_dist/ALL,0.049005450833535705
AGGREGATE.json,/versions/D0/category_breakdowns/display_formula/page/Edit_dist/None,0.04206490876973234
AGGREGATE.json,/versions/D0/category_breakdowns/display_formula/page/Edit_dist/colorful_backgroud,0.0342816644638193
AGGREGATE.json,/versions/D0/category_breakdowns/display_formula/page/Edit_dist/data_source: PPT2PDF,0.03827698022282559
AGGREGATE.json,/versions/D0/category_breakdowns/display_formula/page/Edit_dist/data_source: academic_literature,0.041531076421179404
AGGREGATE.json,/versions/D0/category_breakdowns/display_formula/page/Edit_dist/data_source: book,0.061813340703635845
AGGREGATE.json,/versions/D0/category_breakdowns/display_formula/page/Edit_dist/data_source: colorful_textbook,0.06833881478574477
AGGREGATE.json,/versions/D0/category_breakdowns/display_formula/page/Edit_dist/data_source: exam_paper,0.03362722063025704
AGGREGATE.json,/versions/D0/category_breakdowns/display_formula/page/Edit_dist/data_source: note,0.10768766577229366
AGGREGATE.json,/versions/D0/category_breakdowns/display_formula/page/Edit_dist/fuzzy_content,0.01366120218579235
AGGREGATE.json,/versions/D0/category_breakdowns/display_formula/page/Edit_dist/fuzzy_scan,0.0795875402792696
AGGREGATE.json,/versions/D0/category_breakdowns/display_formula/page/Edit_dist/geometric_deformation,0.04615809720457989
AGGREGATE.json,/versions/D0/category_breakdowns/display_formula/page/Edit_dist/handwriting,0.11666666666666667
AGGREGATE.json,/versions/D0/category_breakdowns/display_formula/page/Edit_dist/language: en_ch_mixed,0.07692307692307693
AGGREGATE.json,/versions/D0/category_breakdowns/display_formula/page/Edit_dist/language: english,0.04507436007148204
AGGREGATE.json,/versions/D0/category_breakdowns/display_formula/page/Edit_dist/language: simplified_chinese,0.058541581326214655
AGGREGATE.json,/versions/D0/category_breakdowns/display_formula/page/Edit_dist/layout: 1andmore_column,0.027968072172429245
AGGREGATE.json,/versions/D0/category_breakdowns/display_formula/page/Edit_dist/layout: double_column,0.04705412590943899
AGGREGATE.json,/versions/D0/category_breakdowns/display_formula/page/Edit_dist/layout: other_layout,0.059107719247404704
AGGREGATE.json,/versions/D0/category_breakdowns/display_formula/page/Edit_dist/layout: single_column,0.050186353296870816
AGGREGATE.json,/versions/D0/category_breakdowns/display_formula/page/Edit_dist/layout: three_column,0.19282988337302315
AGGREGATE.json,/versions/D0/category_breakdowns/display_formula/page/Edit_dist/subset: equation_hard,0.05768741313940579
AGGREGATE.json,/versions/D0/category_breakdowns/display_formula/page/Edit_dist/subset: layout_hard,0.0590685969180141
AGGREGATE.json,/versions/D0/category_breakdowns/display_formula/page/Edit_dist/subset: table_hard,0.0
AGGREGATE.json,/versions/D0/category_breakdowns/display_formula/page/Edit_dist/subset: v1.5,0.04503024036365491
AGGREGATE.json,/versions/D0/category_breakdowns/display_formula/page/Edit_dist/text_L-shaped_wrap,0.03572167080231596
AGGREGATE.json,/versions/D0/category_breakdowns/display_formula/page/Edit_dist/text_O-shaped_wrap,0.0
AGGREGATE.json,/versions/D0/category_breakdowns/display_formula/page/Edit_dist/watermark,0.08283327657401185
AGGREGATE.json,/versions/D0/category_breakdowns/display_formula/page/Edit_dist/with_watermark,0.008580193653532738
AGGREGATE.json,/versions/D0/category_breakdowns/table/all/TEDS/all,0.9667806615839174
AGGREGATE.json,/versions/D0/category_breakdowns/table/all/TEDS_structure_only/all,0.9803342832049865
AGGREGATE.json,/versions/D0/category_breakdowns/table/all/Edit_dist/ALL_page_avg,0.035843263333296106
AGGREGATE.json,/versions/D0/category_breakdowns/table/all/Edit_dist/edit_whole,0.06379263257295216
AGGREGATE.json,/versions/D0/category_breakdowns/table/all/Edit_dist/edit_sample_avg,0.033450157022781465
AGGREGATE.json,/versions/D0/category_breakdowns/table/group/sample_count,{}
AGGREGATE.json,/versions/D0/category_breakdowns/table/page/Edit_dist/ALL,0.035843263333296106
AGGREGATE.json,/versions/D0/category_breakdowns/table/page/Edit_dist/None,0.21468968532640914
AGGREGATE.json,/versions/D0/category_breakdowns/table/page/Edit_dist/colorful_backgroud,0.024269622552421405
AGGREGATE.json,/versions/D0/category_breakdowns/table/page/Edit_dist/data_source: PPT2PDF,0.06479311466461715
AGGREGATE.json,/versions/D0/category_breakdowns/table/page/Edit_dist/data_source: academic_literature,0.04974210830010415
AGGREGATE.json,/versions/D0/category_breakdowns/table/page/Edit_dist/data_source: book,0.023313435907195944
AGGREGATE.json,/versions/D0/category_breakdowns/table/page/Edit_dist/data_source: colorful_textbook,0.046188797736898914
AGGREGATE.json,/versions/D0/category_breakdowns/table/page/Edit_dist/data_source: exam_paper,0.0089605594634346
AGGREGATE.json,/versions/D0/category_breakdowns/table/page/Edit_dist/data_source: magazine,0.03407068145125848
AGGREGATE.json,/versions/D0/category_breakdowns/table/page/Edit_dist/data_source: newspaper,0.07942732318199425
AGGREGATE.json,/versions/D0/category_breakdowns/table/page/Edit_dist/data_source: note,0.06667444148832989
AGGREGATE.json,/versions/D0/category_breakdowns/table/page/Edit_dist/data_source: research_report,0.024366838687839655
AGGREGATE.json,/versions/D0/category_breakdowns/table/page/Edit_dist/fuzzy_scan,0.0
AGGREGATE.json,/versions/D0/category_breakdowns/table/page/Edit_dist/geometric_deformation,0.06914468425259793
AGGREGATE.json,/versions/D0/category_breakdowns/table/page/Edit_dist/language: en_ch_mixed,0.03956554663446431
AGGREGATE.json,/versions/D0/category_breakdowns/table/page/Edit_dist/language: english,0.05112187762068819
AGGREGATE.json,/versions/D0/category_breakdowns/table/page/Edit_dist/language: simplified_chinese,0.027527508286963393
AGGREGATE.json,/versions/D0/category_breakdowns/table/page/Edit_dist/language: traditional_chinese,0.031421011448079975
AGGREGATE.json,/versions/D0/category_breakdowns/table/page/Edit_dist/layout: 1andmore_column,0.015923854815230207
AGGREGATE.json,/versions/D0/category_breakdowns/table/page/Edit_dist/layout: double_column,0.018801005083450888
AGGREGATE.json,/versions/D0/category_breakdowns/table/page/Edit_dist/layout: other_layout,0.061604610402712846
AGGREGATE.json,/versions/D0/category_breakdowns/table/page/Edit_dist/layout: single_column,0.03660128627307503
AGGREGATE.json,/versions/D0/category_breakdowns/table/page/Edit_dist/layout: three_column,0.0036458333333333334
AGGREGATE.json,/versions/D0/category_breakdowns/table/page/Edit_dist/subset: equation_hard,0.10526190286940625
AGGREGATE.json,/versions/D0/category_breakdowns/table/page/Edit_dist/subset: layout_hard,0.04434428978837099
AGGREGATE.json,/versions/D0/category_breakdowns/table/page/Edit_dist/subset: table_hard,0.07022932595410289
AGGREGATE.json,/versions/D0/category_breakdowns/table/page/Edit_dist/subset: v1.5,0.025751258874803014
AGGREGATE.json,/versions/D0/category_breakdowns/table/page/Edit_dist/watermark,0.017247320454784738
AGGREGATE.json,/versions/D0/category_breakdowns/table/page/Edit_dist/with_watermark,0.025483993202205145
AGGREGATE.json,/versions/D0/category_breakdowns/table/page/TEDS/ALL,0.9683186499386146
AGGREGATE.json,/versions/D0/category_breakdowns/table/page/TEDS/None,0.7809150122324431
AGGREGATE.json,/versions/D0/category_breakdowns/table/page/TEDS/colorful_backgroud,0.9825931271219146
AGGREGATE.json,/versions/D0/category_breakdowns/table/page/TEDS/data_source: PPT2PDF,0.980864955338265
AGGREGATE.json,/versions/D0/category_breakdowns/table/page/TEDS/data_source: academic_literature,0.9525516033645057
AGGREGATE.json,/versions/D0/category_breakdowns/table/page/TEDS/data_source: book,0.9714457657362878
AGGREGATE.json,/versions/D0/category_breakdowns/table/page/TEDS/data_source: colorful_textbook,0.9803992670377912
AGGREGATE.json,/versions/D0/category_breakdowns/table/page/TEDS/data_source: exam_paper,0.9913456702290723
AGGREGATE.json,/versions/D0/category_breakdowns/table/page/TEDS/data_source: magazine,0.9738776559954877
AGGREGATE.json,/versions/D0/category_breakdowns/table/page/TEDS/data_source: newspaper,0.9086765624290792
AGGREGATE.json,/versions/D0/category_breakdowns/table/page/TEDS/data_source: note,0.9102165193475674
AGGREGATE.json,/versions/D0/category_breakdowns/table/page/TEDS/data_source: research_report,0.9827666698302412
AGGREGATE.json,/versions/D0/category_breakdowns/table/page/TEDS/fuzzy_scan,1.0
AGGREGATE.json,/versions/D0/category_breakdowns/table/page/TEDS/geometric_deformation,0.9950207223626515
AGGREGATE.json,/versions/D0/category_breakdowns/table/page/TEDS/language: en_ch_mixed,0.9774163555888334
AGGREGATE.json,/versions/D0/category_breakdowns/table/page/TEDS/language: english,0.9523038540014392
AGGREGATE.json,/versions/D0/category_breakdowns/table/page/TEDS/language: simplified_chinese,0.9765489141567958
AGGREGATE.json,/versions/D0/category_breakdowns/table/page/TEDS/language: traditional_chinese,0.9439788218250141
AGGREGATE.json,/versions/D0/category_breakdowns/table/page/TEDS/layout: 1andmore_column,0.9850729363106123
AGGREGATE.json,/versions/D0/category_breakdowns/table/page/TEDS/layout: double_column,0.981463063978602
AGGREGATE.json,/versions/D0/category_breakdowns/table/page/TEDS/layout: other_layout,0.9452345269847038
AGGREGATE.json,/versions/D0/category_breakdowns/table/page/TEDS/layout: single_column,0.9681245866119874
AGGREGATE.json,/versions/D0/category_breakdowns/table/page/TEDS/layout: three_column,0.9959770114942529
AGGREGATE.json,/versions/D0/category_breakdowns/table/page/TEDS/subset: equation_hard,0.9252696988496875
AGGREGATE.json,/versions/D0/category_breakdowns/table/page/TEDS/subset: layout_hard,0.9372803162693908
AGGREGATE.json,/versions/D0/category_breakdowns/table/page/TEDS/subset: table_hard,0.9453480738255398
AGGREGATE.json,/versions/D0/category_breakdowns/table/page/TEDS/subset: v1.5,0.9756193634841985
AGGREGATE.json,/versions/D0/category_breakdowns/table/page/TEDS/watermark,0.9959324618679833
AGGREGATE.json,/versions/D0/category_breakdowns/table/page/TEDS/with_watermark,0.9803993452727635
AGGREGATE.json,/versions/D0/category_breakdowns/table/page/TEDS_structure_only/ALL,0.9816733092812712
AGGREGATE.json,/versions/D0/category_breakdowns/table/page/TEDS_structure_only/None,0.7851809231556067
AGGREGATE.json,/versions/D0/category_breakdowns/table/page/TEDS_structure_only/colorful_backgroud,0.9960345643939394
AGGREGATE.json,/versions/D0/category_breakdowns/table/page/TEDS_structure_only/data_source: PPT2PDF,1.0
AGGREGATE.json,/versions/D0/category_breakdowns/table/page/TEDS_structure_only/data_source: academic_literature,0.9744656921624373
AGGREGATE.json,/versions/D0/category_breakdowns/table/page/TEDS_structure_only/data_source: book,0.9861466779278509
AGGREGATE.json,/versions/D0/category_breakdowns/table/page/TEDS_structure_only/data_source: colorful_textbook,0.9921134421134421
AGGREGATE.json,/versions/D0/category_breakdowns/table/page/TEDS_structure_only/data_source: exam_paper,1.0
AGGREGATE.json,/versions/D0/category_breakdowns/table/page/TEDS_structure_only/data_source: magazine,0.9843342151675485
AGGREGATE.json,/versions/D0/category_breakdowns/table/page/TEDS_structure_only/data_source: newspaper,0.9179542340250005
AGGREGATE.json,/versions/D0/category_breakdowns/table/page/TEDS_structure_only/data_source: note,0.9266064506009949
AGGREGATE.json,/versions/D0/category_breakdowns/table/page/TEDS_structure_only/data_source: research_report,0.9903418414358778
AGGREGATE.json,/versions/D0/category_breakdowns/table/page/TEDS_structure_only/fuzzy_scan,1.0
AGGREGATE.json,/versions/D0/category_breakdowns/table/page/TEDS_structure_only/geometric_deformation,1.0
AGGREGATE.json,/versions/D0/category_breakdowns/table/page/TEDS_structure_only/language: en_ch_mixed,0.9925349137498747
AGGREGATE.json,/versions/D0/category_breakdowns/table/page/TEDS_structure_only/language: english,0.9712751877193446
AGGREGATE.json,/versions/D0/category_breakdowns/table/page/TEDS_structure_only/language: simplified_chinese,0.9866221288004255
AGGREGATE.json,/versions/D0/category_breakdowns/table/page/TEDS_structure_only/language: traditional_chinese,0.9631519274376418
AGGREGATE.json,/versions/D0/category_breakdowns/table/page/TEDS_structure_only/layout: 1andmore_column,0.9918066474670437
AGGREGATE.json,/versions/D0/category_breakdowns/table/page/TEDS_structure_only/layout: double_column,0.9957457434024689
AGGREGATE.json,/versions/D0/category_breakdowns/table/page/TEDS_structure_only/layout: other_layout,0.9674879230174271
AGGREGATE.json,/versions/D0/category_breakdowns/table/page/TEDS_structure_only/layout: single_column,0.9807955827345267
AGGREGATE.json,/versions/D0/category_breakdowns/table/page/TEDS_structure_only/layout: three_column,1.0
AGGREGATE.json,/versions/D0/category_breakdowns/table/page/TEDS_structure_only/subset: equation_hard,1.0
AGGREGATE.json,/versions/D0/category_breakdowns/table/page/TEDS_structure_only/subset: layout_hard,0.9928886217948718
AGGREGATE.json,/versions/D0/category_breakdowns/table/page/TEDS_structure_only/subset: table_hard,0.9679896338581215
AGGREGATE.json,/versions/D0/category_breakdowns/table/page/TEDS_structure_only/subset: v1.5,0.9850947925704429
AGGREGATE.json,/versions/D0/category_breakdowns/table/page/TEDS_structure_only/watermark,1.0
AGGREGATE.json,/versions/D0/category_breakdowns/table/page/TEDS_structure_only/with_watermark,1.0
AGGREGATE.json,/versions/D0/category_breakdowns/reading_order/all/Edit_dist/ALL_page_avg,0.11829726809302299
AGGREGATE.json,/versions/D0/category_breakdowns/reading_order/all/Edit_dist/edit_whole,0.10076812914985028
AGGREGATE.json,/versions/D0/category_breakdowns/reading_order/all/Edit_dist/edit_sample_avg,0.11829726809302299
AGGREGATE.json,/versions/D0/category_breakdowns/reading_order/group/sample_count,{}
AGGREGATE.json,/versions/D0/category_breakdowns/reading_order/page/Edit_dist/ALL,0.118297268093023
AGGREGATE.json,/versions/D0/category_breakdowns/reading_order/page/Edit_dist/None,0.03836449609510772
AGGREGATE.json,/versions/D0/category_breakdowns/reading_order/page/Edit_dist/colorful_backgroud,0.08008143274653078
AGGREGATE.json,/versions/D0/category_breakdowns/reading_order/page/Edit_dist/data_source: PPT2PDF,0.07441220118522911
AGGREGATE.json,/versions/D0/category_breakdowns/reading_order/page/Edit_dist/data_source: academic_literature,0.16181664674537932
AGGREGATE.json,/versions/D0/category_breakdowns/reading_order/page/Edit_dist/data_source: book,0.13648204780406775
AGGREGATE.json,/versions/D0/category_breakdowns/reading_order/page/Edit_dist/data_source: colorful_textbook,0.07774320296563038
AGGREGATE.json,/versions/D0/category_breakdowns/reading_order/page/Edit_dist/data_source: exam_paper,0.08156647129742306
AGGREGATE.json,/versions/D0/category_breakdowns/reading_order/page/Edit_dist/data_source: historical_document,0.18263027295285358
AGGREGATE.json,/versions/D0/category_breakdowns/reading_order/page/Edit_dist/data_source: magazine,0.057282696005819735
AGGREGATE.json,/versions/D0/category_breakdowns/reading_order/page/Edit_dist/data_source: newspaper,0.1017601160776632
AGGREGATE.json,/versions/D0/category_breakdowns/reading_order/page/Edit_dist/data_source: note,0.08342055298799535
AGGREGATE.json,/versions/D0/category_breakdowns/reading_order/page/Edit_dist/data_source: research_report,0.31032298518032403
AGGREGATE.json,/versions/D0/category_breakdowns/reading_order/page/Edit_dist/fuzzy_content,0.0
AGGREGATE.json,/versions/D0/category_breakdowns/reading_order/page/Edit_dist/fuzzy_scan,0.08006251001607038
AGGREGATE.json,/versions/D0/category_breakdowns/reading_order/page/Edit_dist/geometric_deformation,0.1265424811693649
AGGREGATE.json,/versions/D0/category_breakdowns/reading_order/page/Edit_dist/handwriting,0.34791666666666665
AGGREGATE.json,/versions/D0/category_breakdowns/reading_order/page/Edit_dist/language: en_ch_mixed,0.09889386702616208
AGGREGATE.json,/versions/D0/category_breakdowns/reading_order/page/Edit_dist/language: english,0.08849690877518719
AGGREGATE.json,/versions/D0/category_breakdowns/reading_order/page/Edit_dist/language: other,0.0
AGGREGATE.json,/versions/D0/category_breakdowns/reading_order/page/Edit_dist/language: simplified_chinese,0.14935618965129072
AGGREGATE.json,/versions/D0/category_breakdowns/reading_order/page/Edit_dist/language: traditional_chinese,0.22030149337841645
AGGREGATE.json,/versions/D0/category_breakdowns/reading_order/page/Edit_dist/layout: 1andmore_column,0.09290587281479584
AGGREGATE.json,/versions/D0/category_breakdowns/reading_order/page/Edit_dist/layout: double_column,0.06113803596074133
AGGREGATE.json,/versions/D0/category_breakdowns/reading_order/page/Edit_dist/layout: other_layout,0.09726639571526147
AGGREGATE.json,/versions/D0/category_breakdowns/reading_order/page/Edit_dist/layout: single_column,0.14518610235262455
AGGREGATE.json,/versions/D0/category_breakdowns/reading_order/page/Edit_dist/layout: three_column,0.08750318688792848
AGGREGATE.json,/versions/D0/category_breakdowns/reading_order/page/Edit_dist/subset: equation_hard,0.024080580354309936
AGGREGATE.json,/versions/D0/category_breakdowns/reading_order/page/Edit_dist/subset: layout_hard,0.09161125236838168
AGGREGATE.json,/versions/D0/category_breakdowns/reading_order/page/Edit_dist/subset: table_hard,0.3900758667417174
AGGREGATE.json,/versions/D0/category_breakdowns/reading_order/page/Edit_dist/subset: v1.5,0.10805037697277034
AGGREGATE.json,/versions/D0/category_breakdowns/reading_order/page/Edit_dist/text_L-shaped_wrap,0.0
AGGREGATE.json,/versions/D0/category_breakdowns/reading_order/page/Edit_dist/text_O-shaped_wrap,0.2222222222222222
AGGREGATE.json,/versions/D0/category_breakdowns/reading_order/page/Edit_dist/text_embedded_in_image,0.6212121212121212
AGGREGATE.json,/versions/D0/category_breakdowns/reading_order/page/Edit_dist/transparent_pages,0.0
AGGREGATE.json,/versions/D0/category_breakdowns/reading_order/page/Edit_dist/watermark,0.1389893916710679
AGGREGATE.json,/versions/D0/category_breakdowns/reading_order/page/Edit_dist/with_watermark,0.09961027584154515
AGGREGATE.json,/versions/D0/denominator_note,"""All 1651 prediction pages retained; component metrics use the pinned evaluator's applicable matched samples/pages."""
AGGREGATE.json,/versions/D0/raw_result_sha256,"""34ff16f25017b2c8ef6e5dd6a0cce1350ee9d7bb91f711440652fdd5b40aa6aa"""
AGGREGATE.json,/versions/D0/input_failures,0
AGGREGATE.json,/versions/D0/empty_predictions,0
AGGREGATE.json,/versions/D0/official_diagnostics/matching/workers,8
AGGREGATE.json,/versions/D0/official_diagnostics/matching/page_count,1651
AGGREGATE.json,/versions/D0/official_diagnostics/matching/quick_match_truncated_timeout_sec,300
AGGREGATE.json,/versions/D0/official_diagnostics/matching/match_timeout_sec,420
AGGREGATE.json,/versions/D0/official_diagnostics/matching/text_match_fallback_counts/quick_match_timeout,0
AGGREGATE.json,/versions/D0/official_diagnostics/matching/text_match_fallback_counts/page_timeout,0
AGGREGATE.json,/versions/D0/official_diagnostics/component_scoring/text_block,{}
AGGREGATE.json,/versions/D0/official_diagnostics/component_scoring/display_formula/CDM/stage,"""CDM"""
AGGREGATE.json,/versions/D0/official_diagnostics/component_scoring/display_formula/CDM/workers,8
AGGREGATE.json,/versions/D0/official_diagnostics/component_scoring/display_formula/CDM/sample_count,2352
AGGREGATE.json,/versions/D0/official_diagnostics/component_scoring/display_formula/CDM/timeout_case_count,0
AGGREGATE.json,/versions/D0/official_diagnostics/component_scoring/display_formula/CDM/exception_case_count,0
AGGREGATE.json,/versions/D0/official_diagnostics/component_scoring/table/TEDS/stage,"""TEDS"""
AGGREGATE.json,/versions/D0/official_diagnostics/component_scoring/table/TEDS/workers,8
AGGREGATE.json,/versions/D0/official_diagnostics/component_scoring/table/TEDS/timeout_sec,120.0
AGGREGATE.json,/versions/D0/official_diagnostics/component_scoring/table/TEDS/sample_count,665
AGGREGATE.json,/versions/D0/official_diagnostics/component_scoring/table/TEDS/timeout_case_count,0
AGGREGATE.json,/versions/D0/official_diagnostics/component_scoring/table/TEDS/error_case_count,0
AGGREGATE.json,/versions/D0/official_diagnostics/component_scoring/reading_order,{}
AGGREGATE.json,/versions/D0/official_diagnostics/private_case_lists,"""Exact case identifiers remain in private raw products; counts retained here"""
AGGREGATE.json,/versions/D0/official_diagnostics/raw_products_available,true
AGGREGATE.json,/versions/D0/delta_from_D0/overall,0.0
AGGREGATE.json,/versions/D0/delta_from_D0/text_edit,0.0
AGGREGATE.json,/versions/D0/delta_from_D0/formula_cdm,0.0
AGGREGATE.json,/versions/D0/delta_from_D0/formula_edit,0.0
AGGREGATE.json,/versions/D0/delta_from_D0/table_teds,0.0
AGGREGATE.json,/versions/D0/delta_from_D0/table_teds_structure,0.0
AGGREGATE.json,/versions/D0/delta_from_D0/table_edit,0.0
AGGREGATE.json,/versions/D0/delta_from_D0/reading_order_edit,0.0
AGGREGATE.json,/versions/GBDT_V6.1.1/values/text_edit,0.027098342677106747
AGGREGATE.json,/versions/GBDT_V6.1.1/values/formula_cdm,0.9860259144405122
AGGREGATE.json,/versions/GBDT_V6.1.1/values/formula_edit,0.04900545083353571
AGGREGATE.json,/versions/GBDT_V6.1.1/values/table_teds,0.9653405530919088
AGGREGATE.json,/versions/GBDT_V6.1.1/values/table_teds_structure,0.9777240608643601
AGGREGATE.json,/versions/GBDT_V6.1.1/values/table_edit,0.0386830737450321
AGGREGATE.json,/versions/GBDT_V6.1.1/values/reading_order_edit,0.11829726809302299
AGGREGATE.json,/versions/GBDT_V6.1.1/values/overall,97.4756041618438
AGGREGATE.json,/versions/GBDT_V6.1.1/missing_reasons,{}
AGGREGATE.json,/versions/GBDT_V6.1.1/page_denominator,1651
AGGREGATE.json,/versions/GBDT_V6.1.1/units/text_edit,"""0-1"""
AGGREGATE.json,/versions/GBDT_V6.1.1/units/formula_cdm,"""0-1"""
AGGREGATE.json,/versions/GBDT_V6.1.1/units/formula_edit,"""0-1"""
AGGREGATE.json,/versions/GBDT_V6.1.1/units/table_teds,"""0-1"""
AGGREGATE.json,/versions/GBDT_V6.1.1/units/table_teds_structure,"""0-1"""
AGGREGATE.json,/versions/GBDT_V6.1.1/units/table_edit,"""0-1"""
AGGREGATE.json,/versions/GBDT_V6.1.1/units/reading_order_edit,"""0-1"""
AGGREGATE.json,/versions/GBDT_V6.1.1/units/overall,"""0-100"""
AGGREGATE.json,/versions/GBDT_V6.1.1/direction/text_edit,"""lower"""
AGGREGATE.json,/versions/GBDT_V6.1.1/direction/formula_cdm,"""higher"""
AGGREGATE.json,/versions/GBDT_V6.1.1/direction/formula_edit,"""lower"""
AGGREGATE.json,/versions/GBDT_V6.1.1/direction/table_teds,"""higher"""
AGGREGATE.json,/versions/GBDT_V6.1.1/direction/table_teds_structure,"""higher"""
AGGREGATE.json,/versions/GBDT_V6.1.1/direction/table_edit,"""lower"""
AGGREGATE.json,/versions/GBDT_V6.1.1/direction/reading_order_edit,"""lower"""
AGGREGATE.json,/versions/GBDT_V6.1.1/direction/overall,"""higher"""
AGGREGATE.json,/versions/GBDT_V6.1.1/category_breakdowns/text_block/all/Edit_dist/ALL_page_avg,0.027098342677106747
AGGREGATE.json,/versions/GBDT_V6.1.1/category_breakdowns/text_block/all/Edit_dist/edit_whole,0.035465318587456204
AGGREGATE.json,/versions/GBDT_V6.1.1/category_breakdowns/text_block/all/Edit_dist/edit_sample_avg,0.027076368071763446
AGGREGATE.json,/versions/GBDT_V6.1.1/category_breakdowns/text_block/group/sample_count,{}
AGGREGATE.json,/versions/GBDT_V6.1.1/category_breakdowns/text_block/page/Edit_dist/ALL,0.027098342677106747
AGGREGATE.json,/versions/GBDT_V6.1.1/category_breakdowns/text_block/page/Edit_dist/None,0.019814950056479496
AGGREGATE.json,/versions/GBDT_V6.1.1/category_breakdowns/text_block/page/Edit_dist/colorful_backgroud,0.02433655081163482
AGGREGATE.json,/versions/GBDT_V6.1.1/category_breakdowns/text_block/page/Edit_dist/data_source: PPT2PDF,0.019240749779481207
AGGREGATE.json,/versions/GBDT_V6.1.1/category_breakdowns/text_block/page/Edit_dist/data_source: academic_literature,0.02551141611380763
AGGREGATE.json,/versions/GBDT_V6.1.1/category_breakdowns/text_block/page/Edit_dist/data_source: book,0.023457159611230672
AGGREGATE.json,/versions/GBDT_V6.1.1/category_breakdowns/text_block/page/Edit_dist/data_source: colorful_textbook,0.03536999423654788
AGGREGATE.json,/versions/GBDT_V6.1.1/category_breakdowns/text_block/page/Edit_dist/data_source: exam_paper,0.0406305137407871
AGGREGATE.json,/versions/GBDT_V6.1.1/category_breakdowns/text_block/page/Edit_dist/data_source: historical_document,0.177756402797043
AGGREGATE.json,/versions/GBDT_V6.1.1/category_breakdowns/text_block/page/Edit_dist/data_source: magazine,0.01384354304025317
AGGREGATE.json,/versions/GBDT_V6.1.1/category_breakdowns/text_block/page/Edit_dist/data_source: newspaper,0.04135964945917441
AGGREGATE.json,/versions/GBDT_V6.1.1/category_breakdowns/text_block/page/Edit_dist/data_source: note,0.03062194704285456
AGGREGATE.json,/versions/GBDT_V6.1.1/category_breakdowns/text_block/page/Edit_dist/data_source: research_report,0.007140742389046126
AGGREGATE.json,/versions/GBDT_V6.1.1/category_breakdowns/text_block/page/Edit_dist/fuzzy_content,0.015926465234801603
AGGREGATE.json,/versions/GBDT_V6.1.1/category_breakdowns/text_block/page/Edit_dist/fuzzy_scan,0.03703741985593637
AGGREGATE.json,/versions/GBDT_V6.1.1/category_breakdowns/text_block/page/Edit_dist/geometric_deformation,0.03496644589690337
AGGREGATE.json,/versions/GBDT_V6.1.1/category_breakdowns/text_block/page/Edit_dist/handwriting,0.42623473519752575
AGGREGATE.json,/versions/GBDT_V6.1.1/category_breakdowns/text_block/page/Edit_dist/language: en_ch_mixed,0.02060268336744034
AGGREGATE.json,/versions/GBDT_V6.1.1/category_breakdowns/text_block/page/Edit_dist/language: english,0.02163170648833317
AGGREGATE.json,/versions/GBDT_V6.1.1/category_breakdowns/text_block/page/Edit_dist/language: other,0.001282051282051282
AGGREGATE.json,/versions/GBDT_V6.1.1/category_breakdowns/text_block/page/Edit_dist/language: simplified_chinese,0.032874390018762495
AGGREGATE.json,/versions/GBDT_V6.1.1/category_breakdowns/text_block/page/Edit_dist/language: traditional_chinese,0.07873146809401618
AGGREGATE.json,/versions/GBDT_V6.1.1/category_breakdowns/text_block/page/Edit_dist/layout: 1andmore_column,0.019501172050325786
AGGREGATE.json,/versions/GBDT_V6.1.1/category_breakdowns/text_block/page/Edit_dist/layout: double_column,0.02029060173185988
AGGREGATE.json,/versions/GBDT_V6.1.1/category_breakdowns/text_block/page/Edit_dist/layout: other_layout,0.04225540275585867
AGGREGATE.json,/versions/GBDT_V6.1.1/category_breakdowns/text_block/page/Edit_dist/layout: single_column,0.0236816827874153
AGGREGATE.json,/versions/GBDT_V6.1.1/category_breakdowns/text_block/page/Edit_dist/layout: three_column,0.019947654392550355
AGGREGATE.json,/versions/GBDT_V6.1.1/category_breakdowns/text_block/page/Edit_dist/subset: equation_hard,0.06055125035344146
AGGREGATE.json,/versions/GBDT_V6.1.1/category_breakdowns/text_block/page/Edit_dist/subset: layout_hard,0.04535899316187916
AGGREGATE.json,/versions/GBDT_V6.1.1/category_breakdowns/text_block/page/Edit_dist/subset: table_hard,0.0018480218862584664
AGGREGATE.json,/versions/GBDT_V6.1.1/category_breakdowns/text_block/page/Edit_dist/subset: v1.5,0.024468449358833386
AGGREGATE.json,/versions/GBDT_V6.1.1/category_breakdowns/text_block/page/Edit_dist/text_L-shaped_wrap,0.07429043361431584
AGGREGATE.json,/versions/GBDT_V6.1.1/category_breakdowns/text_block/page/Edit_dist/text_O-shaped_wrap,0.08762886597938144
AGGREGATE.json,/versions/GBDT_V6.1.1/category_breakdowns/text_block/page/Edit_dist/text_embedded_in_image,0.05345911949685535
AGGREGATE.json,/versions/GBDT_V6.1.1/category_breakdowns/text_block/page/Edit_dist/transparent_pages,0.022997663489361116
AGGREGATE.json,/versions/GBDT_V6.1.1/category_breakdowns/text_block/page/Edit_dist/watermark,0.03401362281236567
AGGREGATE.json,/versions/GBDT_V6.1.1/category_breakdowns/text_block/page/Edit_dist/with_watermark,0.015641224246314058
AGGREGATE.json,/versions/GBDT_V6.1.1/category_breakdowns/display_formula/all/Edit_dist/ALL_page_avg,0.04900545083353571
AGGREGATE.json,/versions/GBDT_V6.1.1/category_breakdowns/display_formula/all/Edit_dist/edit_whole,0.05077516338403937
AGGREGATE.json,/versions/GBDT_V6.1.1/category_breakdowns/display_formula/all/Edit_dist/edit_sample_avg,0.0473347808601032
AGGREGATE.json,/versions/GBDT_V6.1.1/category_breakdowns/display_formula/all/CDM/all,0.9788745748299318
AGGREGATE.json,/versions/GBDT_V6.1.1/category_breakdowns/display_formula/group/sample_count,{}
AGGREGATE.json,/versions/GBDT_V6.1.1/category_breakdowns/display_formula/page/CDM/ALL,0.9860259144405122
AGGREGATE.json,/versions/GBDT_V6.1.1/category_breakdowns/display_formula/page/CDM/None,0.9916039310538125
AGGREGATE.json,/versions/GBDT_V6.1.1/category_breakdowns/display_formula/page/CDM/colorful_backgroud,0.9925232142857143
AGGREGATE.json,/versions/GBDT_V6.1.1/category_breakdowns/display_formula/page/CDM/data_source: PPT2PDF,0.992435892857143
AGGREGATE.json,/versions/GBDT_V6.1.1/category_breakdowns/display_formula/page/CDM/data_source: academic_literature,0.9964677727831613
AGGREGATE.json,/versions/GBDT_V6.1.1/category_breakdowns/display_formula/page/CDM/data_source: book,0.9796087039803855
AGGREGATE.json,/versions/GBDT_V6.1.1/category_breakdowns/display_formula/page/CDM/data_source: colorful_textbook,0.9792171875
AGGREGATE.json,/versions/GBDT_V6.1.1/category_breakdowns/display_formula/page/CDM/data_source: exam_paper,0.987648318977372
AGGREGATE.json,/versions/GBDT_V6.1.1/category_breakdowns/display_formula/page/CDM/data_source: note,0.9626765873015873
AGGREGATE.json,/versions/GBDT_V6.1.1/category_breakdowns/display_formula/page/CDM/fuzzy_content,0.9941249999999999
AGGREGATE.json,/versions/GBDT_V6.1.1/category_breakdowns/display_formula/page/CDM/fuzzy_scan,0.8660333333333334
AGGREGATE.json,/versions/GBDT_V6.1.1/category_breakdowns/display_formula/page/CDM/geometric_deformation,0.9916313131313131
AGGREGATE.json,/versions/GBDT_V6.1.1/category_breakdowns/display_formula/page/CDM/handwriting,0.9878333333333333
AGGREGATE.json,/versions/GBDT_V6.1.1/category_breakdowns/display_formula/page/CDM/language: en_ch_mixed,1.0
AGGREGATE.json,/versions/GBDT_V6.1.1/category_breakdowns/display_formula/page/CDM/language: english,0.99268197888554
AGGREGATE.json,/versions/GBDT_V6.1.1/category_breakdowns/display_formula/page/CDM/language: simplified_chinese,0.9691913475101677
AGGREGATE.json,/versions/GBDT_V6.1.1/category_breakdowns/display_formula/page/CDM/layout: 1andmore_column,0.9971871527777778
AGGREGATE.json,/versions/GBDT_V6.1.1/category_breakdowns/display_formula/page/CDM/layout: double_column,0.9809676980048864
AGGREGATE.json,/versions/GBDT_V6.1.1/category_breakdowns/display_formula/page/CDM/layout: other_layout,0.9788381834215167
AGGREGATE.json,/versions/GBDT_V6.1.1/category_breakdowns/display_formula/page/CDM/layout: single_column,0.9883109978919565
AGGREGATE.json,/versions/GBDT_V6.1.1/category_breakdowns/display_formula/page/CDM/layout: three_column,0.8331873015873015
AGGREGATE.json,/versions/GBDT_V6.1.1/category_breakdowns/display_formula/page/CDM/subset: equation_hard,0.9881506172584389
AGGREGATE.json,/versions/GBDT_V6.1.1/category_breakdowns/display_formula/page/CDM/subset: layout_hard,0.9949175824175824
AGGREGATE.json,/versions/GBDT_V6.1.1/category_breakdowns/display_formula/page/CDM/subset: table_hard,1.0
AGGREGATE.json,/versions/GBDT_V6.1.1/category_breakdowns/display_formula/page/CDM/subset: v1.5,0.9843984370914678
AGGREGATE.json,/versions/GBDT_V6.1.1/category_breakdowns/display_formula/page/CDM/text_L-shaped_wrap,0.9962142857142857
AGGREGATE.json,/versions/GBDT_V6.1.1/category_breakdowns/display_formula/page/CDM/text_O-shaped_wrap,1.0
AGGREGATE.json,/versions/GBDT_V6.1.1/category_breakdowns/display_formula/page/CDM/watermark,0.8795141666666666
AGGREGATE.json,/versions/GBDT_V6.1.1/category_breakdowns/display_formula/page/CDM/with_watermark,0.9988250000000001
AGGREGATE.json,/versions/GBDT_V6.1.1/category_breakdowns/display_formula/page/Edit_dist/ALL,0.049005450833535705
AGGREGATE.json,/versions/GBDT_V6.1.1/category_breakdowns/display_formula/page/Edit_dist/None,0.04206490876973234
AGGREGATE.json,/versions/GBDT_V6.1.1/category_breakdowns/display_formula/page/Edit_dist/colorful_backgroud,0.0342816644638193
AGGREGATE.json,/versions/GBDT_V6.1.1/category_breakdowns/display_formula/page/Edit_dist/data_source: PPT2PDF,0.03827698022282559
AGGREGATE.json,/versions/GBDT_V6.1.1/category_breakdowns/display_formula/page/Edit_dist/data_source: academic_literature,0.041531076421179404
AGGREGATE.json,/versions/GBDT_V6.1.1/category_breakdowns/display_formula/page/Edit_dist/data_source: book,0.061813340703635845
AGGREGATE.json,/versions/GBDT_V6.1.1/category_breakdowns/display_formula/page/Edit_dist/data_source: colorful_textbook,0.06833881478574477
AGGREGATE.json,/versions/GBDT_V6.1.1/category_breakdowns/display_formula/page/Edit_dist/data_source: exam_paper,0.03362722063025704
AGGREGATE.json,/versions/GBDT_V6.1.1/category_breakdowns/display_formula/page/Edit_dist/data_source: note,0.10768766577229366
AGGREGATE.json,/versions/GBDT_V6.1.1/category_breakdowns/display_formula/page/Edit_dist/fuzzy_content,0.01366120218579235
AGGREGATE.json,/versions/GBDT_V6.1.1/category_breakdowns/display_formula/page/Edit_dist/fuzzy_scan,0.0795875402792696
AGGREGATE.json,/versions/GBDT_V6.1.1/category_breakdowns/display_formula/page/Edit_dist/geometric_deformation,0.04615809720457989
AGGREGATE.json,/versions/GBDT_V6.1.1/category_breakdowns/display_formula/page/Edit_dist/handwriting,0.11666666666666667
AGGREGATE.json,/versions/GBDT_V6.1.1/category_breakdowns/display_formula/page/Edit_dist/language: en_ch_mixed,0.07692307692307693
AGGREGATE.json,/versions/GBDT_V6.1.1/category_breakdowns/display_formula/page/Edit_dist/language: english,0.04507436007148204
AGGREGATE.json,/versions/GBDT_V6.1.1/category_breakdowns/display_formula/page/Edit_dist/language: simplified_chinese,0.058541581326214655
AGGREGATE.json,/versions/GBDT_V6.1.1/category_breakdowns/display_formula/page/Edit_dist/layout: 1andmore_column,0.027968072172429245
AGGREGATE.json,/versions/GBDT_V6.1.1/category_breakdowns/display_formula/page/Edit_dist/layout: double_column,0.04705412590943899
AGGREGATE.json,/versions/GBDT_V6.1.1/category_breakdowns/display_formula/page/Edit_dist/layout: other_layout,0.059107719247404704
AGGREGATE.json,/versions/GBDT_V6.1.1/category_breakdowns/display_formula/page/Edit_dist/layout: single_column,0.050186353296870816
AGGREGATE.json,/versions/GBDT_V6.1.1/category_breakdowns/display_formula/page/Edit_dist/layout: three_column,0.19282988337302315
AGGREGATE.json,/versions/GBDT_V6.1.1/category_breakdowns/display_formula/page/Edit_dist/subset: equation_hard,0.05768741313940579
AGGREGATE.json,/versions/GBDT_V6.1.1/category_breakdowns/display_formula/page/Edit_dist/subset: layout_hard,0.0590685969180141
AGGREGATE.json,/versions/GBDT_V6.1.1/category_breakdowns/display_formula/page/Edit_dist/subset: table_hard,0.0
AGGREGATE.json,/versions/GBDT_V6.1.1/category_breakdowns/display_formula/page/Edit_dist/subset: v1.5,0.04503024036365491
AGGREGATE.json,/versions/GBDT_V6.1.1/category_breakdowns/display_formula/page/Edit_dist/text_L-shaped_wrap,0.03572167080231596
AGGREGATE.json,/versions/GBDT_V6.1.1/category_breakdowns/display_formula/page/Edit_dist/text_O-shaped_wrap,0.0
AGGREGATE.json,/versions/GBDT_V6.1.1/category_breakdowns/display_formula/page/Edit_dist/watermark,0.08283327657401185
AGGREGATE.json,/versions/GBDT_V6.1.1/category_breakdowns/display_formula/page/Edit_dist/with_watermark,0.008580193653532738
AGGREGATE.json,/versions/GBDT_V6.1.1/category_breakdowns/table/all/TEDS/all,0.9621060054728379
AGGREGATE.json,/versions/GBDT_V6.1.1/category_breakdowns/table/all/TEDS_structure_only/all,0.9763065951117504
AGGREGATE.json,/versions/GBDT_V6.1.1/category_breakdowns/table/all/Edit_dist/ALL_page_avg,0.0386830737450321
AGGREGATE.json,/versions/GBDT_V6.1.1/category_breakdowns/table/all/Edit_dist/edit_whole,0.054806363200220407
AGGREGATE.json,/versions/GBDT_V6.1.1/category_breakdowns/table/all/Edit_dist/edit_sample_avg,0.03645607688294273
AGGREGATE.json,/versions/GBDT_V6.1.1/category_breakdowns/table/group/sample_count,{}
AGGREGATE.json,/versions/GBDT_V6.1.1/category_breakdowns/table/page/Edit_dist/ALL,0.0386830737450321
AGGREGATE.json,/versions/GBDT_V6.1.1/category_breakdowns/table/page/Edit_dist/None,0.20990909310379052
AGGREGATE.json,/versions/GBDT_V6.1.1/category_breakdowns/table/page/Edit_dist/colorful_backgroud,0.03046873291932252
AGGREGATE.json,/versions/GBDT_V6.1.1/category_breakdowns/table/page/Edit_dist/data_source: PPT2PDF,0.06406914105686279
AGGREGATE.json,/versions/GBDT_V6.1.1/category_breakdowns/table/page/Edit_dist/data_source: academic_literature,0.05830663317407867
AGGREGATE.json,/versions/GBDT_V6.1.1/category_breakdowns/table/page/Edit_dist/data_source: book,0.0263341663032796
AGGREGATE.json,/versions/GBDT_V6.1.1/category_breakdowns/table/page/Edit_dist/data_source: colorful_textbook,0.042833279957107125
AGGREGATE.json,/versions/GBDT_V6.1.1/category_breakdowns/table/page/Edit_dist/data_source: exam_paper,0.010560444975423794
AGGREGATE.json,/versions/GBDT_V6.1.1/category_breakdowns/table/page/Edit_dist/data_source: magazine,0.04304340556931302
AGGREGATE.json,/versions/GBDT_V6.1.1/category_breakdowns/table/page/Edit_dist/data_source: newspaper,0.08046667162155176
AGGREGATE.json,/versions/GBDT_V6.1.1/category_breakdowns/table/page/Edit_dist/data_source: note,0.0693979135038134
AGGREGATE.json,/versions/GBDT_V6.1.1/category_breakdowns/table/page/Edit_dist/data_source: research_report,0.025373848690897257
AGGREGATE.json,/versions/GBDT_V6.1.1/category_breakdowns/table/page/Edit_dist/fuzzy_scan,0.0012987012987012987
AGGREGATE.json,/versions/GBDT_V6.1.1/category_breakdowns/table/page/Edit_dist/geometric_deformation,0.06914468425259793
AGGREGATE.json,/versions/GBDT_V6.1.1/category_breakdowns/table/page/Edit_dist/language: en_ch_mixed,0.04027336270470763
AGGREGATE.json,/versions/GBDT_V6.1.1/category_breakdowns/table/page/Edit_dist/language: english,0.058487896949375624
AGGREGATE.json,/versions/GBDT_V6.1.1/category_breakdowns/table/page/Edit_dist/language: simplified_chinese,0.027909959643211097
AGGREGATE.json,/versions/GBDT_V6.1.1/category_breakdowns/table/page/Edit_dist/language: traditional_chinese,0.04472153036162835
AGGREGATE.json,/versions/GBDT_V6.1.1/category_breakdowns/table/page/Edit_dist/layout: 1andmore_column,0.012926489187587353
AGGREGATE.json,/versions/GBDT_V6.1.1/category_breakdowns/table/page/Edit_dist/layout: double_column,0.02944520082407393
AGGREGATE.json,/versions/GBDT_V6.1.1/category_breakdowns/table/page/Edit_dist/layout: other_layout,0.06066934054082928
AGGREGATE.json,/versions/GBDT_V6.1.1/category_breakdowns/table/page/Edit_dist/layout: single_column,0.0402957908585681
AGGREGATE.json,/versions/GBDT_V6.1.1/category_breakdowns/table/page/Edit_dist/layout: three_column,0.0036458333333333334
AGGREGATE.json,/versions/GBDT_V6.1.1/category_breakdowns/table/page/Edit_dist/subset: equation_hard,0.10193236714975845
AGGREGATE.json,/versions/GBDT_V6.1.1/category_breakdowns/table/page/Edit_dist/subset: layout_hard,0.044589381772494045
AGGREGATE.json,/versions/GBDT_V6.1.1/category_breakdowns/table/page/Edit_dist/subset: table_hard,0.07522818989804861
AGGREGATE.json,/versions/GBDT_V6.1.1/category_breakdowns/table/page/Edit_dist/subset: v1.5,0.028088699620041353
AGGREGATE.json,/versions/GBDT_V6.1.1/category_breakdowns/table/page/Edit_dist/watermark,0.017387018807008135
AGGREGATE.json,/versions/GBDT_V6.1.1/category_breakdowns/table/page/Edit_dist/with_watermark,0.025828602891633284
AGGREGATE.json,/versions/GBDT_V6.1.1/category_breakdowns/table/page/TEDS/ALL,0.9653405530919088
AGGREGATE.json,/versions/GBDT_V6.1.1/category_breakdowns/table/page/TEDS/None,0.7946164509885543
AGGREGATE.json,/versions/GBDT_V6.1.1/category_breakdowns/table/page/TEDS/colorful_backgroud,0.9674543513218762
AGGREGATE.json,/versions/GBDT_V6.1.1/category_breakdowns/table/page/TEDS/data_source: PPT2PDF,0.9817507218222378
AGGREGATE.json,/versions/GBDT_V6.1.1/category_breakdowns/table/page/TEDS/data_source: academic_literature,0.9454543232293119
AGGREGATE.json,/versions/GBDT_V6.1.1/category_breakdowns/table/page/TEDS/data_source: book,0.9708391316660361
AGGREGATE.json,/versions/GBDT_V6.1.1/category_breakdowns/table/page/TEDS/data_source: colorful_textbook,0.9788467798146142
AGGREGATE.json,/versions/GBDT_V6.1.1/category_breakdowns/table/page/TEDS/data_source: exam_paper,0.989661382026614
AGGREGATE.json,/versions/GBDT_V6.1.1/category_breakdowns/table/page/TEDS/data_source: magazine,0.9606552806098848
AGGREGATE.json,/versions/GBDT_V6.1.1/category_breakdowns/table/page/TEDS/data_source: newspaper,0.9138931098171538
AGGREGATE.json,/versions/GBDT_V6.1.1/category_breakdowns/table/page/TEDS/data_source: note,0.9013668082543175
AGGREGATE.json,/versions/GBDT_V6.1.1/category_breakdowns/table/page/TEDS/data_source: research_report,0.9809097179484896
AGGREGATE.json,/versions/GBDT_V6.1.1/category_breakdowns/table/page/TEDS/fuzzy_scan,0.9988636363636363
AGGREGATE.json,/versions/GBDT_V6.1.1/category_breakdowns/table/page/TEDS/geometric_deformation,0.9950207223626515
AGGREGATE.json,/versions/GBDT_V6.1.1/category_breakdowns/table/page/TEDS/language: en_ch_mixed,0.9744190158916501
AGGREGATE.json,/versions/GBDT_V6.1.1/category_breakdowns/table/page/TEDS/language: english,0.9480217258901983
AGGREGATE.json,/versions/GBDT_V6.1.1/category_breakdowns/table/page/TEDS/language: simplified_chinese,0.9750519605612968
AGGREGATE.json,/versions/GBDT_V6.1.1/category_breakdowns/table/page/TEDS/language: traditional_chinese,0.9096343087159484
AGGREGATE.json,/versions/GBDT_V6.1.1/category_breakdowns/table/page/TEDS/layout: 1andmore_column,0.9863554654867819
AGGREGATE.json,/versions/GBDT_V6.1.1/category_breakdowns/table/page/TEDS/layout: double_column,0.9662530202617504
AGGREGATE.json,/versions/GBDT_V6.1.1/category_breakdowns/table/page/TEDS/layout: other_layout,0.9462578354311306
AGGREGATE.json,/versions/GBDT_V6.1.1/category_breakdowns/table/page/TEDS/layout: single_column,0.9651087170146477
AGGREGATE.json,/versions/GBDT_V6.1.1/category_breakdowns/table/page/TEDS/layout: three_column,0.9959770114942529
AGGREGATE.json,/versions/GBDT_V6.1.1/category_breakdowns/table/page/TEDS/subset: equation_hard,0.9284366339006804
AGGREGATE.json,/versions/GBDT_V6.1.1/category_breakdowns/table/page/TEDS/subset: layout_hard,0.936932740856016
AGGREGATE.json,/versions/GBDT_V6.1.1/category_breakdowns/table/page/TEDS/subset: table_hard,0.941779657346694
AGGREGATE.json,/versions/GBDT_V6.1.1/category_breakdowns/table/page/TEDS/subset: v1.5,0.9727094340706992
AGGREGATE.json,/versions/GBDT_V6.1.1/category_breakdowns/table/page/TEDS/watermark,0.995781695443632
AGGREGATE.json,/versions/GBDT_V6.1.1/category_breakdowns/table/page/TEDS/with_watermark,0.9793092712708424
AGGREGATE.json,/versions/GBDT_V6.1.1/category_breakdowns/table/page/TEDS_structure_only/ALL,0.9777240608643601
AGGREGATE.json,/versions/GBDT_V6.1.1/category_breakdowns/table/page/TEDS_structure_only/None,0.7983122362869198
AGGREGATE.json,/versions/GBDT_V6.1.1/category_breakdowns/table/page/TEDS_structure_only/colorful_backgroud,0.981916455131954
AGGREGATE.json,/versions/GBDT_V6.1.1/category_breakdowns/table/page/TEDS_structure_only/data_source: PPT2PDF,1.0
AGGREGATE.json,/versions/GBDT_V6.1.1/category_breakdowns/table/page/TEDS_structure_only/data_source: academic_literature,0.9636968522397684
AGGREGATE.json,/versions/GBDT_V6.1.1/category_breakdowns/table/page/TEDS_structure_only/data_source: book,0.9840670969044283
AGGREGATE.json,/versions/GBDT_V6.1.1/category_breakdowns/table/page/TEDS_structure_only/data_source: colorful_textbook,0.9891130298273155
AGGREGATE.json,/versions/GBDT_V6.1.1/category_breakdowns/table/page/TEDS_structure_only/data_source: exam_paper,0.9998552486827631
AGGREGATE.json,/versions/GBDT_V6.1.1/category_breakdowns/table/page/TEDS_structure_only/data_source: magazine,0.9708323567326849
AGGREGATE.json,/versions/GBDT_V6.1.1/category_breakdowns/table/page/TEDS_structure_only/data_source: newspaper,0.9262485834377711
AGGREGATE.json,/versions/GBDT_V6.1.1/category_breakdowns/table/page/TEDS_structure_only/data_source: note,0.9172955113904703
AGGREGATE.json,/versions/GBDT_V6.1.1/category_breakdowns/table/page/TEDS_structure_only/data_source: research_report,0.988170233641984
AGGREGATE.json,/versions/GBDT_V6.1.1/category_breakdowns/table/page/TEDS_structure_only/fuzzy_scan,1.0
AGGREGATE.json,/versions/GBDT_V6.1.1/category_breakdowns/table/page/TEDS_structure_only/geometric_deformation,1.0
AGGREGATE.json,/versions/GBDT_V6.1.1/category_breakdowns/table/page/TEDS_structure_only/language: en_ch_mixed,0.9925349137498747
AGGREGATE.json,/versions/GBDT_V6.1.1/category_breakdowns/table/page/TEDS_structure_only/language: english,0.9647532036315667
AGGREGATE.json,/versions/GBDT_V6.1.1/category_breakdowns/table/page/TEDS_structure_only/language: simplified_chinese,0.9842741613277083
AGGREGATE.json,/versions/GBDT_V6.1.1/category_breakdowns/table/page/TEDS_structure_only/language: traditional_chinese,0.9349677622052838
AGGREGATE.json,/versions/GBDT_V6.1.1/category_breakdowns/table/page/TEDS_structure_only/layout: 1andmore_column,0.9916505784278578
AGGREGATE.json,/versions/GBDT_V6.1.1/category_breakdowns/table/page/TEDS_structure_only/layout: double_column,0.9796337296822674
AGGREGATE.json,/versions/GBDT_V6.1.1/category_breakdowns/table/page/TEDS_structure_only/layout: other_layout,0.9659594643961504
AGGREGATE.json,/versions/GBDT_V6.1.1/category_breakdowns/table/page/TEDS_structure_only/layout: single_column,0.97720545270725
AGGREGATE.json,/versions/GBDT_V6.1.1/category_breakdowns/table/page/TEDS_structure_only/layout: three_column,1.0
AGGREGATE.json,/versions/GBDT_V6.1.1/category_breakdowns/table/page/TEDS_structure_only/subset: equation_hard,1.0
AGGREGATE.json,/versions/GBDT_V6.1.1/category_breakdowns/table/page/TEDS_structure_only/subset: layout_hard,0.9928886217948718
AGGREGATE.json,/versions/GBDT_V6.1.1/category_breakdowns/table/page/TEDS_structure_only/subset: table_hard,0.960982636904713
AGGREGATE.json,/versions/GBDT_V6.1.1/category_breakdowns/table/page/TEDS_structure_only/subset: v1.5,0.9818780487799452
AGGREGATE.json,/versions/GBDT_V6.1.1/category_breakdowns/table/page/TEDS_structure_only/watermark,1.0
AGGREGATE.json,/versions/GBDT_V6.1.1/category_breakdowns/table/page/TEDS_structure_only/with_watermark,1.0
AGGREGATE.json,/versions/GBDT_V6.1.1/category_breakdowns/reading_order/all/Edit_dist/ALL_page_avg,0.11829726809302299
AGGREGATE.json,/versions/GBDT_V6.1.1/category_breakdowns/reading_order/all/Edit_dist/edit_whole,0.10076812914985028
AGGREGATE.json,/versions/GBDT_V6.1.1/category_breakdowns/reading_order/all/Edit_dist/edit_sample_avg,0.11829726809302299
AGGREGATE.json,/versions/GBDT_V6.1.1/category_breakdowns/reading_order/group/sample_count,{}
AGGREGATE.json,/versions/GBDT_V6.1.1/category_breakdowns/reading_order/page/Edit_dist/ALL,0.118297268093023
AGGREGATE.json,/versions/GBDT_V6.1.1/category_breakdowns/reading_order/page/Edit_dist/None,0.03836449609510772
AGGREGATE.json,/versions/GBDT_V6.1.1/category_breakdowns/reading_order/page/Edit_dist/colorful_backgroud,0.08008143274653078
AGGREGATE.json,/versions/GBDT_V6.1.1/category_breakdowns/reading_order/page/Edit_dist/data_source: PPT2PDF,0.07441220118522911
AGGREGATE.json,/versions/GBDT_V6.1.1/category_breakdowns/reading_order/page/Edit_dist/data_source: academic_literature,0.16181664674537932
AGGREGATE.json,/versions/GBDT_V6.1.1/category_breakdowns/reading_order/page/Edit_dist/data_source: book,0.13648204780406775
AGGREGATE.json,/versions/GBDT_V6.1.1/category_breakdowns/reading_order/page/Edit_dist/data_source: colorful_textbook,0.07774320296563038
AGGREGATE.json,/versions/GBDT_V6.1.1/category_breakdowns/reading_order/page/Edit_dist/data_source: exam_paper,0.08156647129742306
AGGREGATE.json,/versions/GBDT_V6.1.1/category_breakdowns/reading_order/page/Edit_dist/data_source: historical_document,0.18263027295285358
AGGREGATE.json,/versions/GBDT_V6.1.1/category_breakdowns/reading_order/page/Edit_dist/data_source: magazine,0.057282696005819735
AGGREGATE.json,/versions/GBDT_V6.1.1/category_breakdowns/reading_order/page/Edit_dist/data_source: newspaper,0.1017601160776632
AGGREGATE.json,/versions/GBDT_V6.1.1/category_breakdowns/reading_order/page/Edit_dist/data_source: note,0.08342055298799535
AGGREGATE.json,/versions/GBDT_V6.1.1/category_breakdowns/reading_order/page/Edit_dist/data_source: research_report,0.31032298518032403
AGGREGATE.json,/versions/GBDT_V6.1.1/category_breakdowns/reading_order/page/Edit_dist/fuzzy_content,0.0
AGGREGATE.json,/versions/GBDT_V6.1.1/category_breakdowns/reading_order/page/Edit_dist/fuzzy_scan,0.08006251001607038
AGGREGATE.json,/versions/GBDT_V6.1.1/category_breakdowns/reading_order/page/Edit_dist/geometric_deformation,0.1265424811693649
AGGREGATE.json,/versions/GBDT_V6.1.1/category_breakdowns/reading_order/page/Edit_dist/handwriting,0.34791666666666665
AGGREGATE.json,/versions/GBDT_V6.1.1/category_breakdowns/reading_order/page/Edit_dist/language: en_ch_mixed,0.09889386702616208
AGGREGATE.json,/versions/GBDT_V6.1.1/category_breakdowns/reading_order/page/Edit_dist/language: english,0.08849690877518719
AGGREGATE.json,/versions/GBDT_V6.1.1/category_breakdowns/reading_order/page/Edit_dist/language: other,0.0
AGGREGATE.json,/versions/GBDT_V6.1.1/category_breakdowns/reading_order/page/Edit_dist/language: simplified_chinese,0.14935618965129072
AGGREGATE.json,/versions/GBDT_V6.1.1/category_breakdowns/reading_order/page/Edit_dist/language: traditional_chinese,0.22030149337841645
AGGREGATE.json,/versions/GBDT_V6.1.1/category_breakdowns/reading_order/page/Edit_dist/layout: 1andmore_column,0.09290587281479584
AGGREGATE.json,/versions/GBDT_V6.1.1/category_breakdowns/reading_order/page/Edit_dist/layout: double_column,0.06113803596074133
AGGREGATE.json,/versions/GBDT_V6.1.1/category_breakdowns/reading_order/page/Edit_dist/layout: other_layout,0.09726639571526147
AGGREGATE.json,/versions/GBDT_V6.1.1/category_breakdowns/reading_order/page/Edit_dist/layout: single_column,0.14518610235262455
AGGREGATE.json,/versions/GBDT_V6.1.1/category_breakdowns/reading_order/page/Edit_dist/layout: three_column,0.08750318688792848
AGGREGATE.json,/versions/GBDT_V6.1.1/category_breakdowns/reading_order/page/Edit_dist/subset: equation_hard,0.024080580354309936
AGGREGATE.json,/versions/GBDT_V6.1.1/category_breakdowns/reading_order/page/Edit_dist/subset: layout_hard,0.09161125236838168
AGGREGATE.json,/versions/GBDT_V6.1.1/category_breakdowns/reading_order/page/Edit_dist/subset: table_hard,0.3900758667417174
AGGREGATE.json,/versions/GBDT_V6.1.1/category_breakdowns/reading_order/page/Edit_dist/subset: v1.5,0.10805037697277034
AGGREGATE.json,/versions/GBDT_V6.1.1/category_breakdowns/reading_order/page/Edit_dist/text_L-shaped_wrap,0.0
AGGREGATE.json,/versions/GBDT_V6.1.1/category_breakdowns/reading_order/page/Edit_dist/text_O-shaped_wrap,0.2222222222222222
AGGREGATE.json,/versions/GBDT_V6.1.1/category_breakdowns/reading_order/page/Edit_dist/text_embedded_in_image,0.6212121212121212
AGGREGATE.json,/versions/GBDT_V6.1.1/category_breakdowns/reading_order/page/Edit_dist/transparent_pages,0.0
AGGREGATE.json,/versions/GBDT_V6.1.1/category_breakdowns/reading_order/page/Edit_dist/watermark,0.1389893916710679
AGGREGATE.json,/versions/GBDT_V6.1.1/category_breakdowns/reading_order/page/Edit_dist/with_watermark,0.09961027584154515
AGGREGATE.json,/versions/GBDT_V6.1.1/denominator_note,"""All 1651 prediction pages retained; component metrics use the pinned evaluator's applicable matched samples/pages."""
AGGREGATE.json,/versions/GBDT_V6.1.1/raw_result_sha256,"""56453e447b769405172236c56401e218610ec0e15ff9dc4bd551a212dbc0773f"""
AGGREGATE.json,/versions/GBDT_V6.1.1/input_failures,0
AGGREGATE.json,/versions/GBDT_V6.1.1/empty_predictions,0
AGGREGATE.json,/versions/GBDT_V6.1.1/official_diagnostics/matching/workers,8
AGGREGATE.json,/versions/GBDT_V6.1.1/official_diagnostics/matching/page_count,1651
AGGREGATE.json,/versions/GBDT_V6.1.1/official_diagnostics/matching/quick_match_truncated_timeout_sec,300
AGGREGATE.json,/versions/GBDT_V6.1.1/official_diagnostics/matching/match_timeout_sec,420
AGGREGATE.json,/versions/GBDT_V6.1.1/official_diagnostics/matching/text_match_fallback_counts/quick_match_timeout,0
AGGREGATE.json,/versions/GBDT_V6.1.1/official_diagnostics/matching/text_match_fallback_counts/page_timeout,0
AGGREGATE.json,/versions/GBDT_V6.1.1/official_diagnostics/component_scoring/text_block,{}
AGGREGATE.json,/versions/GBDT_V6.1.1/official_diagnostics/component_scoring/display_formula/CDM/stage,"""CDM"""
AGGREGATE.json,/versions/GBDT_V6.1.1/official_diagnostics/component_scoring/display_formula/CDM/workers,8
AGGREGATE.json,/versions/GBDT_V6.1.1/official_diagnostics/component_scoring/display_formula/CDM/sample_count,2352
AGGREGATE.json,/versions/GBDT_V6.1.1/official_diagnostics/component_scoring/display_formula/CDM/timeout_case_count,0
AGGREGATE.json,/versions/GBDT_V6.1.1/official_diagnostics/component_scoring/display_formula/CDM/exception_case_count,0
AGGREGATE.json,/versions/GBDT_V6.1.1/official_diagnostics/component_scoring/table/TEDS/stage,"""TEDS"""
AGGREGATE.json,/versions/GBDT_V6.1.1/official_diagnostics/component_scoring/table/TEDS/workers,8
AGGREGATE.json,/versions/GBDT_V6.1.1/official_diagnostics/component_scoring/table/TEDS/timeout_sec,120.0
AGGREGATE.json,/versions/GBDT_V6.1.1/official_diagnostics/component_scoring/table/TEDS/sample_count,665
AGGREGATE.json,/versions/GBDT_V6.1.1/official_diagnostics/component_scoring/table/TEDS/timeout_case_count,0
AGGREGATE.json,/versions/GBDT_V6.1.1/official_diagnostics/component_scoring/table/TEDS/error_case_count,0
AGGREGATE.json,/versions/GBDT_V6.1.1/official_diagnostics/component_scoring/reading_order,{}
AGGREGATE.json,/versions/GBDT_V6.1.1/official_diagnostics/private_case_lists,"""Exact case identifiers remain in private raw products; counts retained here"""
AGGREGATE.json,/versions/GBDT_V6.1.1/official_diagnostics/raw_products_available,true
AGGREGATE.json,/versions/GBDT_V6.1.1/delta_from_D0/overall,-0.09926989489019888
AGGREGATE.json,/versions/GBDT_V6.1.1/delta_from_D0/text_edit,0.0
AGGREGATE.json,/versions/GBDT_V6.1.1/delta_from_D0/formula_cdm,0.0
AGGREGATE.json,/versions/GBDT_V6.1.1/delta_from_D0/formula_edit,0.0
AGGREGATE.json,/versions/GBDT_V6.1.1/delta_from_D0/table_teds,-0.002978096846705802
AGGREGATE.json,/versions/GBDT_V6.1.1/delta_from_D0/table_teds_structure,-0.003949248416911022
AGGREGATE.json,/versions/GBDT_V6.1.1/delta_from_D0/table_edit,0.0028398104117359907
AGGREGATE.json,/versions/GBDT_V6.1.1/delta_from_D0/reading_order_edit,0.0
AGGREGATE.json,/versions/GBDT_V6.1.2/values/text_edit,0.027082297519364407
AGGREGATE.json,/versions/GBDT_V6.1.2/values/formula_cdm,0.9862520776395189
AGGREGATE.json,/versions/GBDT_V6.1.2/values/formula_edit,0.04906828925301508
AGGREGATE.json,/versions/GBDT_V6.1.2/values/table_teds,0.9683186499386146
AGGREGATE.json,/versions/GBDT_V6.1.2/values/table_teds_structure,0.9816733092812712
AGGREGATE.json,/versions/GBDT_V6.1.2/values/table_edit,0.035843263333296106
AGGREGATE.json,/versions/GBDT_V6.1.2/values/reading_order_edit,0.11837031013035075
AGGREGATE.json,/versions/GBDT_V6.1.2/values/overall,97.58294766862564
AGGREGATE.json,/versions/GBDT_V6.1.2/missing_reasons,{}
AGGREGATE.json,/versions/GBDT_V6.1.2/page_denominator,1651
AGGREGATE.json,/versions/GBDT_V6.1.2/units/text_edit,"""0-1"""
AGGREGATE.json,/versions/GBDT_V6.1.2/units/formula_cdm,"""0-1"""
AGGREGATE.json,/versions/GBDT_V6.1.2/units/formula_edit,"""0-1"""
AGGREGATE.json,/versions/GBDT_V6.1.2/units/table_teds,"""0-1"""
AGGREGATE.json,/versions/GBDT_V6.1.2/units/table_teds_structure,"""0-1"""
AGGREGATE.json,/versions/GBDT_V6.1.2/units/table_edit,"""0-1"""
AGGREGATE.json,/versions/GBDT_V6.1.2/units/reading_order_edit,"""0-1"""
AGGREGATE.json,/versions/GBDT_V6.1.2/units/overall,"""0-100"""
AGGREGATE.json,/versions/GBDT_V6.1.2/direction/text_edit,"""lower"""
AGGREGATE.json,/versions/GBDT_V6.1.2/direction/formula_cdm,"""higher"""
AGGREGATE.json,/versions/GBDT_V6.1.2/direction/formula_edit,"""lower"""
AGGREGATE.json,/versions/GBDT_V6.1.2/direction/table_teds,"""higher"""
AGGREGATE.json,/versions/GBDT_V6.1.2/direction/table_teds_structure,"""higher"""
AGGREGATE.json,/versions/GBDT_V6.1.2/direction/table_edit,"""lower"""
AGGREGATE.json,/versions/GBDT_V6.1.2/direction/reading_order_edit,"""lower"""
AGGREGATE.json,/versions/GBDT_V6.1.2/direction/overall,"""higher"""
AGGREGATE.json,/versions/GBDT_V6.1.2/category_breakdowns/text_block/all/Edit_dist/ALL_page_avg,0.027082297519364407
AGGREGATE.json,/versions/GBDT_V6.1.2/category_breakdowns/text_block/all/Edit_dist/edit_whole,0.035459898452581955
AGGREGATE.json,/versions/GBDT_V6.1.2/category_breakdowns/text_block/all/Edit_dist/edit_sample_avg,0.02706989167377302
AGGREGATE.json,/versions/GBDT_V6.1.2/category_breakdowns/text_block/group/sample_count,{}
AGGREGATE.json,/versions/GBDT_V6.1.2/category_breakdowns/text_block/page/Edit_dist/ALL,0.027082297519364407
AGGREGATE.json,/versions/GBDT_V6.1.2/category_breakdowns/text_block/page/Edit_dist/None,0.019814950056479496
AGGREGATE.json,/versions/GBDT_V6.1.2/category_breakdowns/text_block/page/Edit_dist/colorful_backgroud,0.02433655081163482
AGGREGATE.json,/versions/GBDT_V6.1.2/category_breakdowns/text_block/page/Edit_dist/data_source: PPT2PDF,0.019240749779481207
AGGREGATE.json,/versions/GBDT_V6.1.2/category_breakdowns/text_block/page/Edit_dist/data_source: academic_literature,0.02550882935387964
AGGREGATE.json,/versions/GBDT_V6.1.2/category_breakdowns/text_block/page/Edit_dist/data_source: book,0.023437793008809465
AGGREGATE.json,/versions/GBDT_V6.1.2/category_breakdowns/text_block/page/Edit_dist/data_source: colorful_textbook,0.03537801091123122
AGGREGATE.json,/versions/GBDT_V6.1.2/category_breakdowns/text_block/page/Edit_dist/data_source: exam_paper,0.04063365995718062
AGGREGATE.json,/versions/GBDT_V6.1.2/category_breakdowns/text_block/page/Edit_dist/data_source: historical_document,0.177756402797043
AGGREGATE.json,/versions/GBDT_V6.1.2/category_breakdowns/text_block/page/Edit_dist/data_source: magazine,0.01384354304025317
AGGREGATE.json,/versions/GBDT_V6.1.2/category_breakdowns/text_block/page/Edit_dist/data_source: newspaper,0.04135964945917441
AGGREGATE.json,/versions/GBDT_V6.1.2/category_breakdowns/text_block/page/Edit_dist/data_source: note,0.03043579257422515
AGGREGATE.json,/versions/GBDT_V6.1.2/category_breakdowns/text_block/page/Edit_dist/data_source: research_report,0.007140742389046126
AGGREGATE.json,/versions/GBDT_V6.1.2/category_breakdowns/text_block/page/Edit_dist/fuzzy_content,0.015926465234801603
AGGREGATE.json,/versions/GBDT_V6.1.2/category_breakdowns/text_block/page/Edit_dist/fuzzy_scan,0.03703741985593637
AGGREGATE.json,/versions/GBDT_V6.1.2/category_breakdowns/text_block/page/Edit_dist/geometric_deformation,0.03496644589690337
AGGREGATE.json,/versions/GBDT_V6.1.2/category_breakdowns/text_block/page/Edit_dist/handwriting,0.42577675489067895
AGGREGATE.json,/versions/GBDT_V6.1.2/category_breakdowns/text_block/page/Edit_dist/language: en_ch_mixed,0.02060268336744034
AGGREGATE.json,/versions/GBDT_V6.1.2/category_breakdowns/text_block/page/Edit_dist/language: english,0.02162419859906655
AGGREGATE.json,/versions/GBDT_V6.1.2/category_breakdowns/text_block/page/Edit_dist/language: other,0.001282051282051282
AGGREGATE.json,/versions/GBDT_V6.1.2/category_breakdowns/text_block/page/Edit_dist/language: simplified_chinese,0.03284682787447575
AGGREGATE.json,/versions/GBDT_V6.1.2/category_breakdowns/text_block/page/Edit_dist/language: traditional_chinese,0.07873146809401618
AGGREGATE.json,/versions/GBDT_V6.1.2/category_breakdowns/text_block/page/Edit_dist/layout: 1andmore_column,0.019501172050325786
AGGREGATE.json,/versions/GBDT_V6.1.2/category_breakdowns/text_block/page/Edit_dist/layout: double_column,0.020264032037861666
AGGREGATE.json,/versions/GBDT_V6.1.2/category_breakdowns/text_block/page/Edit_dist/layout: other_layout,0.042258785133670276
AGGREGATE.json,/versions/GBDT_V6.1.2/category_breakdowns/text_block/page/Edit_dist/layout: single_column,0.0236550230565406
AGGREGATE.json,/versions/GBDT_V6.1.2/category_breakdowns/text_block/page/Edit_dist/layout: three_column,0.019947654392550355
AGGREGATE.json,/versions/GBDT_V6.1.2/category_breakdowns/text_block/page/Edit_dist/subset: equation_hard,0.060500304544704536
AGGREGATE.json,/versions/GBDT_V6.1.2/category_breakdowns/text_block/page/Edit_dist/subset: layout_hard,0.04535899316187916
AGGREGATE.json,/versions/GBDT_V6.1.2/category_breakdowns/text_block/page/Edit_dist/subset: table_hard,0.0018480218862584664
AGGREGATE.json,/versions/GBDT_V6.1.2/category_breakdowns/text_block/page/Edit_dist/subset: v1.5,0.02445303251408057
AGGREGATE.json,/versions/GBDT_V6.1.2/category_breakdowns/text_block/page/Edit_dist/text_L-shaped_wrap,0.07429043361431584
AGGREGATE.json,/versions/GBDT_V6.1.2/category_breakdowns/text_block/page/Edit_dist/text_O-shaped_wrap,0.08762886597938144
AGGREGATE.json,/versions/GBDT_V6.1.2/category_breakdowns/text_block/page/Edit_dist/text_embedded_in_image,0.05345911949685535
AGGREGATE.json,/versions/GBDT_V6.1.2/category_breakdowns/text_block/page/Edit_dist/transparent_pages,0.022997663489361116
AGGREGATE.json,/versions/GBDT_V6.1.2/category_breakdowns/text_block/page/Edit_dist/watermark,0.0340222524344736
AGGREGATE.json,/versions/GBDT_V6.1.2/category_breakdowns/text_block/page/Edit_dist/with_watermark,0.015641224246314058
AGGREGATE.json,/versions/GBDT_V6.1.2/category_breakdowns/display_formula/all/Edit_dist/ALL_page_avg,0.04906828925301508
AGGREGATE.json,/versions/GBDT_V6.1.2/category_breakdowns/display_formula/all/Edit_dist/edit_whole,0.05079738781916533
AGGREGATE.json,/versions/GBDT_V6.1.2/category_breakdowns/display_formula/all/Edit_dist/edit_sample_avg,0.04758787188397263
AGGREGATE.json,/versions/GBDT_V6.1.2/category_breakdowns/display_formula/all/CDM/all,0.9787359693877551
AGGREGATE.json,/versions/GBDT_V6.1.2/category_breakdowns/display_formula/group/sample_count,{}
AGGREGATE.json,/versions/GBDT_V6.1.2/category_breakdowns/display_formula/page/CDM/ALL,0.9862520776395189
AGGREGATE.json,/versions/GBDT_V6.1.2/category_breakdowns/display_formula/page/CDM/None,0.9906722420471137
AGGREGATE.json,/versions/GBDT_V6.1.2/category_breakdowns/display_formula/page/CDM/colorful_backgroud,0.9987375000000001
AGGREGATE.json,/versions/GBDT_V6.1.2/category_breakdowns/display_formula/page/CDM/data_source: PPT2PDF,0.99659125
AGGREGATE.json,/versions/GBDT_V6.1.2/category_breakdowns/display_formula/page/CDM/data_source: academic_literature,0.9962124593193921
AGGREGATE.json,/versions/GBDT_V6.1.2/category_breakdowns/display_formula/page/CDM/data_source: book,0.9791281481055818
AGGREGATE.json,/versions/GBDT_V6.1.2/category_breakdowns/display_formula/page/CDM/data_source: colorful_textbook,0.9789359375
AGGREGATE.json,/versions/GBDT_V6.1.2/category_breakdowns/display_formula/page/CDM/data_source: exam_paper,0.9874888697505269
AGGREGATE.json,/versions/GBDT_V6.1.2/category_breakdowns/display_formula/page/CDM/data_source: note,0.9611349206349207
AGGREGATE.json,/versions/GBDT_V6.1.2/category_breakdowns/display_formula/page/CDM/fuzzy_content,0.9941249999999999
AGGREGATE.json,/versions/GBDT_V6.1.2/category_breakdowns/display_formula/page/CDM/fuzzy_scan,0.8660333333333334
AGGREGATE.json,/versions/GBDT_V6.1.2/category_breakdowns/display_formula/page/CDM/geometric_deformation,0.9908787878787879
AGGREGATE.json,/versions/GBDT_V6.1.2/category_breakdowns/display_formula/page/CDM/handwriting,0.9878333333333333
AGGREGATE.json,/versions/GBDT_V6.1.2/category_breakdowns/display_formula/page/CDM/language: en_ch_mixed,1.0
AGGREGATE.json,/versions/GBDT_V6.1.2/category_breakdowns/display_formula/page/CDM/language: english,0.9925000612681963
AGGREGATE.json,/versions/GBDT_V6.1.2/category_breakdowns/display_formula/page/CDM/language: simplified_chinese,0.9704425464984453
AGGREGATE.json,/versions/GBDT_V6.1.2/category_breakdowns/display_formula/page/CDM/layout: 1andmore_column,0.9973635964912281
AGGREGATE.json,/versions/GBDT_V6.1.2/category_breakdowns/display_formula/page/CDM/layout: double_column,0.9804405350493087
AGGREGATE.json,/versions/GBDT_V6.1.2/category_breakdowns/display_formula/page/CDM/layout: other_layout,0.9850621693121694
AGGREGATE.json,/versions/GBDT_V6.1.2/category_breakdowns/display_formula/page/CDM/layout: single_column,0.9879389661706618
AGGREGATE.json,/versions/GBDT_V6.1.2/category_breakdowns/display_formula/page/CDM/layout: three_column,0.8331873015873015
AGGREGATE.json,/versions/GBDT_V6.1.2/category_breakdowns/display_formula/page/CDM/subset: equation_hard,0.9864985636786542
AGGREGATE.json,/versions/GBDT_V6.1.2/category_breakdowns/display_formula/page/CDM/subset: layout_hard,0.995904761904762
AGGREGATE.json,/versions/GBDT_V6.1.2/category_breakdowns/display_formula/page/CDM/subset: table_hard,1.0
AGGREGATE.json,/versions/GBDT_V6.1.2/category_breakdowns/display_formula/page/CDM/subset: v1.5,0.985404681650483
AGGREGATE.json,/versions/GBDT_V6.1.2/category_breakdowns/display_formula/page/CDM/text_L-shaped_wrap,0.9962142857142857
AGGREGATE.json,/versions/GBDT_V6.1.2/category_breakdowns/display_formula/page/CDM/text_O-shaped_wrap,1.0
AGGREGATE.json,/versions/GBDT_V6.1.2/category_breakdowns/display_formula/page/CDM/watermark,0.8879141666666668
AGGREGATE.json,/versions/GBDT_V6.1.2/category_breakdowns/display_formula/page/CDM/with_watermark,0.9988250000000001
AGGREGATE.json,/versions/GBDT_V6.1.2/category_breakdowns/display_formula/page/Edit_dist/ALL,0.04906828925301508
AGGREGATE.json,/versions/GBDT_V6.1.2/category_breakdowns/display_formula/page/Edit_dist/None,0.042053949343192266
AGGREGATE.json,/versions/GBDT_V6.1.2/category_breakdowns/display_formula/page/Edit_dist/colorful_backgroud,0.03384035819727031
AGGREGATE.json,/versions/GBDT_V6.1.2/category_breakdowns/display_formula/page/Edit_dist/data_source: PPT2PDF,0.03685976513192836
AGGREGATE.json,/versions/GBDT_V6.1.2/category_breakdowns/display_formula/page/Edit_dist/data_source: academic_literature,0.04226903910627633
AGGREGATE.json,/versions/GBDT_V6.1.2/category_breakdowns/display_formula/page/Edit_dist/data_source: book,0.061291128900947414
AGGREGATE.json,/versions/GBDT_V6.1.2/category_breakdowns/display_formula/page/Edit_dist/data_source: colorful_textbook,0.06985245852952521
AGGREGATE.json,/versions/GBDT_V6.1.2/category_breakdowns/display_formula/page/Edit_dist/data_source: exam_paper,0.0336104682026615
AGGREGATE.json,/versions/GBDT_V6.1.2/category_breakdowns/display_formula/page/Edit_dist/data_source: note,0.11955374101123456
AGGREGATE.json,/versions/GBDT_V6.1.2/category_breakdowns/display_formula/page/Edit_dist/fuzzy_content,0.01634877384196185
AGGREGATE.json,/versions/GBDT_V6.1.2/category_breakdowns/display_formula/page/Edit_dist/fuzzy_scan,0.08800859291084855
AGGREGATE.json,/versions/GBDT_V6.1.2/category_breakdowns/display_formula/page/Edit_dist/geometric_deformation,0.048813014942047206
AGGREGATE.json,/versions/GBDT_V6.1.2/category_breakdowns/display_formula/page/Edit_dist/handwriting,0.11666666666666667
AGGREGATE.json,/versions/GBDT_V6.1.2/category_breakdowns/display_formula/page/Edit_dist/language: en_ch_mixed,0.07692307692307693
AGGREGATE.json,/versions/GBDT_V6.1.2/category_breakdowns/display_formula/page/Edit_dist/language: english,0.04470427033778781
AGGREGATE.json,/versions/GBDT_V6.1.2/category_breakdowns/display_formula/page/Edit_dist/language: simplified_chinese,0.059689878358920916
AGGREGATE.json,/versions/GBDT_V6.1.2/category_breakdowns/display_formula/page/Edit_dist/layout: 1andmore_column,0.027221319122418593
AGGREGATE.json,/versions/GBDT_V6.1.2/category_breakdowns/display_formula/page/Edit_dist/layout: double_column,0.04765382571152357
AGGREGATE.json,/versions/GBDT_V6.1.2/category_breakdowns/display_formula/page/Edit_dist/layout: other_layout,0.06152192264839379
AGGREGATE.json,/versions/GBDT_V6.1.2/category_breakdowns/display_formula/page/Edit_dist/layout: single_column,0.049891009995045366
AGGREGATE.json,/versions/GBDT_V6.1.2/category_breakdowns/display_formula/page/Edit_dist/layout: three_column,0.19282988337302315
AGGREGATE.json,/versions/GBDT_V6.1.2/category_breakdowns/display_formula/page/Edit_dist/subset: equation_hard,0.05720890088502354
AGGREGATE.json,/versions/GBDT_V6.1.2/category_breakdowns/display_formula/page/Edit_dist/subset: layout_hard,0.057363672350636004
AGGREGATE.json,/versions/GBDT_V6.1.2/category_breakdowns/display_formula/page/Edit_dist/subset: table_hard,0.0
AGGREGATE.json,/versions/GBDT_V6.1.2/category_breakdowns/display_formula/page/Edit_dist/subset: v1.5,0.04544268992801116
AGGREGATE.json,/versions/GBDT_V6.1.2/category_breakdowns/display_formula/page/Edit_dist/text_L-shaped_wrap,0.03572167080231596
AGGREGATE.json,/versions/GBDT_V6.1.2/category_breakdowns/display_formula/page/Edit_dist/text_O-shaped_wrap,0.0
AGGREGATE.json,/versions/GBDT_V6.1.2/category_breakdowns/display_formula/page/Edit_dist/watermark,0.077570118679275
AGGREGATE.json,/versions/GBDT_V6.1.2/category_breakdowns/display_formula/page/Edit_dist/with_watermark,0.009117707984766639
AGGREGATE.json,/versions/GBDT_V6.1.2/category_breakdowns/table/all/TEDS/all,0.9667806615839174
AGGREGATE.json,/versions/GBDT_V6.1.2/category_breakdowns/table/all/TEDS_structure_only/all,0.9803342832049865
AGGREGATE.json,/versions/GBDT_V6.1.2/category_breakdowns/table/all/Edit_dist/ALL_page_avg,0.035843263333296106
AGGREGATE.json,/versions/GBDT_V6.1.2/category_breakdowns/table/all/Edit_dist/edit_whole,0.06379263257295216
AGGREGATE.json,/versions/GBDT_V6.1.2/category_breakdowns/table/all/Edit_dist/edit_sample_avg,0.033450157022781465
AGGREGATE.json,/versions/GBDT_V6.1.2/category_breakdowns/table/group/sample_count,{}
AGGREGATE.json,/versions/GBDT_V6.1.2/category_breakdowns/table/page/Edit_dist/ALL,0.035843263333296106
AGGREGATE.json,/versions/GBDT_V6.1.2/category_breakdowns/table/page/Edit_dist/None,0.21468968532640914
AGGREGATE.json,/versions/GBDT_V6.1.2/category_breakdowns/table/page/Edit_dist/colorful_backgroud,0.024269622552421405
AGGREGATE.json,/versions/GBDT_V6.1.2/category_breakdowns/table/page/Edit_dist/data_source: PPT2PDF,0.06479311466461715
AGGREGATE.json,/versions/GBDT_V6.1.2/category_breakdowns/table/page/Edit_dist/data_source: academic_literature,0.04974210830010415
AGGREGATE.json,/versions/GBDT_V6.1.2/category_breakdowns/table/page/Edit_dist/data_source: book,0.023313435907195944
AGGREGATE.json,/versions/GBDT_V6.1.2/category_breakdowns/table/page/Edit_dist/data_source: colorful_textbook,0.046188797736898914
AGGREGATE.json,/versions/GBDT_V6.1.2/category_breakdowns/table/page/Edit_dist/data_source: exam_paper,0.0089605594634346
AGGREGATE.json,/versions/GBDT_V6.1.2/category_breakdowns/table/page/Edit_dist/data_source: magazine,0.03407068145125848
AGGREGATE.json,/versions/GBDT_V6.1.2/category_breakdowns/table/page/Edit_dist/data_source: newspaper,0.07942732318199425
AGGREGATE.json,/versions/GBDT_V6.1.2/category_breakdowns/table/page/Edit_dist/data_source: note,0.06667444148832989
AGGREGATE.json,/versions/GBDT_V6.1.2/category_breakdowns/table/page/Edit_dist/data_source: research_report,0.024366838687839655
AGGREGATE.json,/versions/GBDT_V6.1.2/category_breakdowns/table/page/Edit_dist/fuzzy_scan,0.0
AGGREGATE.json,/versions/GBDT_V6.1.2/category_breakdowns/table/page/Edit_dist/geometric_deformation,0.06914468425259793
AGGREGATE.json,/versions/GBDT_V6.1.2/category_breakdowns/table/page/Edit_dist/language: en_ch_mixed,0.03956554663446431
AGGREGATE.json,/versions/GBDT_V6.1.2/category_breakdowns/table/page/Edit_dist/language: english,0.05112187762068819
AGGREGATE.json,/versions/GBDT_V6.1.2/category_breakdowns/table/page/Edit_dist/language: simplified_chinese,0.027527508286963393
AGGREGATE.json,/versions/GBDT_V6.1.2/category_breakdowns/table/page/Edit_dist/language: traditional_chinese,0.031421011448079975
AGGREGATE.json,/versions/GBDT_V6.1.2/category_breakdowns/table/page/Edit_dist/layout: 1andmore_column,0.015923854815230207
AGGREGATE.json,/versions/GBDT_V6.1.2/category_breakdowns/table/page/Edit_dist/layout: double_column,0.018801005083450888
AGGREGATE.json,/versions/GBDT_V6.1.2/category_breakdowns/table/page/Edit_dist/layout: other_layout,0.061604610402712846
AGGREGATE.json,/versions/GBDT_V6.1.2/category_breakdowns/table/page/Edit_dist/layout: single_column,0.03660128627307503
AGGREGATE.json,/versions/GBDT_V6.1.2/category_breakdowns/table/page/Edit_dist/layout: three_column,0.0036458333333333334
AGGREGATE.json,/versions/GBDT_V6.1.2/category_breakdowns/table/page/Edit_dist/subset: equation_hard,0.10526190286940625
AGGREGATE.json,/versions/GBDT_V6.1.2/category_breakdowns/table/page/Edit_dist/subset: layout_hard,0.04434428978837099
AGGREGATE.json,/versions/GBDT_V6.1.2/category_breakdowns/table/page/Edit_dist/subset: table_hard,0.07022932595410289
AGGREGATE.json,/versions/GBDT_V6.1.2/category_breakdowns/table/page/Edit_dist/subset: v1.5,0.025751258874803014
AGGREGATE.json,/versions/GBDT_V6.1.2/category_breakdowns/table/page/Edit_dist/watermark,0.017247320454784738
AGGREGATE.json,/versions/GBDT_V6.1.2/category_breakdowns/table/page/Edit_dist/with_watermark,0.025483993202205145
AGGREGATE.json,/versions/GBDT_V6.1.2/category_breakdowns/table/page/TEDS/ALL,0.9683186499386146
AGGREGATE.json,/versions/GBDT_V6.1.2/category_breakdowns/table/page/TEDS/None,0.7809150122324431
AGGREGATE.json,/versions/GBDT_V6.1.2/category_breakdowns/table/page/TEDS/colorful_backgroud,0.9825931271219146
AGGREGATE.json,/versions/GBDT_V6.1.2/category_breakdowns/table/page/TEDS/data_source: PPT2PDF,0.980864955338265
AGGREGATE.json,/versions/GBDT_V6.1.2/category_breakdowns/table/page/TEDS/data_source: academic_literature,0.9525516033645057
AGGREGATE.json,/versions/GBDT_V6.1.2/category_breakdowns/table/page/TEDS/data_source: book,0.9714457657362878
AGGREGATE.json,/versions/GBDT_V6.1.2/category_breakdowns/table/page/TEDS/data_source: colorful_textbook,0.9803992670377912
AGGREGATE.json,/versions/GBDT_V6.1.2/category_breakdowns/table/page/TEDS/data_source: exam_paper,0.9913456702290723
AGGREGATE.json,/versions/GBDT_V6.1.2/category_breakdowns/table/page/TEDS/data_source: magazine,0.9738776559954877
AGGREGATE.json,/versions/GBDT_V6.1.2/category_breakdowns/table/page/TEDS/data_source: newspaper,0.9086765624290792
AGGREGATE.json,/versions/GBDT_V6.1.2/category_breakdowns/table/page/TEDS/data_source: note,0.9102165193475674
AGGREGATE.json,/versions/GBDT_V6.1.2/category_breakdowns/table/page/TEDS/data_source: research_report,0.9827666698302412
AGGREGATE.json,/versions/GBDT_V6.1.2/category_breakdowns/table/page/TEDS/fuzzy_scan,1.0
AGGREGATE.json,/versions/GBDT_V6.1.2/category_breakdowns/table/page/TEDS/geometric_deformation,0.9950207223626515
AGGREGATE.json,/versions/GBDT_V6.1.2/category_breakdowns/table/page/TEDS/language: en_ch_mixed,0.9774163555888334
AGGREGATE.json,/versions/GBDT_V6.1.2/category_breakdowns/table/page/TEDS/language: english,0.9523038540014392
AGGREGATE.json,/versions/GBDT_V6.1.2/category_breakdowns/table/page/TEDS/language: simplified_chinese,0.9765489141567958
AGGREGATE.json,/versions/GBDT_V6.1.2/category_breakdowns/table/page/TEDS/language: traditional_chinese,0.9439788218250141
AGGREGATE.json,/versions/GBDT_V6.1.2/category_breakdowns/table/page/TEDS/layout: 1andmore_column,0.9850729363106123
AGGREGATE.json,/versions/GBDT_V6.1.2/category_breakdowns/table/page/TEDS/layout: double_column,0.981463063978602
AGGREGATE.json,/versions/GBDT_V6.1.2/category_breakdowns/table/page/TEDS/layout: other_layout,0.9452345269847038
AGGREGATE.json,/versions/GBDT_V6.1.2/category_breakdowns/table/page/TEDS/layout: single_column,0.9681245866119874
AGGREGATE.json,/versions/GBDT_V6.1.2/category_breakdowns/table/page/TEDS/layout: three_column,0.9959770114942529
AGGREGATE.json,/versions/GBDT_V6.1.2/category_breakdowns/table/page/TEDS/subset: equation_hard,0.9252696988496875
AGGREGATE.json,/versions/GBDT_V6.1.2/category_breakdowns/table/page/TEDS/subset: layout_hard,0.9372803162693908
AGGREGATE.json,/versions/GBDT_V6.1.2/category_breakdowns/table/page/TEDS/subset: table_hard,0.9453480738255398
AGGREGATE.json,/versions/GBDT_V6.1.2/category_breakdowns/table/page/TEDS/subset: v1.5,0.9756193634841985
AGGREGATE.json,/versions/GBDT_V6.1.2/category_breakdowns/table/page/TEDS/watermark,0.9959324618679833
AGGREGATE.json,/versions/GBDT_V6.1.2/category_breakdowns/table/page/TEDS/with_watermark,0.9803993452727635
AGGREGATE.json,/versions/GBDT_V6.1.2/category_breakdowns/table/page/TEDS_structure_only/ALL,0.9816733092812712
AGGREGATE.json,/versions/GBDT_V6.1.2/category_breakdowns/table/page/TEDS_structure_only/None,0.7851809231556067
AGGREGATE.json,/versions/GBDT_V6.1.2/category_breakdowns/table/page/TEDS_structure_only/colorful_backgroud,0.9960345643939394
AGGREGATE.json,/versions/GBDT_V6.1.2/category_breakdowns/table/page/TEDS_structure_only/data_source: PPT2PDF,1.0
AGGREGATE.json,/versions/GBDT_V6.1.2/category_breakdowns/table/page/TEDS_structure_only/data_source: academic_literature,0.9744656921624373
AGGREGATE.json,/versions/GBDT_V6.1.2/category_breakdowns/table/page/TEDS_structure_only/data_source: book,0.9861466779278509
AGGREGATE.json,/versions/GBDT_V6.1.2/category_breakdowns/table/page/TEDS_structure_only/data_source: colorful_textbook,0.9921134421134421
AGGREGATE.json,/versions/GBDT_V6.1.2/category_breakdowns/table/page/TEDS_structure_only/data_source: exam_paper,1.0
AGGREGATE.json,/versions/GBDT_V6.1.2/category_breakdowns/table/page/TEDS_structure_only/data_source: magazine,0.9843342151675485
AGGREGATE.json,/versions/GBDT_V6.1.2/category_breakdowns/table/page/TEDS_structure_only/data_source: newspaper,0.9179542340250005
AGGREGATE.json,/versions/GBDT_V6.1.2/category_breakdowns/table/page/TEDS_structure_only/data_source: note,0.9266064506009949
AGGREGATE.json,/versions/GBDT_V6.1.2/category_breakdowns/table/page/TEDS_structure_only/data_source: research_report,0.9903418414358778
AGGREGATE.json,/versions/GBDT_V6.1.2/category_breakdowns/table/page/TEDS_structure_only/fuzzy_scan,1.0
AGGREGATE.json,/versions/GBDT_V6.1.2/category_breakdowns/table/page/TEDS_structure_only/geometric_deformation,1.0
AGGREGATE.json,/versions/GBDT_V6.1.2/category_breakdowns/table/page/TEDS_structure_only/language: en_ch_mixed,0.9925349137498747
AGGREGATE.json,/versions/GBDT_V6.1.2/category_breakdowns/table/page/TEDS_structure_only/language: english,0.9712751877193446
AGGREGATE.json,/versions/GBDT_V6.1.2/category_breakdowns/table/page/TEDS_structure_only/language: simplified_chinese,0.9866221288004255
AGGREGATE.json,/versions/GBDT_V6.1.2/category_breakdowns/table/page/TEDS_structure_only/language: traditional_chinese,0.9631519274376418
AGGREGATE.json,/versions/GBDT_V6.1.2/category_breakdowns/table/page/TEDS_structure_only/layout: 1andmore_column,0.9918066474670437
AGGREGATE.json,/versions/GBDT_V6.1.2/category_breakdowns/table/page/TEDS_structure_only/layout: double_column,0.9957457434024689
AGGREGATE.json,/versions/GBDT_V6.1.2/category_breakdowns/table/page/TEDS_structure_only/layout: other_layout,0.9674879230174271
AGGREGATE.json,/versions/GBDT_V6.1.2/category_breakdowns/table/page/TEDS_structure_only/layout: single_column,0.9807955827345267
AGGREGATE.json,/versions/GBDT_V6.1.2/category_breakdowns/table/page/TEDS_structure_only/layout: three_column,1.0
AGGREGATE.json,/versions/GBDT_V6.1.2/category_breakdowns/table/page/TEDS_structure_only/subset: equation_hard,1.0
AGGREGATE.json,/versions/GBDT_V6.1.2/category_breakdowns/table/page/TEDS_structure_only/subset: layout_hard,0.9928886217948718
AGGREGATE.json,/versions/GBDT_V6.1.2/category_breakdowns/table/page/TEDS_structure_only/subset: table_hard,0.9679896338581215
AGGREGATE.json,/versions/GBDT_V6.1.2/category_breakdowns/table/page/TEDS_structure_only/subset: v1.5,0.9850947925704429
AGGREGATE.json,/versions/GBDT_V6.1.2/category_breakdowns/table/page/TEDS_structure_only/watermark,1.0
AGGREGATE.json,/versions/GBDT_V6.1.2/category_breakdowns/table/page/TEDS_structure_only/with_watermark,1.0
AGGREGATE.json,/versions/GBDT_V6.1.2/category_breakdowns/reading_order/all/Edit_dist/ALL_page_avg,0.11837031013035075
AGGREGATE.json,/versions/GBDT_V6.1.2/category_breakdowns/reading_order/all/Edit_dist/edit_whole,0.10094171765829102
AGGREGATE.json,/versions/GBDT_V6.1.2/category_breakdowns/reading_order/all/Edit_dist/edit_sample_avg,0.11837031013035075
AGGREGATE.json,/versions/GBDT_V6.1.2/category_breakdowns/reading_order/group/sample_count,{}
AGGREGATE.json,/versions/GBDT_V6.1.2/category_breakdowns/reading_order/page/Edit_dist/ALL,0.11837031013035075
AGGREGATE.json,/versions/GBDT_V6.1.2/category_breakdowns/reading_order/page/Edit_dist/None,0.03859955082426854
AGGREGATE.json,/versions/GBDT_V6.1.2/category_breakdowns/reading_order/page/Edit_dist/colorful_backgroud,0.08008143274653078
AGGREGATE.json,/versions/GBDT_V6.1.2/category_breakdowns/reading_order/page/Edit_dist/data_source: PPT2PDF,0.07441220118522911
AGGREGATE.json,/versions/GBDT_V6.1.2/category_breakdowns/reading_order/page/Edit_dist/data_source: academic_literature,0.16228834485858684
AGGREGATE.json,/versions/GBDT_V6.1.2/category_breakdowns/reading_order/page/Edit_dist/data_source: book,0.13611841144043138
AGGREGATE.json,/versions/GBDT_V6.1.2/category_breakdowns/reading_order/page/Edit_dist/data_source: colorful_textbook,0.07774320296563038
AGGREGATE.json,/versions/GBDT_V6.1.2/category_breakdowns/reading_order/page/Edit_dist/data_source: exam_paper,0.08218638247432905
AGGREGATE.json,/versions/GBDT_V6.1.2/category_breakdowns/reading_order/page/Edit_dist/data_source: historical_document,0.18263027295285358
AGGREGATE.json,/versions/GBDT_V6.1.2/category_breakdowns/reading_order/page/Edit_dist/data_source: magazine,0.057282696005819735
AGGREGATE.json,/versions/GBDT_V6.1.2/category_breakdowns/reading_order/page/Edit_dist/data_source: newspaper,0.1017601160776632
AGGREGATE.json,/versions/GBDT_V6.1.2/category_breakdowns/reading_order/page/Edit_dist/data_source: note,0.08342055298799535
AGGREGATE.json,/versions/GBDT_V6.1.2/category_breakdowns/reading_order/page/Edit_dist/data_source: research_report,0.31032298518032403
AGGREGATE.json,/versions/GBDT_V6.1.2/category_breakdowns/reading_order/page/Edit_dist/fuzzy_content,0.0
AGGREGATE.json,/versions/GBDT_V6.1.2/category_breakdowns/reading_order/page/Edit_dist/fuzzy_scan,0.08006251001607038
AGGREGATE.json,/versions/GBDT_V6.1.2/category_breakdowns/reading_order/page/Edit_dist/geometric_deformation,0.1265424811693649
AGGREGATE.json,/versions/GBDT_V6.1.2/category_breakdowns/reading_order/page/Edit_dist/handwriting,0.34791666666666665
AGGREGATE.json,/versions/GBDT_V6.1.2/category_breakdowns/reading_order/page/Edit_dist/language: en_ch_mixed,0.09889386702616208
AGGREGATE.json,/versions/GBDT_V6.1.2/category_breakdowns/reading_order/page/Edit_dist/language: english,0.088656432584711
AGGREGATE.json,/versions/GBDT_V6.1.2/category_breakdowns/reading_order/page/Edit_dist/language: other,0.0
AGGREGATE.json,/versions/GBDT_V6.1.2/category_breakdowns/reading_order/page/Edit_dist/language: simplified_chinese,0.14935618965129072
AGGREGATE.json,/versions/GBDT_V6.1.2/category_breakdowns/reading_order/page/Edit_dist/language: traditional_chinese,0.22030149337841645
AGGREGATE.json,/versions/GBDT_V6.1.2/category_breakdowns/reading_order/page/Edit_dist/layout: 1andmore_column,0.0936777622157175
AGGREGATE.json,/versions/GBDT_V6.1.2/category_breakdowns/reading_order/page/Edit_dist/layout: double_column,0.06113803596074133
AGGREGATE.json,/versions/GBDT_V6.1.2/category_breakdowns/reading_order/page/Edit_dist/layout: other_layout,0.09726639571526147
AGGREGATE.json,/versions/GBDT_V6.1.2/category_breakdowns/reading_order/page/Edit_dist/layout: single_column,0.14518610235262455
AGGREGATE.json,/versions/GBDT_V6.1.2/category_breakdowns/reading_order/page/Edit_dist/layout: three_column,0.08750318688792848
AGGREGATE.json,/versions/GBDT_V6.1.2/category_breakdowns/reading_order/page/Edit_dist/subset: equation_hard,0.025080580354309937
AGGREGATE.json,/versions/GBDT_V6.1.2/category_breakdowns/reading_order/page/Edit_dist/subset: layout_hard,0.09161125236838168
AGGREGATE.json,/versions/GBDT_V6.1.2/category_breakdowns/reading_order/page/Edit_dist/subset: table_hard,0.3900758667417174
AGGREGATE.json,/versions/GBDT_V6.1.2/category_breakdowns/reading_order/page/Edit_dist/subset: v1.5,0.1080649813275234
AGGREGATE.json,/versions/GBDT_V6.1.2/category_breakdowns/reading_order/page/Edit_dist/text_L-shaped_wrap,0.0
AGGREGATE.json,/versions/GBDT_V6.1.2/category_breakdowns/reading_order/page/Edit_dist/text_O-shaped_wrap,0.2222222222222222
AGGREGATE.json,/versions/GBDT_V6.1.2/category_breakdowns/reading_order/page/Edit_dist/text_embedded_in_image,0.6212121212121212
AGGREGATE.json,/versions/GBDT_V6.1.2/category_breakdowns/reading_order/page/Edit_dist/transparent_pages,0.0
AGGREGATE.json,/versions/GBDT_V6.1.2/category_breakdowns/reading_order/page/Edit_dist/watermark,0.1389893916710679
AGGREGATE.json,/versions/GBDT_V6.1.2/category_breakdowns/reading_order/page/Edit_dist/with_watermark,0.09961027584154515
AGGREGATE.json,/versions/GBDT_V6.1.2/denominator_note,"""All 1651 prediction pages retained; component metrics use the pinned evaluator's applicable matched samples/pages."""
AGGREGATE.json,/versions/GBDT_V6.1.2/raw_result_sha256,"""c109d13311ecd2843a7c175ecb0e34f10771f3f36f8c87c0c7aa898aad91a1e3"""
AGGREGATE.json,/versions/GBDT_V6.1.2/input_failures,0
AGGREGATE.json,/versions/GBDT_V6.1.2/empty_predictions,0
AGGREGATE.json,/versions/GBDT_V6.1.2/official_diagnostics/matching/workers,8
AGGREGATE.json,/versions/GBDT_V6.1.2/official_diagnostics/matching/page_count,1651
AGGREGATE.json,/versions/GBDT_V6.1.2/official_diagnostics/matching/quick_match_truncated_timeout_sec,300
AGGREGATE.json,/versions/GBDT_V6.1.2/official_diagnostics/matching/match_timeout_sec,420
AGGREGATE.json,/versions/GBDT_V6.1.2/official_diagnostics/matching/text_match_fallback_counts/quick_match_timeout,0
AGGREGATE.json,/versions/GBDT_V6.1.2/official_diagnostics/matching/text_match_fallback_counts/page_timeout,0
AGGREGATE.json,/versions/GBDT_V6.1.2/official_diagnostics/component_scoring/text_block,{}
AGGREGATE.json,/versions/GBDT_V6.1.2/official_diagnostics/component_scoring/display_formula/CDM/stage,"""CDM"""
AGGREGATE.json,/versions/GBDT_V6.1.2/official_diagnostics/component_scoring/display_formula/CDM/workers,8
AGGREGATE.json,/versions/GBDT_V6.1.2/official_diagnostics/component_scoring/display_formula/CDM/sample_count,2352
AGGREGATE.json,/versions/GBDT_V6.1.2/official_diagnostics/component_scoring/display_formula/CDM/timeout_case_count,0
AGGREGATE.json,/versions/GBDT_V6.1.2/official_diagnostics/component_scoring/display_formula/CDM/exception_case_count,0
AGGREGATE.json,/versions/GBDT_V6.1.2/official_diagnostics/component_scoring/table/TEDS/stage,"""TEDS"""
AGGREGATE.json,/versions/GBDT_V6.1.2/official_diagnostics/component_scoring/table/TEDS/workers,8
AGGREGATE.json,/versions/GBDT_V6.1.2/official_diagnostics/component_scoring/table/TEDS/timeout_sec,120.0
AGGREGATE.json,/versions/GBDT_V6.1.2/official_diagnostics/component_scoring/table/TEDS/sample_count,665
AGGREGATE.json,/versions/GBDT_V6.1.2/official_diagnostics/component_scoring/table/TEDS/timeout_case_count,0
AGGREGATE.json,/versions/GBDT_V6.1.2/official_diagnostics/component_scoring/table/TEDS/error_case_count,0
AGGREGATE.json,/versions/GBDT_V6.1.2/official_diagnostics/component_scoring/reading_order,{}
AGGREGATE.json,/versions/GBDT_V6.1.2/official_diagnostics/private_case_lists,"""Exact case identifiers remain in private raw products; counts retained here"""
AGGREGATE.json,/versions/GBDT_V6.1.2/official_diagnostics/raw_products_available,true
AGGREGATE.json,/versions/GBDT_V6.1.2/delta_from_D0/overall,0.008073611891632027
AGGREGATE.json,/versions/GBDT_V6.1.2/delta_from_D0/text_edit,-1.6045157742339278e-05
AGGREGATE.json,/versions/GBDT_V6.1.2/delta_from_D0/formula_cdm,0.00022616319900670145
AGGREGATE.json,/versions/GBDT_V6.1.2/delta_from_D0/formula_edit,6.283841947937047e-05
AGGREGATE.json,/versions/GBDT_V6.1.2/delta_from_D0/table_teds,0.0
AGGREGATE.json,/versions/GBDT_V6.1.2/delta_from_D0/table_teds_structure,0.0
AGGREGATE.json,/versions/GBDT_V6.1.2/delta_from_D0/table_edit,0.0
AGGREGATE.json,/versions/GBDT_V6.1.2/delta_from_D0/reading_order_edit,7.304203732776127e-05
AGGREGATE.json,/versions/GBDT_V6.1.3/values/text_edit,0.027082297519364407
AGGREGATE.json,/versions/GBDT_V6.1.3/values/formula_cdm,0.9862520776395189
AGGREGATE.json,/versions/GBDT_V6.1.3/values/formula_edit,0.049057459123595035
AGGREGATE.json,/versions/GBDT_V6.1.3/values/table_teds,0.9653405530919088
AGGREGATE.json,/versions/GBDT_V6.1.3/values/table_teds_structure,0.9777240608643601
AGGREGATE.json,/versions/GBDT_V6.1.3/values/table_edit,0.0386830737450321
AGGREGATE.json,/versions/GBDT_V6.1.3/values/reading_order_edit,0.11837031013035075
AGGREGATE.json,/versions/GBDT_V6.1.3/values/overall,97.48367777373544
AGGREGATE.json,/versions/GBDT_V6.1.3/missing_reasons,{}
AGGREGATE.json,/versions/GBDT_V6.1.3/page_denominator,1651
AGGREGATE.json,/versions/GBDT_V6.1.3/units/text_edit,"""0-1"""
AGGREGATE.json,/versions/GBDT_V6.1.3/units/formula_cdm,"""0-1"""
AGGREGATE.json,/versions/GBDT_V6.1.3/units/formula_edit,"""0-1"""
AGGREGATE.json,/versions/GBDT_V6.1.3/units/table_teds,"""0-1"""
AGGREGATE.json,/versions/GBDT_V6.1.3/units/table_teds_structure,"""0-1"""
AGGREGATE.json,/versions/GBDT_V6.1.3/units/table_edit,"""0-1"""
AGGREGATE.json,/versions/GBDT_V6.1.3/units/reading_order_edit,"""0-1"""
AGGREGATE.json,/versions/GBDT_V6.1.3/units/overall,"""0-100"""
AGGREGATE.json,/versions/GBDT_V6.1.3/direction/text_edit,"""lower"""
AGGREGATE.json,/versions/GBDT_V6.1.3/direction/formula_cdm,"""higher"""
AGGREGATE.json,/versions/GBDT_V6.1.3/direction/formula_edit,"""lower"""
AGGREGATE.json,/versions/GBDT_V6.1.3/direction/table_teds,"""higher"""
AGGREGATE.json,/versions/GBDT_V6.1.3/direction/table_teds_structure,"""higher"""
AGGREGATE.json,/versions/GBDT_V6.1.3/direction/table_edit,"""lower"""
AGGREGATE.json,/versions/GBDT_V6.1.3/direction/reading_order_edit,"""lower"""
AGGREGATE.json,/versions/GBDT_V6.1.3/direction/overall,"""higher"""
AGGREGATE.json,/versions/GBDT_V6.1.3/category_breakdowns/text_block/all/Edit_dist/ALL_page_avg,0.027082297519364407
AGGREGATE.json,/versions/GBDT_V6.1.3/category_breakdowns/text_block/all/Edit_dist/edit_whole,0.035459898452581955
AGGREGATE.json,/versions/GBDT_V6.1.3/category_breakdowns/text_block/all/Edit_dist/edit_sample_avg,0.02706989167377302
AGGREGATE.json,/versions/GBDT_V6.1.3/category_breakdowns/text_block/group/sample_count,{}
AGGREGATE.json,/versions/GBDT_V6.1.3/category_breakdowns/text_block/page/Edit_dist/ALL,0.027082297519364407
AGGREGATE.json,/versions/GBDT_V6.1.3/category_breakdowns/text_block/page/Edit_dist/None,0.019814950056479496
AGGREGATE.json,/versions/GBDT_V6.1.3/category_breakdowns/text_block/page/Edit_dist/colorful_backgroud,0.02433655081163482
AGGREGATE.json,/versions/GBDT_V6.1.3/category_breakdowns/text_block/page/Edit_dist/data_source: PPT2PDF,0.019240749779481207
AGGREGATE.json,/versions/GBDT_V6.1.3/category_breakdowns/text_block/page/Edit_dist/data_source: academic_literature,0.02550882935387964
AGGREGATE.json,/versions/GBDT_V6.1.3/category_breakdowns/text_block/page/Edit_dist/data_source: book,0.023437793008809465
AGGREGATE.json,/versions/GBDT_V6.1.3/category_breakdowns/text_block/page/Edit_dist/data_source: colorful_textbook,0.03537801091123122
AGGREGATE.json,/versions/GBDT_V6.1.3/category_breakdowns/text_block/page/Edit_dist/data_source: exam_paper,0.04063365995718062
AGGREGATE.json,/versions/GBDT_V6.1.3/category_breakdowns/text_block/page/Edit_dist/data_source: historical_document,0.177756402797043
AGGREGATE.json,/versions/GBDT_V6.1.3/category_breakdowns/text_block/page/Edit_dist/data_source: magazine,0.01384354304025317
AGGREGATE.json,/versions/GBDT_V6.1.3/category_breakdowns/text_block/page/Edit_dist/data_source: newspaper,0.04135964945917441
AGGREGATE.json,/versions/GBDT_V6.1.3/category_breakdowns/text_block/page/Edit_dist/data_source: note,0.03043579257422515
AGGREGATE.json,/versions/GBDT_V6.1.3/category_breakdowns/text_block/page/Edit_dist/data_source: research_report,0.007140742389046126
AGGREGATE.json,/versions/GBDT_V6.1.3/category_breakdowns/text_block/page/Edit_dist/fuzzy_content,0.015926465234801603
AGGREGATE.json,/versions/GBDT_V6.1.3/category_breakdowns/text_block/page/Edit_dist/fuzzy_scan,0.03703741985593637
AGGREGATE.json,/versions/GBDT_V6.1.3/category_breakdowns/text_block/page/Edit_dist/geometric_deformation,0.03496644589690337
AGGREGATE.json,/versions/GBDT_V6.1.3/category_breakdowns/text_block/page/Edit_dist/handwriting,0.42577675489067895
AGGREGATE.json,/versions/GBDT_V6.1.3/category_breakdowns/text_block/page/Edit_dist/language: en_ch_mixed,0.02060268336744034
AGGREGATE.json,/versions/GBDT_V6.1.3/category_breakdowns/text_block/page/Edit_dist/language: english,0.02162419859906655
AGGREGATE.json,/versions/GBDT_V6.1.3/category_breakdowns/text_block/page/Edit_dist/language: other,0.001282051282051282
AGGREGATE.json,/versions/GBDT_V6.1.3/category_breakdowns/text_block/page/Edit_dist/language: simplified_chinese,0.03284682787447575
AGGREGATE.json,/versions/GBDT_V6.1.3/category_breakdowns/text_block/page/Edit_dist/language: traditional_chinese,0.07873146809401618
AGGREGATE.json,/versions/GBDT_V6.1.3/category_breakdowns/text_block/page/Edit_dist/layout: 1andmore_column,0.019501172050325786
AGGREGATE.json,/versions/GBDT_V6.1.3/category_breakdowns/text_block/page/Edit_dist/layout: double_column,0.020264032037861666
AGGREGATE.json,/versions/GBDT_V6.1.3/category_breakdowns/text_block/page/Edit_dist/layout: other_layout,0.042258785133670276
AGGREGATE.json,/versions/GBDT_V6.1.3/category_breakdowns/text_block/page/Edit_dist/layout: single_column,0.0236550230565406
AGGREGATE.json,/versions/GBDT_V6.1.3/category_breakdowns/text_block/page/Edit_dist/layout: three_column,0.019947654392550355
AGGREGATE.json,/versions/GBDT_V6.1.3/category_breakdowns/text_block/page/Edit_dist/subset: equation_hard,0.060500304544704536
AGGREGATE.json,/versions/GBDT_V6.1.3/category_breakdowns/text_block/page/Edit_dist/subset: layout_hard,0.04535899316187916
AGGREGATE.json,/versions/GBDT_V6.1.3/category_breakdowns/text_block/page/Edit_dist/subset: table_hard,0.0018480218862584664
AGGREGATE.json,/versions/GBDT_V6.1.3/category_breakdowns/text_block/page/Edit_dist/subset: v1.5,0.02445303251408057
AGGREGATE.json,/versions/GBDT_V6.1.3/category_breakdowns/text_block/page/Edit_dist/text_L-shaped_wrap,0.07429043361431584
AGGREGATE.json,/versions/GBDT_V6.1.3/category_breakdowns/text_block/page/Edit_dist/text_O-shaped_wrap,0.08762886597938144
AGGREGATE.json,/versions/GBDT_V6.1.3/category_breakdowns/text_block/page/Edit_dist/text_embedded_in_image,0.05345911949685535
AGGREGATE.json,/versions/GBDT_V6.1.3/category_breakdowns/text_block/page/Edit_dist/transparent_pages,0.022997663489361116
AGGREGATE.json,/versions/GBDT_V6.1.3/category_breakdowns/text_block/page/Edit_dist/watermark,0.0340222524344736
AGGREGATE.json,/versions/GBDT_V6.1.3/category_breakdowns/text_block/page/Edit_dist/with_watermark,0.015641224246314058
AGGREGATE.json,/versions/GBDT_V6.1.3/category_breakdowns/display_formula/all/Edit_dist/ALL_page_avg,0.049057459123595035
AGGREGATE.json,/versions/GBDT_V6.1.3/category_breakdowns/display_formula/all/Edit_dist/edit_whole,0.050791782280893524
AGGREGATE.json,/versions/GBDT_V6.1.3/category_breakdowns/display_formula/all/Edit_dist/edit_sample_avg,0.04755952721277081
AGGREGATE.json,/versions/GBDT_V6.1.3/category_breakdowns/display_formula/all/CDM/all,0.9787359693877551
AGGREGATE.json,/versions/GBDT_V6.1.3/category_breakdowns/display_formula/group/sample_count,{}
AGGREGATE.json,/versions/GBDT_V6.1.3/category_breakdowns/display_formula/page/CDM/ALL,0.9862520776395189
AGGREGATE.json,/versions/GBDT_V6.1.3/category_breakdowns/display_formula/page/CDM/None,0.9906722420471137
AGGREGATE.json,/versions/GBDT_V6.1.3/category_breakdowns/display_formula/page/CDM/colorful_backgroud,0.9987375000000001
AGGREGATE.json,/versions/GBDT_V6.1.3/category_breakdowns/display_formula/page/CDM/data_source: PPT2PDF,0.99659125
AGGREGATE.json,/versions/GBDT_V6.1.3/category_breakdowns/display_formula/page/CDM/data_source: academic_literature,0.9962124593193921
AGGREGATE.json,/versions/GBDT_V6.1.3/category_breakdowns/display_formula/page/CDM/data_source: book,0.9791281481055818
AGGREGATE.json,/versions/GBDT_V6.1.3/category_breakdowns/display_formula/page/CDM/data_source: colorful_textbook,0.9789359375
AGGREGATE.json,/versions/GBDT_V6.1.3/category_breakdowns/display_formula/page/CDM/data_source: exam_paper,0.9874888697505269
AGGREGATE.json,/versions/GBDT_V6.1.3/category_breakdowns/display_formula/page/CDM/data_source: note,0.9611349206349207
AGGREGATE.json,/versions/GBDT_V6.1.3/category_breakdowns/display_formula/page/CDM/fuzzy_content,0.9941249999999999
AGGREGATE.json,/versions/GBDT_V6.1.3/category_breakdowns/display_formula/page/CDM/fuzzy_scan,0.8660333333333334
AGGREGATE.json,/versions/GBDT_V6.1.3/category_breakdowns/display_formula/page/CDM/geometric_deformation,0.9908787878787879
AGGREGATE.json,/versions/GBDT_V6.1.3/category_breakdowns/display_formula/page/CDM/handwriting,0.9878333333333333
AGGREGATE.json,/versions/GBDT_V6.1.3/category_breakdowns/display_formula/page/CDM/language: en_ch_mixed,1.0
AGGREGATE.json,/versions/GBDT_V6.1.3/category_breakdowns/display_formula/page/CDM/language: english,0.9925000612681963
AGGREGATE.json,/versions/GBDT_V6.1.3/category_breakdowns/display_formula/page/CDM/language: simplified_chinese,0.9704425464984453
AGGREGATE.json,/versions/GBDT_V6.1.3/category_breakdowns/display_formula/page/CDM/layout: 1andmore_column,0.9973635964912281
AGGREGATE.json,/versions/GBDT_V6.1.3/category_breakdowns/display_formula/page/CDM/layout: double_column,0.9804405350493087
AGGREGATE.json,/versions/GBDT_V6.1.3/category_breakdowns/display_formula/page/CDM/layout: other_layout,0.9850621693121694
AGGREGATE.json,/versions/GBDT_V6.1.3/category_breakdowns/display_formula/page/CDM/layout: single_column,0.9879389661706618
AGGREGATE.json,/versions/GBDT_V6.1.3/category_breakdowns/display_formula/page/CDM/layout: three_column,0.8331873015873015
AGGREGATE.json,/versions/GBDT_V6.1.3/category_breakdowns/display_formula/page/CDM/subset: equation_hard,0.9864985636786542
AGGREGATE.json,/versions/GBDT_V6.1.3/category_breakdowns/display_formula/page/CDM/subset: layout_hard,0.995904761904762
AGGREGATE.json,/versions/GBDT_V6.1.3/category_breakdowns/display_formula/page/CDM/subset: table_hard,1.0
AGGREGATE.json,/versions/GBDT_V6.1.3/category_breakdowns/display_formula/page/CDM/subset: v1.5,0.985404681650483
AGGREGATE.json,/versions/GBDT_V6.1.3/category_breakdowns/display_formula/page/CDM/text_L-shaped_wrap,0.9962142857142857
AGGREGATE.json,/versions/GBDT_V6.1.3/category_breakdowns/display_formula/page/CDM/text_O-shaped_wrap,1.0
AGGREGATE.json,/versions/GBDT_V6.1.3/category_breakdowns/display_formula/page/CDM/watermark,0.8879141666666668
AGGREGATE.json,/versions/GBDT_V6.1.3/category_breakdowns/display_formula/page/CDM/with_watermark,0.9988250000000001
AGGREGATE.json,/versions/GBDT_V6.1.3/category_breakdowns/display_formula/page/Edit_dist/ALL,0.049057459123595035
AGGREGATE.json,/versions/GBDT_V6.1.3/category_breakdowns/display_formula/page/Edit_dist/None,0.042053949343192266
AGGREGATE.json,/versions/GBDT_V6.1.3/category_breakdowns/display_formula/page/Edit_dist/colorful_backgroud,0.03384035819727031
AGGREGATE.json,/versions/GBDT_V6.1.3/category_breakdowns/display_formula/page/Edit_dist/data_source: PPT2PDF,0.03685976513192836
AGGREGATE.json,/versions/GBDT_V6.1.3/category_breakdowns/display_formula/page/Edit_dist/data_source: academic_literature,0.04226903910627633
AGGREGATE.json,/versions/GBDT_V6.1.3/category_breakdowns/display_formula/page/Edit_dist/data_source: book,0.061261130400872416
AGGREGATE.json,/versions/GBDT_V6.1.3/category_breakdowns/display_formula/page/Edit_dist/data_source: colorful_textbook,0.06985245852952521
AGGREGATE.json,/versions/GBDT_V6.1.3/category_breakdowns/display_formula/page/Edit_dist/data_source: exam_paper,0.0336104682026615
AGGREGATE.json,/versions/GBDT_V6.1.3/category_breakdowns/display_formula/page/Edit_dist/data_source: note,0.11955374101123456
AGGREGATE.json,/versions/GBDT_V6.1.3/category_breakdowns/display_formula/page/Edit_dist/fuzzy_content,0.01634877384196185
AGGREGATE.json,/versions/GBDT_V6.1.3/category_breakdowns/display_formula/page/Edit_dist/fuzzy_scan,0.08800859291084855
AGGREGATE.json,/versions/GBDT_V6.1.3/category_breakdowns/display_formula/page/Edit_dist/geometric_deformation,0.048813014942047206
AGGREGATE.json,/versions/GBDT_V6.1.3/category_breakdowns/display_formula/page/Edit_dist/handwriting,0.11666666666666667
AGGREGATE.json,/versions/GBDT_V6.1.3/category_breakdowns/display_formula/page/Edit_dist/language: en_ch_mixed,0.07692307692307693
AGGREGATE.json,/versions/GBDT_V6.1.3/category_breakdowns/display_formula/page/Edit_dist/language: english,0.04470427033778781
AGGREGATE.json,/versions/GBDT_V6.1.3/category_breakdowns/display_formula/page/Edit_dist/language: simplified_chinese,0.059651790375679636
AGGREGATE.json,/versions/GBDT_V6.1.3/category_breakdowns/display_formula/page/Edit_dist/layout: 1andmore_column,0.027221319122418593
AGGREGATE.json,/versions/GBDT_V6.1.3/category_breakdowns/display_formula/page/Edit_dist/layout: double_column,0.04765382571152357
AGGREGATE.json,/versions/GBDT_V6.1.3/category_breakdowns/display_formula/page/Edit_dist/layout: other_layout,0.06152192264839379
AGGREGATE.json,/versions/GBDT_V6.1.3/category_breakdowns/display_formula/page/Edit_dist/layout: single_column,0.04987344610640042
AGGREGATE.json,/versions/GBDT_V6.1.3/category_breakdowns/display_formula/page/Edit_dist/layout: three_column,0.19282988337302315
AGGREGATE.json,/versions/GBDT_V6.1.3/category_breakdowns/display_formula/page/Edit_dist/subset: equation_hard,0.05720890088502354
AGGREGATE.json,/versions/GBDT_V6.1.3/category_breakdowns/display_formula/page/Edit_dist/subset: layout_hard,0.057363672350636004
AGGREGATE.json,/versions/GBDT_V6.1.3/category_breakdowns/display_formula/page/Edit_dist/subset: table_hard,0.0
AGGREGATE.json,/versions/GBDT_V6.1.3/category_breakdowns/display_formula/page/Edit_dist/subset: v1.5,0.0454263139352166
AGGREGATE.json,/versions/GBDT_V6.1.3/category_breakdowns/display_formula/page/Edit_dist/text_L-shaped_wrap,0.03572167080231596
AGGREGATE.json,/versions/GBDT_V6.1.3/category_breakdowns/display_formula/page/Edit_dist/text_O-shaped_wrap,0.0
AGGREGATE.json,/versions/GBDT_V6.1.3/category_breakdowns/display_formula/page/Edit_dist/watermark,0.077570118679275
AGGREGATE.json,/versions/GBDT_V6.1.3/category_breakdowns/display_formula/page/Edit_dist/with_watermark,0.009117707984766639
AGGREGATE.json,/versions/GBDT_V6.1.3/category_breakdowns/table/all/TEDS/all,0.9621060054728379
AGGREGATE.json,/versions/GBDT_V6.1.3/category_breakdowns/table/all/TEDS_structure_only/all,0.9763065951117504
AGGREGATE.json,/versions/GBDT_V6.1.3/category_breakdowns/table/all/Edit_dist/ALL_page_avg,0.0386830737450321
AGGREGATE.json,/versions/GBDT_V6.1.3/category_breakdowns/table/all/Edit_dist/edit_whole,0.054806363200220407
AGGREGATE.json,/versions/GBDT_V6.1.3/category_breakdowns/table/all/Edit_dist/edit_sample_avg,0.03645607688294273
AGGREGATE.json,/versions/GBDT_V6.1.3/category_breakdowns/table/group/sample_count,{}
AGGREGATE.json,/versions/GBDT_V6.1.3/category_breakdowns/table/page/Edit_dist/ALL,0.0386830737450321
AGGREGATE.json,/versions/GBDT_V6.1.3/category_breakdowns/table/page/Edit_dist/None,0.20990909310379052
AGGREGATE.json,/versions/GBDT_V6.1.3/category_breakdowns/table/page/Edit_dist/colorful_backgroud,0.03046873291932252
AGGREGATE.json,/versions/GBDT_V6.1.3/category_breakdowns/table/page/Edit_dist/data_source: PPT2PDF,0.06406914105686279
AGGREGATE.json,/versions/GBDT_V6.1.3/category_breakdowns/table/page/Edit_dist/data_source: academic_literature,0.05830663317407867
AGGREGATE.json,/versions/GBDT_V6.1.3/category_breakdowns/table/page/Edit_dist/data_source: book,0.0263341663032796
AGGREGATE.json,/versions/GBDT_V6.1.3/category_breakdowns/table/page/Edit_dist/data_source: colorful_textbook,0.042833279957107125
AGGREGATE.json,/versions/GBDT_V6.1.3/category_breakdowns/table/page/Edit_dist/data_source: exam_paper,0.010560444975423794
AGGREGATE.json,/versions/GBDT_V6.1.3/category_breakdowns/table/page/Edit_dist/data_source: magazine,0.04304340556931302
AGGREGATE.json,/versions/GBDT_V6.1.3/category_breakdowns/table/page/Edit_dist/data_source: newspaper,0.08046667162155176
AGGREGATE.json,/versions/GBDT_V6.1.3/category_breakdowns/table/page/Edit_dist/data_source: note,0.0693979135038134
AGGREGATE.json,/versions/GBDT_V6.1.3/category_breakdowns/table/page/Edit_dist/data_source: research_report,0.025373848690897257
AGGREGATE.json,/versions/GBDT_V6.1.3/category_breakdowns/table/page/Edit_dist/fuzzy_scan,0.0012987012987012987
AGGREGATE.json,/versions/GBDT_V6.1.3/category_breakdowns/table/page/Edit_dist/geometric_deformation,0.06914468425259793
AGGREGATE.json,/versions/GBDT_V6.1.3/category_breakdowns/table/page/Edit_dist/language: en_ch_mixed,0.04027336270470763
AGGREGATE.json,/versions/GBDT_V6.1.3/category_breakdowns/table/page/Edit_dist/language: english,0.058487896949375624
AGGREGATE.json,/versions/GBDT_V6.1.3/category_breakdowns/table/page/Edit_dist/language: simplified_chinese,0.027909959643211097
AGGREGATE.json,/versions/GBDT_V6.1.3/category_breakdowns/table/page/Edit_dist/language: traditional_chinese,0.04472153036162835
AGGREGATE.json,/versions/GBDT_V6.1.3/category_breakdowns/table/page/Edit_dist/layout: 1andmore_column,0.012926489187587353
AGGREGATE.json,/versions/GBDT_V6.1.3/category_breakdowns/table/page/Edit_dist/layout: double_column,0.02944520082407393
AGGREGATE.json,/versions/GBDT_V6.1.3/category_breakdowns/table/page/Edit_dist/layout: other_layout,0.06066934054082928
AGGREGATE.json,/versions/GBDT_V6.1.3/category_breakdowns/table/page/Edit_dist/layout: single_column,0.0402957908585681
AGGREGATE.json,/versions/GBDT_V6.1.3/category_breakdowns/table/page/Edit_dist/layout: three_column,0.0036458333333333334
AGGREGATE.json,/versions/GBDT_V6.1.3/category_breakdowns/table/page/Edit_dist/subset: equation_hard,0.10193236714975845
AGGREGATE.json,/versions/GBDT_V6.1.3/category_breakdowns/table/page/Edit_dist/subset: layout_hard,0.044589381772494045
AGGREGATE.json,/versions/GBDT_V6.1.3/category_breakdowns/table/page/Edit_dist/subset: table_hard,0.07522818989804861
AGGREGATE.json,/versions/GBDT_V6.1.3/category_breakdowns/table/page/Edit_dist/subset: v1.5,0.028088699620041353
AGGREGATE.json,/versions/GBDT_V6.1.3/category_breakdowns/table/page/Edit_dist/watermark,0.017387018807008135
AGGREGATE.json,/versions/GBDT_V6.1.3/category_breakdowns/table/page/Edit_dist/with_watermark,0.025828602891633284
AGGREGATE.json,/versions/GBDT_V6.1.3/category_breakdowns/table/page/TEDS/ALL,0.9653405530919088
AGGREGATE.json,/versions/GBDT_V6.1.3/category_breakdowns/table/page/TEDS/None,0.7946164509885543
AGGREGATE.json,/versions/GBDT_V6.1.3/category_breakdowns/table/page/TEDS/colorful_backgroud,0.9674543513218762
AGGREGATE.json,/versions/GBDT_V6.1.3/category_breakdowns/table/page/TEDS/data_source: PPT2PDF,0.9817507218222378
AGGREGATE.json,/versions/GBDT_V6.1.3/category_breakdowns/table/page/TEDS/data_source: academic_literature,0.9454543232293119
AGGREGATE.json,/versions/GBDT_V6.1.3/category_breakdowns/table/page/TEDS/data_source: book,0.9708391316660361
AGGREGATE.json,/versions/GBDT_V6.1.3/category_breakdowns/table/page/TEDS/data_source: colorful_textbook,0.9788467798146142
AGGREGATE.json,/versions/GBDT_V6.1.3/category_breakdowns/table/page/TEDS/data_source: exam_paper,0.989661382026614
AGGREGATE.json,/versions/GBDT_V6.1.3/category_breakdowns/table/page/TEDS/data_source: magazine,0.9606552806098848
AGGREGATE.json,/versions/GBDT_V6.1.3/category_breakdowns/table/page/TEDS/data_source: newspaper,0.9138931098171538
AGGREGATE.json,/versions/GBDT_V6.1.3/category_breakdowns/table/page/TEDS/data_source: note,0.9013668082543175
AGGREGATE.json,/versions/GBDT_V6.1.3/category_breakdowns/table/page/TEDS/data_source: research_report,0.9809097179484896
AGGREGATE.json,/versions/GBDT_V6.1.3/category_breakdowns/table/page/TEDS/fuzzy_scan,0.9988636363636363
AGGREGATE.json,/versions/GBDT_V6.1.3/category_breakdowns/table/page/TEDS/geometric_deformation,0.9950207223626515
AGGREGATE.json,/versions/GBDT_V6.1.3/category_breakdowns/table/page/TEDS/language: en_ch_mixed,0.9744190158916501
AGGREGATE.json,/versions/GBDT_V6.1.3/category_breakdowns/table/page/TEDS/language: english,0.9480217258901983
AGGREGATE.json,/versions/GBDT_V6.1.3/category_breakdowns/table/page/TEDS/language: simplified_chinese,0.9750519605612968
AGGREGATE.json,/versions/GBDT_V6.1.3/category_breakdowns/table/page/TEDS/language: traditional_chinese,0.9096343087159484
AGGREGATE.json,/versions/GBDT_V6.1.3/category_breakdowns/table/page/TEDS/layout: 1andmore_column,0.9863554654867819
AGGREGATE.json,/versions/GBDT_V6.1.3/category_breakdowns/table/page/TEDS/layout: double_column,0.9662530202617504
AGGREGATE.json,/versions/GBDT_V6.1.3/category_breakdowns/table/page/TEDS/layout: other_layout,0.9462578354311306
AGGREGATE.json,/versions/GBDT_V6.1.3/category_breakdowns/table/page/TEDS/layout: single_column,0.9651087170146477
AGGREGATE.json,/versions/GBDT_V6.1.3/category_breakdowns/table/page/TEDS/layout: three_column,0.9959770114942529
AGGREGATE.json,/versions/GBDT_V6.1.3/category_breakdowns/table/page/TEDS/subset: equation_hard,0.9284366339006804
AGGREGATE.json,/versions/GBDT_V6.1.3/category_breakdowns/table/page/TEDS/subset: layout_hard,0.936932740856016
AGGREGATE.json,/versions/GBDT_V6.1.3/category_breakdowns/table/page/TEDS/subset: table_hard,0.941779657346694
AGGREGATE.json,/versions/GBDT_V6.1.3/category_breakdowns/table/page/TEDS/subset: v1.5,0.9727094340706992
AGGREGATE.json,/versions/GBDT_V6.1.3/category_breakdowns/table/page/TEDS/watermark,0.995781695443632
AGGREGATE.json,/versions/GBDT_V6.1.3/category_breakdowns/table/page/TEDS/with_watermark,0.9793092712708424
AGGREGATE.json,/versions/GBDT_V6.1.3/category_breakdowns/table/page/TEDS_structure_only/ALL,0.9777240608643601
AGGREGATE.json,/versions/GBDT_V6.1.3/category_breakdowns/table/page/TEDS_structure_only/None,0.7983122362869198
AGGREGATE.json,/versions/GBDT_V6.1.3/category_breakdowns/table/page/TEDS_structure_only/colorful_backgroud,0.981916455131954
AGGREGATE.json,/versions/GBDT_V6.1.3/category_breakdowns/table/page/TEDS_structure_only/data_source: PPT2PDF,1.0
AGGREGATE.json,/versions/GBDT_V6.1.3/category_breakdowns/table/page/TEDS_structure_only/data_source: academic_literature,0.9636968522397684
AGGREGATE.json,/versions/GBDT_V6.1.3/category_breakdowns/table/page/TEDS_structure_only/data_source: book,0.9840670969044283
AGGREGATE.json,/versions/GBDT_V6.1.3/category_breakdowns/table/page/TEDS_structure_only/data_source: colorful_textbook,0.9891130298273155
AGGREGATE.json,/versions/GBDT_V6.1.3/category_breakdowns/table/page/TEDS_structure_only/data_source: exam_paper,0.9998552486827631
AGGREGATE.json,/versions/GBDT_V6.1.3/category_breakdowns/table/page/TEDS_structure_only/data_source: magazine,0.9708323567326849
AGGREGATE.json,/versions/GBDT_V6.1.3/category_breakdowns/table/page/TEDS_structure_only/data_source: newspaper,0.9262485834377711
AGGREGATE.json,/versions/GBDT_V6.1.3/category_breakdowns/table/page/TEDS_structure_only/data_source: note,0.9172955113904703
AGGREGATE.json,/versions/GBDT_V6.1.3/category_breakdowns/table/page/TEDS_structure_only/data_source: research_report,0.988170233641984
AGGREGATE.json,/versions/GBDT_V6.1.3/category_breakdowns/table/page/TEDS_structure_only/fuzzy_scan,1.0
AGGREGATE.json,/versions/GBDT_V6.1.3/category_breakdowns/table/page/TEDS_structure_only/geometric_deformation,1.0
AGGREGATE.json,/versions/GBDT_V6.1.3/category_breakdowns/table/page/TEDS_structure_only/language: en_ch_mixed,0.9925349137498747
AGGREGATE.json,/versions/GBDT_V6.1.3/category_breakdowns/table/page/TEDS_structure_only/language: english,0.9647532036315667
AGGREGATE.json,/versions/GBDT_V6.1.3/category_breakdowns/table/page/TEDS_structure_only/language: simplified_chinese,0.9842741613277083
AGGREGATE.json,/versions/GBDT_V6.1.3/category_breakdowns/table/page/TEDS_structure_only/language: traditional_chinese,0.9349677622052838
AGGREGATE.json,/versions/GBDT_V6.1.3/category_breakdowns/table/page/TEDS_structure_only/layout: 1andmore_column,0.9916505784278578
AGGREGATE.json,/versions/GBDT_V6.1.3/category_breakdowns/table/page/TEDS_structure_only/layout: double_column,0.9796337296822674
AGGREGATE.json,/versions/GBDT_V6.1.3/category_breakdowns/table/page/TEDS_structure_only/layout: other_layout,0.9659594643961504
AGGREGATE.json,/versions/GBDT_V6.1.3/category_breakdowns/table/page/TEDS_structure_only/layout: single_column,0.97720545270725
AGGREGATE.json,/versions/GBDT_V6.1.3/category_breakdowns/table/page/TEDS_structure_only/layout: three_column,1.0
AGGREGATE.json,/versions/GBDT_V6.1.3/category_breakdowns/table/page/TEDS_structure_only/subset: equation_hard,1.0
AGGREGATE.json,/versions/GBDT_V6.1.3/category_breakdowns/table/page/TEDS_structure_only/subset: layout_hard,0.9928886217948718
AGGREGATE.json,/versions/GBDT_V6.1.3/category_breakdowns/table/page/TEDS_structure_only/subset: table_hard,0.960982636904713
AGGREGATE.json,/versions/GBDT_V6.1.3/category_breakdowns/table/page/TEDS_structure_only/subset: v1.5,0.9818780487799452
AGGREGATE.json,/versions/GBDT_V6.1.3/category_breakdowns/table/page/TEDS_structure_only/watermark,1.0
AGGREGATE.json,/versions/GBDT_V6.1.3/category_breakdowns/table/page/TEDS_structure_only/with_watermark,1.0
AGGREGATE.json,/versions/GBDT_V6.1.3/category_breakdowns/reading_order/all/Edit_dist/ALL_page_avg,0.11837031013035075
AGGREGATE.json,/versions/GBDT_V6.1.3/category_breakdowns/reading_order/all/Edit_dist/edit_whole,0.10094171765829102
AGGREGATE.json,/versions/GBDT_V6.1.3/category_breakdowns/reading_order/all/Edit_dist/edit_sample_avg,0.11837031013035075
AGGREGATE.json,/versions/GBDT_V6.1.3/category_breakdowns/reading_order/group/sample_count,{}
AGGREGATE.json,/versions/GBDT_V6.1.3/category_breakdowns/reading_order/page/Edit_dist/ALL,0.11837031013035075
AGGREGATE.json,/versions/GBDT_V6.1.3/category_breakdowns/reading_order/page/Edit_dist/None,0.03859955082426854
AGGREGATE.json,/versions/GBDT_V6.1.3/category_breakdowns/reading_order/page/Edit_dist/colorful_backgroud,0.08008143274653078
AGGREGATE.json,/versions/GBDT_V6.1.3/category_breakdowns/reading_order/page/Edit_dist/data_source: PPT2PDF,0.07441220118522911
AGGREGATE.json,/versions/GBDT_V6.1.3/category_breakdowns/reading_order/page/Edit_dist/data_source: academic_literature,0.16228834485858684
AGGREGATE.json,/versions/GBDT_V6.1.3/category_breakdowns/reading_order/page/Edit_dist/data_source: book,0.13611841144043138
AGGREGATE.json,/versions/GBDT_V6.1.3/category_breakdowns/reading_order/page/Edit_dist/data_source: colorful_textbook,0.07774320296563038
AGGREGATE.json,/versions/GBDT_V6.1.3/category_breakdowns/reading_order/page/Edit_dist/data_source: exam_paper,0.08218638247432905
AGGREGATE.json,/versions/GBDT_V6.1.3/category_breakdowns/reading_order/page/Edit_dist/data_source: historical_document,0.18263027295285358
AGGREGATE.json,/versions/GBDT_V6.1.3/category_breakdowns/reading_order/page/Edit_dist/data_source: magazine,0.057282696005819735
AGGREGATE.json,/versions/GBDT_V6.1.3/category_breakdowns/reading_order/page/Edit_dist/data_source: newspaper,0.1017601160776632
AGGREGATE.json,/versions/GBDT_V6.1.3/category_breakdowns/reading_order/page/Edit_dist/data_source: note,0.08342055298799535
AGGREGATE.json,/versions/GBDT_V6.1.3/category_breakdowns/reading_order/page/Edit_dist/data_source: research_report,0.31032298518032403
AGGREGATE.json,/versions/GBDT_V6.1.3/category_breakdowns/reading_order/page/Edit_dist/fuzzy_content,0.0
AGGREGATE.json,/versions/GBDT_V6.1.3/category_breakdowns/reading_order/page/Edit_dist/fuzzy_scan,0.08006251001607038
AGGREGATE.json,/versions/GBDT_V6.1.3/category_breakdowns/reading_order/page/Edit_dist/geometric_deformation,0.1265424811693649
AGGREGATE.json,/versions/GBDT_V6.1.3/category_breakdowns/reading_order/page/Edit_dist/handwriting,0.34791666666666665
AGGREGATE.json,/versions/GBDT_V6.1.3/category_breakdowns/reading_order/page/Edit_dist/language: en_ch_mixed,0.09889386702616208
AGGREGATE.json,/versions/GBDT_V6.1.3/category_breakdowns/reading_order/page/Edit_dist/language: english,0.088656432584711
AGGREGATE.json,/versions/GBDT_V6.1.3/category_breakdowns/reading_order/page/Edit_dist/language: other,0.0
AGGREGATE.json,/versions/GBDT_V6.1.3/category_breakdowns/reading_order/page/Edit_dist/language: simplified_chinese,0.14935618965129072
AGGREGATE.json,/versions/GBDT_V6.1.3/category_breakdowns/reading_order/page/Edit_dist/language: traditional_chinese,0.22030149337841645
AGGREGATE.json,/versions/GBDT_V6.1.3/category_breakdowns/reading_order/page/Edit_dist/layout: 1andmore_column,0.0936777622157175
AGGREGATE.json,/versions/GBDT_V6.1.3/category_breakdowns/reading_order/page/Edit_dist/layout: double_column,0.06113803596074133
AGGREGATE.json,/versions/GBDT_V6.1.3/category_breakdowns/reading_order/page/Edit_dist/layout: other_layout,0.09726639571526147
AGGREGATE.json,/versions/GBDT_V6.1.3/category_breakdowns/reading_order/page/Edit_dist/layout: single_column,0.14518610235262455
AGGREGATE.json,/versions/GBDT_V6.1.3/category_breakdowns/reading_order/page/Edit_dist/layout: three_column,0.08750318688792848
AGGREGATE.json,/versions/GBDT_V6.1.3/category_breakdowns/reading_order/page/Edit_dist/subset: equation_hard,0.025080580354309937
AGGREGATE.json,/versions/GBDT_V6.1.3/category_breakdowns/reading_order/page/Edit_dist/subset: layout_hard,0.09161125236838168
AGGREGATE.json,/versions/GBDT_V6.1.3/category_breakdowns/reading_order/page/Edit_dist/subset: table_hard,0.3900758667417174
AGGREGATE.json,/versions/GBDT_V6.1.3/category_breakdowns/reading_order/page/Edit_dist/subset: v1.5,0.1080649813275234
AGGREGATE.json,/versions/GBDT_V6.1.3/category_breakdowns/reading_order/page/Edit_dist/text_L-shaped_wrap,0.0
AGGREGATE.json,/versions/GBDT_V6.1.3/category_breakdowns/reading_order/page/Edit_dist/text_O-shaped_wrap,0.2222222222222222
AGGREGATE.json,/versions/GBDT_V6.1.3/category_breakdowns/reading_order/page/Edit_dist/text_embedded_in_image,0.6212121212121212
AGGREGATE.json,/versions/GBDT_V6.1.3/category_breakdowns/reading_order/page/Edit_dist/transparent_pages,0.0
AGGREGATE.json,/versions/GBDT_V6.1.3/category_breakdowns/reading_order/page/Edit_dist/watermark,0.1389893916710679
AGGREGATE.json,/versions/GBDT_V6.1.3/category_breakdowns/reading_order/page/Edit_dist/with_watermark,0.09961027584154515
AGGREGATE.json,/versions/GBDT_V6.1.3/denominator_note,"""All 1651 prediction pages retained; component metrics use the pinned evaluator's applicable matched samples/pages."""
AGGREGATE.json,/versions/GBDT_V6.1.3/raw_result_sha256,"""ffcb28ababbe094e8ca69eb861e13cff40d0b5f9044f671e60ac2b3b0e551a84"""
AGGREGATE.json,/versions/GBDT_V6.1.3/input_failures,0
AGGREGATE.json,/versions/GBDT_V6.1.3/empty_predictions,0
AGGREGATE.json,/versions/GBDT_V6.1.3/official_diagnostics/matching/workers,8
AGGREGATE.json,/versions/GBDT_V6.1.3/official_diagnostics/matching/page_count,1651
AGGREGATE.json,/versions/GBDT_V6.1.3/official_diagnostics/matching/quick_match_truncated_timeout_sec,300
AGGREGATE.json,/versions/GBDT_V6.1.3/official_diagnostics/matching/match_timeout_sec,420
AGGREGATE.json,/versions/GBDT_V6.1.3/official_diagnostics/matching/text_match_fallback_counts/quick_match_timeout,0
AGGREGATE.json,/versions/GBDT_V6.1.3/official_diagnostics/matching/text_match_fallback_counts/page_timeout,0
AGGREGATE.json,/versions/GBDT_V6.1.3/official_diagnostics/component_scoring/text_block,{}
AGGREGATE.json,/versions/GBDT_V6.1.3/official_diagnostics/component_scoring/display_formula/CDM/stage,"""CDM"""
AGGREGATE.json,/versions/GBDT_V6.1.3/official_diagnostics/component_scoring/display_formula/CDM/workers,8
AGGREGATE.json,/versions/GBDT_V6.1.3/official_diagnostics/component_scoring/display_formula/CDM/sample_count,2352
AGGREGATE.json,/versions/GBDT_V6.1.3/official_diagnostics/component_scoring/display_formula/CDM/timeout_case_count,0
AGGREGATE.json,/versions/GBDT_V6.1.3/official_diagnostics/component_scoring/display_formula/CDM/exception_case_count,0
AGGREGATE.json,/versions/GBDT_V6.1.3/official_diagnostics/component_scoring/table/TEDS/stage,"""TEDS"""
AGGREGATE.json,/versions/GBDT_V6.1.3/official_diagnostics/component_scoring/table/TEDS/workers,8
AGGREGATE.json,/versions/GBDT_V6.1.3/official_diagnostics/component_scoring/table/TEDS/timeout_sec,120.0
AGGREGATE.json,/versions/GBDT_V6.1.3/official_diagnostics/component_scoring/table/TEDS/sample_count,665
AGGREGATE.json,/versions/GBDT_V6.1.3/official_diagnostics/component_scoring/table/TEDS/timeout_case_count,0
AGGREGATE.json,/versions/GBDT_V6.1.3/official_diagnostics/component_scoring/table/TEDS/error_case_count,0
AGGREGATE.json,/versions/GBDT_V6.1.3/official_diagnostics/component_scoring/reading_order,{}
AGGREGATE.json,/versions/GBDT_V6.1.3/official_diagnostics/private_case_lists,"""Exact case identifiers remain in private raw products; counts retained here"""
AGGREGATE.json,/versions/GBDT_V6.1.3/official_diagnostics/raw_products_available,true
AGGREGATE.json,/versions/GBDT_V6.1.3/delta_from_D0/overall,-0.09119628299856686
AGGREGATE.json,/versions/GBDT_V6.1.3/delta_from_D0/text_edit,-1.6045157742339278e-05
AGGREGATE.json,/versions/GBDT_V6.1.3/delta_from_D0/formula_cdm,0.00022616319900670145
AGGREGATE.json,/versions/GBDT_V6.1.3/delta_from_D0/formula_edit,5.2008290059323004e-05
AGGREGATE.json,/versions/GBDT_V6.1.3/delta_from_D0/table_teds,-0.002978096846705802
AGGREGATE.json,/versions/GBDT_V6.1.3/delta_from_D0/table_teds_structure,-0.003949248416911022
AGGREGATE.json,/versions/GBDT_V6.1.3/delta_from_D0/table_edit,0.0028398104117359907
AGGREGATE.json,/versions/GBDT_V6.1.3/delta_from_D0/reading_order_edit,7.304203732776127e-05
AGGREGATE.json,/versions/MLP_V6.2.1/values/text_edit,0.027098342677106747
AGGREGATE.json,/versions/MLP_V6.2.1/values/formula_cdm,0.9860259144405122
AGGREGATE.json,/versions/MLP_V6.2.1/values/formula_edit,0.04900545083353571
AGGREGATE.json,/versions/MLP_V6.2.1/values/table_teds,0.9603044585846263
AGGREGATE.json,/versions/MLP_V6.2.1/values/table_teds_structure,0.974191411502535
AGGREGATE.json,/versions/MLP_V6.2.1/values/table_edit,0.04014232037111576
AGGREGATE.json,/versions/MLP_V6.2.1/values/reading_order_edit,0.11829726809302299
AGGREGATE.json,/versions/MLP_V6.2.1/values/overall,97.30773434493439
AGGREGATE.json,/versions/MLP_V6.2.1/missing_reasons,{}
AGGREGATE.json,/versions/MLP_V6.2.1/page_denominator,1651
AGGREGATE.json,/versions/MLP_V6.2.1/units/text_edit,"""0-1"""
AGGREGATE.json,/versions/MLP_V6.2.1/units/formula_cdm,"""0-1"""
AGGREGATE.json,/versions/MLP_V6.2.1/units/formula_edit,"""0-1"""
AGGREGATE.json,/versions/MLP_V6.2.1/units/table_teds,"""0-1"""
AGGREGATE.json,/versions/MLP_V6.2.1/units/table_teds_structure,"""0-1"""
AGGREGATE.json,/versions/MLP_V6.2.1/units/table_edit,"""0-1"""
AGGREGATE.json,/versions/MLP_V6.2.1/units/reading_order_edit,"""0-1"""
AGGREGATE.json,/versions/MLP_V6.2.1/units/overall,"""0-100"""
AGGREGATE.json,/versions/MLP_V6.2.1/direction/text_edit,"""lower"""
AGGREGATE.json,/versions/MLP_V6.2.1/direction/formula_cdm,"""higher"""
AGGREGATE.json,/versions/MLP_V6.2.1/direction/formula_edit,"""lower"""
AGGREGATE.json,/versions/MLP_V6.2.1/direction/table_teds,"""higher"""
AGGREGATE.json,/versions/MLP_V6.2.1/direction/table_teds_structure,"""higher"""
AGGREGATE.json,/versions/MLP_V6.2.1/direction/table_edit,"""lower"""
AGGREGATE.json,/versions/MLP_V6.2.1/direction/reading_order_edit,"""lower"""
AGGREGATE.json,/versions/MLP_V6.2.1/direction/overall,"""higher"""
AGGREGATE.json,/versions/MLP_V6.2.1/category_breakdowns/text_block/all/Edit_dist/ALL_page_avg,0.027098342677106747
AGGREGATE.json,/versions/MLP_V6.2.1/category_breakdowns/text_block/all/Edit_dist/edit_whole,0.035465318587456204
AGGREGATE.json,/versions/MLP_V6.2.1/category_breakdowns/text_block/all/Edit_dist/edit_sample_avg,0.027076368071763446
AGGREGATE.json,/versions/MLP_V6.2.1/category_breakdowns/text_block/group/sample_count,{}
AGGREGATE.json,/versions/MLP_V6.2.1/category_breakdowns/text_block/page/Edit_dist/ALL,0.027098342677106747
AGGREGATE.json,/versions/MLP_V6.2.1/category_breakdowns/text_block/page/Edit_dist/None,0.019814950056479496
AGGREGATE.json,/versions/MLP_V6.2.1/category_breakdowns/text_block/page/Edit_dist/colorful_backgroud,0.02433655081163482
AGGREGATE.json,/versions/MLP_V6.2.1/category_breakdowns/text_block/page/Edit_dist/data_source: PPT2PDF,0.019240749779481207
AGGREGATE.json,/versions/MLP_V6.2.1/category_breakdowns/text_block/page/Edit_dist/data_source: academic_literature,0.02551141611380763
AGGREGATE.json,/versions/MLP_V6.2.1/category_breakdowns/text_block/page/Edit_dist/data_source: book,0.023457159611230672
AGGREGATE.json,/versions/MLP_V6.2.1/category_breakdowns/text_block/page/Edit_dist/data_source: colorful_textbook,0.03536999423654788
AGGREGATE.json,/versions/MLP_V6.2.1/category_breakdowns/text_block/page/Edit_dist/data_source: exam_paper,0.0406305137407871
AGGREGATE.json,/versions/MLP_V6.2.1/category_breakdowns/text_block/page/Edit_dist/data_source: historical_document,0.177756402797043
AGGREGATE.json,/versions/MLP_V6.2.1/category_breakdowns/text_block/page/Edit_dist/data_source: magazine,0.01384354304025317
AGGREGATE.json,/versions/MLP_V6.2.1/category_breakdowns/text_block/page/Edit_dist/data_source: newspaper,0.04135964945917441
AGGREGATE.json,/versions/MLP_V6.2.1/category_breakdowns/text_block/page/Edit_dist/data_source: note,0.03062194704285456
AGGREGATE.json,/versions/MLP_V6.2.1/category_breakdowns/text_block/page/Edit_dist/data_source: research_report,0.007140742389046126
AGGREGATE.json,/versions/MLP_V6.2.1/category_breakdowns/text_block/page/Edit_dist/fuzzy_content,0.015926465234801603
AGGREGATE.json,/versions/MLP_V6.2.1/category_breakdowns/text_block/page/Edit_dist/fuzzy_scan,0.03703741985593637
AGGREGATE.json,/versions/MLP_V6.2.1/category_breakdowns/text_block/page/Edit_dist/geometric_deformation,0.03496644589690337
AGGREGATE.json,/versions/MLP_V6.2.1/category_breakdowns/text_block/page/Edit_dist/handwriting,0.42623473519752575
AGGREGATE.json,/versions/MLP_V6.2.1/category_breakdowns/text_block/page/Edit_dist/language: en_ch_mixed,0.02060268336744034
AGGREGATE.json,/versions/MLP_V6.2.1/category_breakdowns/text_block/page/Edit_dist/language: english,0.02163170648833317
AGGREGATE.json,/versions/MLP_V6.2.1/category_breakdowns/text_block/page/Edit_dist/language: other,0.001282051282051282
AGGREGATE.json,/versions/MLP_V6.2.1/category_breakdowns/text_block/page/Edit_dist/language: simplified_chinese,0.032874390018762495
AGGREGATE.json,/versions/MLP_V6.2.1/category_breakdowns/text_block/page/Edit_dist/language: traditional_chinese,0.07873146809401618
AGGREGATE.json,/versions/MLP_V6.2.1/category_breakdowns/text_block/page/Edit_dist/layout: 1andmore_column,0.019501172050325786
AGGREGATE.json,/versions/MLP_V6.2.1/category_breakdowns/text_block/page/Edit_dist/layout: double_column,0.02029060173185988
AGGREGATE.json,/versions/MLP_V6.2.1/category_breakdowns/text_block/page/Edit_dist/layout: other_layout,0.04225540275585867
AGGREGATE.json,/versions/MLP_V6.2.1/category_breakdowns/text_block/page/Edit_dist/layout: single_column,0.0236816827874153
AGGREGATE.json,/versions/MLP_V6.2.1/category_breakdowns/text_block/page/Edit_dist/layout: three_column,0.019947654392550355
AGGREGATE.json,/versions/MLP_V6.2.1/category_breakdowns/text_block/page/Edit_dist/subset: equation_hard,0.06055125035344146
AGGREGATE.json,/versions/MLP_V6.2.1/category_breakdowns/text_block/page/Edit_dist/subset: layout_hard,0.04535899316187916
AGGREGATE.json,/versions/MLP_V6.2.1/category_breakdowns/text_block/page/Edit_dist/subset: table_hard,0.0018480218862584664
AGGREGATE.json,/versions/MLP_V6.2.1/category_breakdowns/text_block/page/Edit_dist/subset: v1.5,0.024468449358833386
AGGREGATE.json,/versions/MLP_V6.2.1/category_breakdowns/text_block/page/Edit_dist/text_L-shaped_wrap,0.07429043361431584
AGGREGATE.json,/versions/MLP_V6.2.1/category_breakdowns/text_block/page/Edit_dist/text_O-shaped_wrap,0.08762886597938144
AGGREGATE.json,/versions/MLP_V6.2.1/category_breakdowns/text_block/page/Edit_dist/text_embedded_in_image,0.05345911949685535
AGGREGATE.json,/versions/MLP_V6.2.1/category_breakdowns/text_block/page/Edit_dist/transparent_pages,0.022997663489361116
AGGREGATE.json,/versions/MLP_V6.2.1/category_breakdowns/text_block/page/Edit_dist/watermark,0.03401362281236567
AGGREGATE.json,/versions/MLP_V6.2.1/category_breakdowns/text_block/page/Edit_dist/with_watermark,0.015641224246314058
AGGREGATE.json,/versions/MLP_V6.2.1/category_breakdowns/display_formula/all/Edit_dist/ALL_page_avg,0.04900545083353571
AGGREGATE.json,/versions/MLP_V6.2.1/category_breakdowns/display_formula/all/Edit_dist/edit_whole,0.05077516338403937
AGGREGATE.json,/versions/MLP_V6.2.1/category_breakdowns/display_formula/all/Edit_dist/edit_sample_avg,0.0473347808601032
AGGREGATE.json,/versions/MLP_V6.2.1/category_breakdowns/display_formula/all/CDM/all,0.9788745748299318
AGGREGATE.json,/versions/MLP_V6.2.1/category_breakdowns/display_formula/group/sample_count,{}
AGGREGATE.json,/versions/MLP_V6.2.1/category_breakdowns/display_formula/page/CDM/ALL,0.9860259144405122
AGGREGATE.json,/versions/MLP_V6.2.1/category_breakdowns/display_formula/page/CDM/None,0.9916039310538125
AGGREGATE.json,/versions/MLP_V6.2.1/category_breakdowns/display_formula/page/CDM/colorful_backgroud,0.9925232142857143
AGGREGATE.json,/versions/MLP_V6.2.1/category_breakdowns/display_formula/page/CDM/data_source: PPT2PDF,0.992435892857143
AGGREGATE.json,/versions/MLP_V6.2.1/category_breakdowns/display_formula/page/CDM/data_source: academic_literature,0.9964677727831613
AGGREGATE.json,/versions/MLP_V6.2.1/category_breakdowns/display_formula/page/CDM/data_source: book,0.9796087039803855
AGGREGATE.json,/versions/MLP_V6.2.1/category_breakdowns/display_formula/page/CDM/data_source: colorful_textbook,0.9792171875
AGGREGATE.json,/versions/MLP_V6.2.1/category_breakdowns/display_formula/page/CDM/data_source: exam_paper,0.987648318977372
AGGREGATE.json,/versions/MLP_V6.2.1/category_breakdowns/display_formula/page/CDM/data_source: note,0.9626765873015873
AGGREGATE.json,/versions/MLP_V6.2.1/category_breakdowns/display_formula/page/CDM/fuzzy_content,0.9941249999999999
AGGREGATE.json,/versions/MLP_V6.2.1/category_breakdowns/display_formula/page/CDM/fuzzy_scan,0.8660333333333334
AGGREGATE.json,/versions/MLP_V6.2.1/category_breakdowns/display_formula/page/CDM/geometric_deformation,0.9916313131313131
AGGREGATE.json,/versions/MLP_V6.2.1/category_breakdowns/display_formula/page/CDM/handwriting,0.9878333333333333
AGGREGATE.json,/versions/MLP_V6.2.1/category_breakdowns/display_formula/page/CDM/language: en_ch_mixed,1.0
AGGREGATE.json,/versions/MLP_V6.2.1/category_breakdowns/display_formula/page/CDM/language: english,0.99268197888554
AGGREGATE.json,/versions/MLP_V6.2.1/category_breakdowns/display_formula/page/CDM/language: simplified_chinese,0.9691913475101677
AGGREGATE.json,/versions/MLP_V6.2.1/category_breakdowns/display_formula/page/CDM/layout: 1andmore_column,0.9971871527777778
AGGREGATE.json,/versions/MLP_V6.2.1/category_breakdowns/display_formula/page/CDM/layout: double_column,0.9809676980048864
AGGREGATE.json,/versions/MLP_V6.2.1/category_breakdowns/display_formula/page/CDM/layout: other_layout,0.9788381834215167
AGGREGATE.json,/versions/MLP_V6.2.1/category_breakdowns/display_formula/page/CDM/layout: single_column,0.9883109978919565
AGGREGATE.json,/versions/MLP_V6.2.1/category_breakdowns/display_formula/page/CDM/layout: three_column,0.8331873015873015
AGGREGATE.json,/versions/MLP_V6.2.1/category_breakdowns/display_formula/page/CDM/subset: equation_hard,0.9881506172584389
AGGREGATE.json,/versions/MLP_V6.2.1/category_breakdowns/display_formula/page/CDM/subset: layout_hard,0.9949175824175824
AGGREGATE.json,/versions/MLP_V6.2.1/category_breakdowns/display_formula/page/CDM/subset: table_hard,1.0
AGGREGATE.json,/versions/MLP_V6.2.1/category_breakdowns/display_formula/page/CDM/subset: v1.5,0.9843984370914678
AGGREGATE.json,/versions/MLP_V6.2.1/category_breakdowns/display_formula/page/CDM/text_L-shaped_wrap,0.9962142857142857
AGGREGATE.json,/versions/MLP_V6.2.1/category_breakdowns/display_formula/page/CDM/text_O-shaped_wrap,1.0
AGGREGATE.json,/versions/MLP_V6.2.1/category_breakdowns/display_formula/page/CDM/watermark,0.8795141666666666
AGGREGATE.json,/versions/MLP_V6.2.1/category_breakdowns/display_formula/page/CDM/with_watermark,0.9988250000000001
AGGREGATE.json,/versions/MLP_V6.2.1/category_breakdowns/display_formula/page/Edit_dist/ALL,0.049005450833535705
AGGREGATE.json,/versions/MLP_V6.2.1/category_breakdowns/display_formula/page/Edit_dist/None,0.04206490876973234
AGGREGATE.json,/versions/MLP_V6.2.1/category_breakdowns/display_formula/page/Edit_dist/colorful_backgroud,0.0342816644638193
AGGREGATE.json,/versions/MLP_V6.2.1/category_breakdowns/display_formula/page/Edit_dist/data_source: PPT2PDF,0.03827698022282559
AGGREGATE.json,/versions/MLP_V6.2.1/category_breakdowns/display_formula/page/Edit_dist/data_source: academic_literature,0.041531076421179404
AGGREGATE.json,/versions/MLP_V6.2.1/category_breakdowns/display_formula/page/Edit_dist/data_source: book,0.061813340703635845
AGGREGATE.json,/versions/MLP_V6.2.1/category_breakdowns/display_formula/page/Edit_dist/data_source: colorful_textbook,0.06833881478574477
AGGREGATE.json,/versions/MLP_V6.2.1/category_breakdowns/display_formula/page/Edit_dist/data_source: exam_paper,0.03362722063025704
AGGREGATE.json,/versions/MLP_V6.2.1/category_breakdowns/display_formula/page/Edit_dist/data_source: note,0.10768766577229366
AGGREGATE.json,/versions/MLP_V6.2.1/category_breakdowns/display_formula/page/Edit_dist/fuzzy_content,0.01366120218579235
AGGREGATE.json,/versions/MLP_V6.2.1/category_breakdowns/display_formula/page/Edit_dist/fuzzy_scan,0.0795875402792696
AGGREGATE.json,/versions/MLP_V6.2.1/category_breakdowns/display_formula/page/Edit_dist/geometric_deformation,0.04615809720457989
AGGREGATE.json,/versions/MLP_V6.2.1/category_breakdowns/display_formula/page/Edit_dist/handwriting,0.11666666666666667
AGGREGATE.json,/versions/MLP_V6.2.1/category_breakdowns/display_formula/page/Edit_dist/language: en_ch_mixed,0.07692307692307693
AGGREGATE.json,/versions/MLP_V6.2.1/category_breakdowns/display_formula/page/Edit_dist/language: english,0.04507436007148204
AGGREGATE.json,/versions/MLP_V6.2.1/category_breakdowns/display_formula/page/Edit_dist/language: simplified_chinese,0.058541581326214655
AGGREGATE.json,/versions/MLP_V6.2.1/category_breakdowns/display_formula/page/Edit_dist/layout: 1andmore_column,0.027968072172429245
AGGREGATE.json,/versions/MLP_V6.2.1/category_breakdowns/display_formula/page/Edit_dist/layout: double_column,0.04705412590943899
AGGREGATE.json,/versions/MLP_V6.2.1/category_breakdowns/display_formula/page/Edit_dist/layout: other_layout,0.059107719247404704
AGGREGATE.json,/versions/MLP_V6.2.1/category_breakdowns/display_formula/page/Edit_dist/layout: single_column,0.050186353296870816
AGGREGATE.json,/versions/MLP_V6.2.1/category_breakdowns/display_formula/page/Edit_dist/layout: three_column,0.19282988337302315
AGGREGATE.json,/versions/MLP_V6.2.1/category_breakdowns/display_formula/page/Edit_dist/subset: equation_hard,0.05768741313940579
AGGREGATE.json,/versions/MLP_V6.2.1/category_breakdowns/display_formula/page/Edit_dist/subset: layout_hard,0.0590685969180141
AGGREGATE.json,/versions/MLP_V6.2.1/category_breakdowns/display_formula/page/Edit_dist/subset: table_hard,0.0
AGGREGATE.json,/versions/MLP_V6.2.1/category_breakdowns/display_formula/page/Edit_dist/subset: v1.5,0.04503024036365491
AGGREGATE.json,/versions/MLP_V6.2.1/category_breakdowns/display_formula/page/Edit_dist/text_L-shaped_wrap,0.03572167080231596
AGGREGATE.json,/versions/MLP_V6.2.1/category_breakdowns/display_formula/page/Edit_dist/text_O-shaped_wrap,0.0
AGGREGATE.json,/versions/MLP_V6.2.1/category_breakdowns/display_formula/page/Edit_dist/watermark,0.08283327657401185
AGGREGATE.json,/versions/MLP_V6.2.1/category_breakdowns/display_formula/page/Edit_dist/with_watermark,0.008580193653532738
AGGREGATE.json,/versions/MLP_V6.2.1/category_breakdowns/table/all/TEDS/all,0.9544276946379463
AGGREGATE.json,/versions/MLP_V6.2.1/category_breakdowns/table/all/TEDS_structure_only/all,0.973237220635346
AGGREGATE.json,/versions/MLP_V6.2.1/category_breakdowns/table/all/Edit_dist/ALL_page_avg,0.04014232037111576
AGGREGATE.json,/versions/MLP_V6.2.1/category_breakdowns/table/all/Edit_dist/edit_whole,0.04847514469883353
AGGREGATE.json,/versions/MLP_V6.2.1/category_breakdowns/table/all/Edit_dist/edit_sample_avg,0.039714055398047024
AGGREGATE.json,/versions/MLP_V6.2.1/category_breakdowns/table/group/sample_count,{}
AGGREGATE.json,/versions/MLP_V6.2.1/category_breakdowns/table/page/Edit_dist/ALL,0.04014232037111576
AGGREGATE.json,/versions/MLP_V6.2.1/category_breakdowns/table/page/Edit_dist/None,0.20769727280900807
AGGREGATE.json,/versions/MLP_V6.2.1/category_breakdowns/table/page/Edit_dist/colorful_backgroud,0.030200744145717027
AGGREGATE.json,/versions/MLP_V6.2.1/category_breakdowns/table/page/Edit_dist/data_source: PPT2PDF,0.07085378929466893
AGGREGATE.json,/versions/MLP_V6.2.1/category_breakdowns/table/page/Edit_dist/data_source: academic_literature,0.048294802719372296
AGGREGATE.json,/versions/MLP_V6.2.1/category_breakdowns/table/page/Edit_dist/data_source: book,0.02138440884021294
AGGREGATE.json,/versions/MLP_V6.2.1/category_breakdowns/table/page/Edit_dist/data_source: colorful_textbook,0.04958569065074928
AGGREGATE.json,/versions/MLP_V6.2.1/category_breakdowns/table/page/Edit_dist/data_source: exam_paper,0.008916256787552977
AGGREGATE.json,/versions/MLP_V6.2.1/category_breakdowns/table/page/Edit_dist/data_source: magazine,0.032587046613181736
AGGREGATE.json,/versions/MLP_V6.2.1/category_breakdowns/table/page/Edit_dist/data_source: newspaper,0.08659689767107114
AGGREGATE.json,/versions/MLP_V6.2.1/category_breakdowns/table/page/Edit_dist/data_source: note,0.09200196104691863
AGGREGATE.json,/versions/MLP_V6.2.1/category_breakdowns/table/page/Edit_dist/data_source: research_report,0.03333580534625524
AGGREGATE.json,/versions/MLP_V6.2.1/category_breakdowns/table/page/Edit_dist/fuzzy_scan,0.0
AGGREGATE.json,/versions/MLP_V6.2.1/category_breakdowns/table/page/Edit_dist/geometric_deformation,0.06914468425259793
AGGREGATE.json,/versions/MLP_V6.2.1/category_breakdowns/table/page/Edit_dist/language: en_ch_mixed,0.040206865372993554
AGGREGATE.json,/versions/MLP_V6.2.1/category_breakdowns/table/page/Edit_dist/language: english,0.05015434458741872
AGGREGATE.json,/versions/MLP_V6.2.1/category_breakdowns/table/page/Edit_dist/language: simplified_chinese,0.033302778706304166
AGGREGATE.json,/versions/MLP_V6.2.1/category_breakdowns/table/page/Edit_dist/language: traditional_chinese,0.10127758508143944
AGGREGATE.json,/versions/MLP_V6.2.1/category_breakdowns/table/page/Edit_dist/layout: 1andmore_column,0.015941778074459147
AGGREGATE.json,/versions/MLP_V6.2.1/category_breakdowns/table/page/Edit_dist/layout: double_column,0.024271560855132292
AGGREGATE.json,/versions/MLP_V6.2.1/category_breakdowns/table/page/Edit_dist/layout: other_layout,0.06357660527519421
AGGREGATE.json,/versions/MLP_V6.2.1/category_breakdowns/table/page/Edit_dist/layout: single_column,0.04204250956265632
AGGREGATE.json,/versions/MLP_V6.2.1/category_breakdowns/table/page/Edit_dist/layout: three_column,0.0036458333333333334
AGGREGATE.json,/versions/MLP_V6.2.1/category_breakdowns/table/page/Edit_dist/subset: equation_hard,0.10284644393220818
AGGREGATE.json,/versions/MLP_V6.2.1/category_breakdowns/table/page/Edit_dist/subset: layout_hard,0.09643372152039166
AGGREGATE.json,/versions/MLP_V6.2.1/category_breakdowns/table/page/Edit_dist/subset: table_hard,0.07246046487494545
AGGREGATE.json,/versions/MLP_V6.2.1/category_breakdowns/table/page/Edit_dist/subset: v1.5,0.029570811900495042
AGGREGATE.json,/versions/MLP_V6.2.1/category_breakdowns/table/page/Edit_dist/watermark,0.017247320454784738
AGGREGATE.json,/versions/MLP_V6.2.1/category_breakdowns/table/page/Edit_dist/with_watermark,0.025867428785027232
AGGREGATE.json,/versions/MLP_V6.2.1/category_breakdowns/table/page/TEDS/ALL,0.9603044585846263
AGGREGATE.json,/versions/MLP_V6.2.1/category_breakdowns/table/page/TEDS/None,0.797007705849138
AGGREGATE.json,/versions/MLP_V6.2.1/category_breakdowns/table/page/TEDS/colorful_backgroud,0.9721686647635718
AGGREGATE.json,/versions/MLP_V6.2.1/category_breakdowns/table/page/TEDS/data_source: PPT2PDF,0.9789201251827823
AGGREGATE.json,/versions/MLP_V6.2.1/category_breakdowns/table/page/TEDS/data_source: academic_literature,0.944800708757187
AGGREGATE.json,/versions/MLP_V6.2.1/category_breakdowns/table/page/TEDS/data_source: book,0.9766902376184452
AGGREGATE.json,/versions/MLP_V6.2.1/category_breakdowns/table/page/TEDS/data_source: colorful_textbook,0.9727603845993605
AGGREGATE.json,/versions/MLP_V6.2.1/category_breakdowns/table/page/TEDS/data_source: exam_paper,0.9913516921488604
AGGREGATE.json,/versions/MLP_V6.2.1/category_breakdowns/table/page/TEDS/data_source: magazine,0.9747148289205144
AGGREGATE.json,/versions/MLP_V6.2.1/category_breakdowns/table/page/TEDS/data_source: newspaper,0.8965011102211051
AGGREGATE.json,/versions/MLP_V6.2.1/category_breakdowns/table/page/TEDS/data_source: note,0.8661033679375368
AGGREGATE.json,/versions/MLP_V6.2.1/category_breakdowns/table/page/TEDS/data_source: research_report,0.9708514443525971
AGGREGATE.json,/versions/MLP_V6.2.1/category_breakdowns/table/page/TEDS/fuzzy_scan,1.0
AGGREGATE.json,/versions/MLP_V6.2.1/category_breakdowns/table/page/TEDS/geometric_deformation,0.9950207223626515
AGGREGATE.json,/versions/MLP_V6.2.1/category_breakdowns/table/page/TEDS/language: en_ch_mixed,0.9767909692462542
AGGREGATE.json,/versions/MLP_V6.2.1/category_breakdowns/table/page/TEDS/language: english,0.9479350668250992
AGGREGATE.json,/versions/MLP_V6.2.1/category_breakdowns/table/page/TEDS/language: simplified_chinese,0.9683349435123877
AGGREGATE.json,/versions/MLP_V6.2.1/category_breakdowns/table/page/TEDS/language: traditional_chinese,0.8399011016604149
AGGREGATE.json,/versions/MLP_V6.2.1/category_breakdowns/table/page/TEDS/layout: 1andmore_column,0.9799088736399898
AGGREGATE.json,/versions/MLP_V6.2.1/category_breakdowns/table/page/TEDS/layout: double_column,0.9712135440236782
AGGREGATE.json,/versions/MLP_V6.2.1/category_breakdowns/table/page/TEDS/layout: other_layout,0.9416902885397671
AGGREGATE.json,/versions/MLP_V6.2.1/category_breakdowns/table/page/TEDS/layout: single_column,0.9589012461739397
AGGREGATE.json,/versions/MLP_V6.2.1/category_breakdowns/table/page/TEDS/layout: three_column,0.9959770114942529
AGGREGATE.json,/versions/MLP_V6.2.1/category_breakdowns/table/page/TEDS/subset: equation_hard,0.9260556815197281
AGGREGATE.json,/versions/MLP_V6.2.1/category_breakdowns/table/page/TEDS/subset: layout_hard,0.8749074617814097
AGGREGATE.json,/versions/MLP_V6.2.1/category_breakdowns/table/page/TEDS/subset: table_hard,0.9347107654276375
AGGREGATE.json,/versions/MLP_V6.2.1/category_breakdowns/table/page/TEDS/subset: v1.5,0.9695188795669153
AGGREGATE.json,/versions/MLP_V6.2.1/category_breakdowns/table/page/TEDS/watermark,0.9959324618679833
AGGREGATE.json,/versions/MLP_V6.2.1/category_breakdowns/table/page/TEDS/with_watermark,0.9792365545750892
AGGREGATE.json,/versions/MLP_V6.2.1/category_breakdowns/table/page/TEDS_structure_only/ALL,0.974191411502535
AGGREGATE.json,/versions/MLP_V6.2.1/category_breakdowns/table/page/TEDS_structure_only/None,0.8
AGGREGATE.json,/versions/MLP_V6.2.1/category_breakdowns/table/page/TEDS_structure_only/colorful_backgroud,0.9857978300221604
AGGREGATE.json,/versions/MLP_V6.2.1/category_breakdowns/table/page/TEDS_structure_only/data_source: PPT2PDF,1.0
AGGREGATE.json,/versions/MLP_V6.2.1/category_breakdowns/table/page/TEDS_structure_only/data_source: academic_literature,0.9644240408371991
AGGREGATE.json,/versions/MLP_V6.2.1/category_breakdowns/table/page/TEDS_structure_only/data_source: book,0.9888329769514177
AGGREGATE.json,/versions/MLP_V6.2.1/category_breakdowns/table/page/TEDS_structure_only/data_source: colorful_textbook,0.9844834001976859
AGGREGATE.json,/versions/MLP_V6.2.1/category_breakdowns/table/page/TEDS_structure_only/data_source: exam_paper,1.0
AGGREGATE.json,/versions/MLP_V6.2.1/category_breakdowns/table/page/TEDS_structure_only/data_source: magazine,0.9832670406967008
AGGREGATE.json,/versions/MLP_V6.2.1/category_breakdowns/table/page/TEDS_structure_only/data_source: newspaper,0.919266974311092
AGGREGATE.json,/versions/MLP_V6.2.1/category_breakdowns/table/page/TEDS_structure_only/data_source: note,0.8900325498325107
AGGREGATE.json,/versions/MLP_V6.2.1/category_breakdowns/table/page/TEDS_structure_only/data_source: research_report,0.9798749172822172
AGGREGATE.json,/versions/MLP_V6.2.1/category_breakdowns/table/page/TEDS_structure_only/fuzzy_scan,1.0
AGGREGATE.json,/versions/MLP_V6.2.1/category_breakdowns/table/page/TEDS_structure_only/geometric_deformation,1.0
AGGREGATE.json,/versions/MLP_V6.2.1/category_breakdowns/table/page/TEDS_structure_only/language: en_ch_mixed,0.9925349137498747
AGGREGATE.json,/versions/MLP_V6.2.1/category_breakdowns/table/page/TEDS_structure_only/language: english,0.964968315961566
AGGREGATE.json,/versions/MLP_V6.2.1/category_breakdowns/table/page/TEDS_structure_only/language: simplified_chinese,0.9798909223440135
AGGREGATE.json,/versions/MLP_V6.2.1/category_breakdowns/table/page/TEDS_structure_only/language: traditional_chinese,0.8733914075254807
AGGREGATE.json,/versions/MLP_V6.2.1/category_breakdowns/table/page/TEDS_structure_only/layout: 1andmore_column,0.9849311752657097
AGGREGATE.json,/versions/MLP_V6.2.1/category_breakdowns/table/page/TEDS_structure_only/layout: double_column,0.9841866327704313
AGGREGATE.json,/versions/MLP_V6.2.1/category_breakdowns/table/page/TEDS_structure_only/layout: other_layout,0.9687120820325957
AGGREGATE.json,/versions/MLP_V6.2.1/category_breakdowns/table/page/TEDS_structure_only/layout: single_column,0.9718834135482641
AGGREGATE.json,/versions/MLP_V6.2.1/category_breakdowns/table/page/TEDS_structure_only/layout: three_column,1.0
AGGREGATE.json,/versions/MLP_V6.2.1/category_breakdowns/table/page/TEDS_structure_only/subset: equation_hard,1.0
AGGREGATE.json,/versions/MLP_V6.2.1/category_breakdowns/table/page/TEDS_structure_only/subset: layout_hard,0.9390093114500442
AGGREGATE.json,/versions/MLP_V6.2.1/category_breakdowns/table/page/TEDS_structure_only/subset: table_hard,0.9588722334344943
AGGREGATE.json,/versions/MLP_V6.2.1/category_breakdowns/table/page/TEDS_structure_only/subset: v1.5,0.9790797302946289
AGGREGATE.json,/versions/MLP_V6.2.1/category_breakdowns/table/page/TEDS_structure_only/watermark,1.0
AGGREGATE.json,/versions/MLP_V6.2.1/category_breakdowns/table/page/TEDS_structure_only/with_watermark,1.0
AGGREGATE.json,/versions/MLP_V6.2.1/category_breakdowns/reading_order/all/Edit_dist/ALL_page_avg,0.11829726809302299
AGGREGATE.json,/versions/MLP_V6.2.1/category_breakdowns/reading_order/all/Edit_dist/edit_whole,0.10076812914985028
AGGREGATE.json,/versions/MLP_V6.2.1/category_breakdowns/reading_order/all/Edit_dist/edit_sample_avg,0.11829726809302299
AGGREGATE.json,/versions/MLP_V6.2.1/category_breakdowns/reading_order/group/sample_count,{}
AGGREGATE.json,/versions/MLP_V6.2.1/category_breakdowns/reading_order/page/Edit_dist/ALL,0.118297268093023
AGGREGATE.json,/versions/MLP_V6.2.1/category_breakdowns/reading_order/page/Edit_dist/None,0.03836449609510772
AGGREGATE.json,/versions/MLP_V6.2.1/category_breakdowns/reading_order/page/Edit_dist/colorful_backgroud,0.08008143274653078
AGGREGATE.json,/versions/MLP_V6.2.1/category_breakdowns/reading_order/page/Edit_dist/data_source: PPT2PDF,0.07441220118522911
AGGREGATE.json,/versions/MLP_V6.2.1/category_breakdowns/reading_order/page/Edit_dist/data_source: academic_literature,0.16181664674537932
AGGREGATE.json,/versions/MLP_V6.2.1/category_breakdowns/reading_order/page/Edit_dist/data_source: book,0.13648204780406775
AGGREGATE.json,/versions/MLP_V6.2.1/category_breakdowns/reading_order/page/Edit_dist/data_source: colorful_textbook,0.07774320296563038
AGGREGATE.json,/versions/MLP_V6.2.1/category_breakdowns/reading_order/page/Edit_dist/data_source: exam_paper,0.08156647129742306
AGGREGATE.json,/versions/MLP_V6.2.1/category_breakdowns/reading_order/page/Edit_dist/data_source: historical_document,0.18263027295285358
AGGREGATE.json,/versions/MLP_V6.2.1/category_breakdowns/reading_order/page/Edit_dist/data_source: magazine,0.057282696005819735
AGGREGATE.json,/versions/MLP_V6.2.1/category_breakdowns/reading_order/page/Edit_dist/data_source: newspaper,0.1017601160776632
AGGREGATE.json,/versions/MLP_V6.2.1/category_breakdowns/reading_order/page/Edit_dist/data_source: note,0.08342055298799535
AGGREGATE.json,/versions/MLP_V6.2.1/category_breakdowns/reading_order/page/Edit_dist/data_source: research_report,0.31032298518032403
AGGREGATE.json,/versions/MLP_V6.2.1/category_breakdowns/reading_order/page/Edit_dist/fuzzy_content,0.0
AGGREGATE.json,/versions/MLP_V6.2.1/category_breakdowns/reading_order/page/Edit_dist/fuzzy_scan,0.08006251001607038
AGGREGATE.json,/versions/MLP_V6.2.1/category_breakdowns/reading_order/page/Edit_dist/geometric_deformation,0.1265424811693649
AGGREGATE.json,/versions/MLP_V6.2.1/category_breakdowns/reading_order/page/Edit_dist/handwriting,0.34791666666666665
AGGREGATE.json,/versions/MLP_V6.2.1/category_breakdowns/reading_order/page/Edit_dist/language: en_ch_mixed,0.09889386702616208
AGGREGATE.json,/versions/MLP_V6.2.1/category_breakdowns/reading_order/page/Edit_dist/language: english,0.08849690877518719
AGGREGATE.json,/versions/MLP_V6.2.1/category_breakdowns/reading_order/page/Edit_dist/language: other,0.0
AGGREGATE.json,/versions/MLP_V6.2.1/category_breakdowns/reading_order/page/Edit_dist/language: simplified_chinese,0.14935618965129072
AGGREGATE.json,/versions/MLP_V6.2.1/category_breakdowns/reading_order/page/Edit_dist/language: traditional_chinese,0.22030149337841645
AGGREGATE.json,/versions/MLP_V6.2.1/category_breakdowns/reading_order/page/Edit_dist/layout: 1andmore_column,0.09290587281479584
AGGREGATE.json,/versions/MLP_V6.2.1/category_breakdowns/reading_order/page/Edit_dist/layout: double_column,0.06113803596074133
AGGREGATE.json,/versions/MLP_V6.2.1/category_breakdowns/reading_order/page/Edit_dist/layout: other_layout,0.09726639571526147
AGGREGATE.json,/versions/MLP_V6.2.1/category_breakdowns/reading_order/page/Edit_dist/layout: single_column,0.14518610235262455
AGGREGATE.json,/versions/MLP_V6.2.1/category_breakdowns/reading_order/page/Edit_dist/layout: three_column,0.08750318688792848
AGGREGATE.json,/versions/MLP_V6.2.1/category_breakdowns/reading_order/page/Edit_dist/subset: equation_hard,0.024080580354309936
AGGREGATE.json,/versions/MLP_V6.2.1/category_breakdowns/reading_order/page/Edit_dist/subset: layout_hard,0.09161125236838168
AGGREGATE.json,/versions/MLP_V6.2.1/category_breakdowns/reading_order/page/Edit_dist/subset: table_hard,0.3900758667417174
AGGREGATE.json,/versions/MLP_V6.2.1/category_breakdowns/reading_order/page/Edit_dist/subset: v1.5,0.10805037697277034
AGGREGATE.json,/versions/MLP_V6.2.1/category_breakdowns/reading_order/page/Edit_dist/text_L-shaped_wrap,0.0
AGGREGATE.json,/versions/MLP_V6.2.1/category_breakdowns/reading_order/page/Edit_dist/text_O-shaped_wrap,0.2222222222222222
AGGREGATE.json,/versions/MLP_V6.2.1/category_breakdowns/reading_order/page/Edit_dist/text_embedded_in_image,0.6212121212121212
AGGREGATE.json,/versions/MLP_V6.2.1/category_breakdowns/reading_order/page/Edit_dist/transparent_pages,0.0
AGGREGATE.json,/versions/MLP_V6.2.1/category_breakdowns/reading_order/page/Edit_dist/watermark,0.1389893916710679
AGGREGATE.json,/versions/MLP_V6.2.1/category_breakdowns/reading_order/page/Edit_dist/with_watermark,0.09961027584154515
AGGREGATE.json,/versions/MLP_V6.2.1/denominator_note,"""All 1651 prediction pages retained; component metrics use the pinned evaluator's applicable matched samples/pages."""
AGGREGATE.json,/versions/MLP_V6.2.1/raw_result_sha256,"""edb810f2591aae5c0974be133b09040cd81603490ee27d2f7306ce3d0a3f1031"""
AGGREGATE.json,/versions/MLP_V6.2.1/input_failures,0
AGGREGATE.json,/versions/MLP_V6.2.1/empty_predictions,0
AGGREGATE.json,/versions/MLP_V6.2.1/official_diagnostics/matching/workers,8
AGGREGATE.json,/versions/MLP_V6.2.1/official_diagnostics/matching/page_count,1651
AGGREGATE.json,/versions/MLP_V6.2.1/official_diagnostics/matching/quick_match_truncated_timeout_sec,300
AGGREGATE.json,/versions/MLP_V6.2.1/official_diagnostics/matching/match_timeout_sec,420
AGGREGATE.json,/versions/MLP_V6.2.1/official_diagnostics/matching/text_match_fallback_counts/quick_match_timeout,0
AGGREGATE.json,/versions/MLP_V6.2.1/official_diagnostics/matching/text_match_fallback_counts/page_timeout,0
AGGREGATE.json,/versions/MLP_V6.2.1/official_diagnostics/component_scoring/text_block,{}
AGGREGATE.json,/versions/MLP_V6.2.1/official_diagnostics/component_scoring/display_formula/CDM/stage,"""CDM"""
AGGREGATE.json,/versions/MLP_V6.2.1/official_diagnostics/component_scoring/display_formula/CDM/workers,8
AGGREGATE.json,/versions/MLP_V6.2.1/official_diagnostics/component_scoring/display_formula/CDM/sample_count,2352
AGGREGATE.json,/versions/MLP_V6.2.1/official_diagnostics/component_scoring/display_formula/CDM/timeout_case_count,0
AGGREGATE.json,/versions/MLP_V6.2.1/official_diagnostics/component_scoring/display_formula/CDM/exception_case_count,0
AGGREGATE.json,/versions/MLP_V6.2.1/official_diagnostics/component_scoring/table/TEDS/stage,"""TEDS"""
AGGREGATE.json,/versions/MLP_V6.2.1/official_diagnostics/component_scoring/table/TEDS/workers,8
AGGREGATE.json,/versions/MLP_V6.2.1/official_diagnostics/component_scoring/table/TEDS/timeout_sec,120.0
AGGREGATE.json,/versions/MLP_V6.2.1/official_diagnostics/component_scoring/table/TEDS/sample_count,665
AGGREGATE.json,/versions/MLP_V6.2.1/official_diagnostics/component_scoring/table/TEDS/timeout_case_count,0
AGGREGATE.json,/versions/MLP_V6.2.1/official_diagnostics/component_scoring/table/TEDS/error_case_count,0
AGGREGATE.json,/versions/MLP_V6.2.1/official_diagnostics/component_scoring/reading_order,{}
AGGREGATE.json,/versions/MLP_V6.2.1/official_diagnostics/private_case_lists,"""Exact case identifiers remain in private raw products; counts retained here"""
AGGREGATE.json,/versions/MLP_V6.2.1/official_diagnostics/raw_products_available,true
AGGREGATE.json,/versions/MLP_V6.2.1/delta_from_D0/overall,-0.26713971179961504
AGGREGATE.json,/versions/MLP_V6.2.1/delta_from_D0/text_edit,0.0
AGGREGATE.json,/versions/MLP_V6.2.1/delta_from_D0/formula_cdm,0.0
AGGREGATE.json,/versions/MLP_V6.2.1/delta_from_D0/formula_edit,0.0
AGGREGATE.json,/versions/MLP_V6.2.1/delta_from_D0/table_teds,-0.008014191353988287
AGGREGATE.json,/versions/MLP_V6.2.1/delta_from_D0/table_teds_structure,-0.007481897778736202
AGGREGATE.json,/versions/MLP_V6.2.1/delta_from_D0/table_edit,0.004299057037819652
AGGREGATE.json,/versions/MLP_V6.2.1/delta_from_D0/reading_order_edit,0.0
AGGREGATE.json,/versions/MLP_V6.2.2/values/text_edit,0.026988581052592664
AGGREGATE.json,/versions/MLP_V6.2.2/values/formula_cdm,0.9864410053469771
AGGREGATE.json,/versions/MLP_V6.2.2/values/formula_edit,0.048321650332442435
AGGREGATE.json,/versions/MLP_V6.2.2/values/table_teds,0.9683186499386146
AGGREGATE.json,/versions/MLP_V6.2.2/values/table_teds_structure,0.9816733092812712
AGGREGATE.json,/versions/MLP_V6.2.2/values/table_edit,0.035843263333296106
AGGREGATE.json,/versions/MLP_V6.2.2/values/reading_order_edit,0.11821370302110742
AGGREGATE.json,/versions/MLP_V6.2.2/values/overall,97.59236914109995
AGGREGATE.json,/versions/MLP_V6.2.2/missing_reasons,{}
AGGREGATE.json,/versions/MLP_V6.2.2/page_denominator,1651
AGGREGATE.json,/versions/MLP_V6.2.2/units/text_edit,"""0-1"""
AGGREGATE.json,/versions/MLP_V6.2.2/units/formula_cdm,"""0-1"""
AGGREGATE.json,/versions/MLP_V6.2.2/units/formula_edit,"""0-1"""
AGGREGATE.json,/versions/MLP_V6.2.2/units/table_teds,"""0-1"""
AGGREGATE.json,/versions/MLP_V6.2.2/units/table_teds_structure,"""0-1"""
AGGREGATE.json,/versions/MLP_V6.2.2/units/table_edit,"""0-1"""
AGGREGATE.json,/versions/MLP_V6.2.2/units/reading_order_edit,"""0-1"""
AGGREGATE.json,/versions/MLP_V6.2.2/units/overall,"""0-100"""
AGGREGATE.json,/versions/MLP_V6.2.2/direction/text_edit,"""lower"""
AGGREGATE.json,/versions/MLP_V6.2.2/direction/formula_cdm,"""higher"""
AGGREGATE.json,/versions/MLP_V6.2.2/direction/formula_edit,"""lower"""
AGGREGATE.json,/versions/MLP_V6.2.2/direction/table_teds,"""higher"""
AGGREGATE.json,/versions/MLP_V6.2.2/direction/table_teds_structure,"""higher"""
AGGREGATE.json,/versions/MLP_V6.2.2/direction/table_edit,"""lower"""
AGGREGATE.json,/versions/MLP_V6.2.2/direction/reading_order_edit,"""lower"""
AGGREGATE.json,/versions/MLP_V6.2.2/direction/overall,"""higher"""
AGGREGATE.json,/versions/MLP_V6.2.2/category_breakdowns/text_block/all/Edit_dist/ALL_page_avg,0.026988581052592664
AGGREGATE.json,/versions/MLP_V6.2.2/category_breakdowns/text_block/all/Edit_dist/edit_whole,0.03543533262527509
AGGREGATE.json,/versions/MLP_V6.2.2/category_breakdowns/text_block/all/Edit_dist/edit_sample_avg,0.027059159586984124
AGGREGATE.json,/versions/MLP_V6.2.2/category_breakdowns/text_block/group/sample_count,{}
AGGREGATE.json,/versions/MLP_V6.2.2/category_breakdowns/text_block/page/Edit_dist/ALL,0.02698858105259266
AGGREGATE.json,/versions/MLP_V6.2.2/category_breakdowns/text_block/page/Edit_dist/None,0.019829455399933107
AGGREGATE.json,/versions/MLP_V6.2.2/category_breakdowns/text_block/page/Edit_dist/colorful_backgroud,0.02433655081163482
AGGREGATE.json,/versions/MLP_V6.2.2/category_breakdowns/text_block/page/Edit_dist/data_source: PPT2PDF,0.019240749779481207
AGGREGATE.json,/versions/MLP_V6.2.2/category_breakdowns/text_block/page/Edit_dist/data_source: academic_literature,0.025563220764161045
AGGREGATE.json,/versions/MLP_V6.2.2/category_breakdowns/text_block/page/Edit_dist/data_source: book,0.023486170298137894
AGGREGATE.json,/versions/MLP_V6.2.2/category_breakdowns/text_block/page/Edit_dist/data_source: colorful_textbook,0.03536999423654788
AGGREGATE.json,/versions/MLP_V6.2.2/category_breakdowns/text_block/page/Edit_dist/data_source: exam_paper,0.04063706187313969
AGGREGATE.json,/versions/MLP_V6.2.2/category_breakdowns/text_block/page/Edit_dist/data_source: historical_document,0.177756402797043
AGGREGATE.json,/versions/MLP_V6.2.2/category_breakdowns/text_block/page/Edit_dist/data_source: magazine,0.01384354304025317
AGGREGATE.json,/versions/MLP_V6.2.2/category_breakdowns/text_block/page/Edit_dist/data_source: newspaper,0.04135964945917441
AGGREGATE.json,/versions/MLP_V6.2.2/category_breakdowns/text_block/page/Edit_dist/data_source: note,0.028974821012662688
AGGREGATE.json,/versions/MLP_V6.2.2/category_breakdowns/text_block/page/Edit_dist/data_source: research_report,0.007140742389046126
AGGREGATE.json,/versions/MLP_V6.2.2/category_breakdowns/text_block/page/Edit_dist/fuzzy_content,0.015926465234801603
AGGREGATE.json,/versions/MLP_V6.2.2/category_breakdowns/text_block/page/Edit_dist/fuzzy_scan,0.03703741985593637
AGGREGATE.json,/versions/MLP_V6.2.2/category_breakdowns/text_block/page/Edit_dist/geometric_deformation,0.03496644589690337
AGGREGATE.json,/versions/MLP_V6.2.2/category_breakdowns/text_block/page/Edit_dist/handwriting,0.3216711830431716
AGGREGATE.json,/versions/MLP_V6.2.2/category_breakdowns/text_block/page/Edit_dist/language: en_ch_mixed,0.02060268336744034
AGGREGATE.json,/versions/MLP_V6.2.2/category_breakdowns/text_block/page/Edit_dist/language: english,0.021655650181387175
AGGREGATE.json,/versions/MLP_V6.2.2/category_breakdowns/text_block/page/Edit_dist/language: other,0.001282051282051282
AGGREGATE.json,/versions/MLP_V6.2.2/category_breakdowns/text_block/page/Edit_dist/language: simplified_chinese,0.03260937276233944
AGGREGATE.json,/versions/MLP_V6.2.2/category_breakdowns/text_block/page/Edit_dist/language: traditional_chinese,0.07873146809401618
AGGREGATE.json,/versions/MLP_V6.2.2/category_breakdowns/text_block/page/Edit_dist/layout: 1andmore_column,0.019501172050325786
AGGREGATE.json,/versions/MLP_V6.2.2/category_breakdowns/text_block/page/Edit_dist/layout: double_column,0.020294818142166243
AGGREGATE.json,/versions/MLP_V6.2.2/category_breakdowns/text_block/page/Edit_dist/layout: other_layout,0.042275591014692734
AGGREGATE.json,/versions/MLP_V6.2.2/category_breakdowns/text_block/page/Edit_dist/layout: single_column,0.023458730441078667
AGGREGATE.json,/versions/MLP_V6.2.2/category_breakdowns/text_block/page/Edit_dist/layout: three_column,0.019947654392550355
AGGREGATE.json,/versions/MLP_V6.2.2/category_breakdowns/text_block/page/Edit_dist/subset: equation_hard,0.058558926192529406
AGGREGATE.json,/versions/MLP_V6.2.2/category_breakdowns/text_block/page/Edit_dist/subset: layout_hard,0.04535899316187916
AGGREGATE.json,/versions/MLP_V6.2.2/category_breakdowns/text_block/page/Edit_dist/subset: table_hard,0.0018480218862584664
AGGREGATE.json,/versions/MLP_V6.2.2/category_breakdowns/text_block/page/Edit_dist/subset: v1.5,0.02449041336404484
AGGREGATE.json,/versions/MLP_V6.2.2/category_breakdowns/text_block/page/Edit_dist/text_L-shaped_wrap,0.07429043361431584
AGGREGATE.json,/versions/MLP_V6.2.2/category_breakdowns/text_block/page/Edit_dist/text_O-shaped_wrap,0.08762886597938144
AGGREGATE.json,/versions/MLP_V6.2.2/category_breakdowns/text_block/page/Edit_dist/text_embedded_in_image,0.05345911949685535
AGGREGATE.json,/versions/MLP_V6.2.2/category_breakdowns/text_block/page/Edit_dist/transparent_pages,0.022997663489361116
AGGREGATE.json,/versions/MLP_V6.2.2/category_breakdowns/text_block/page/Edit_dist/watermark,0.03403158340396133
AGGREGATE.json,/versions/MLP_V6.2.2/category_breakdowns/text_block/page/Edit_dist/with_watermark,0.015641224246314058
AGGREGATE.json,/versions/MLP_V6.2.2/category_breakdowns/display_formula/all/Edit_dist/ALL_page_avg,0.048321650332442435
AGGREGATE.json,/versions/MLP_V6.2.2/category_breakdowns/display_formula/all/Edit_dist/edit_whole,0.05050947122721968
AGGREGATE.json,/versions/MLP_V6.2.2/category_breakdowns/display_formula/all/Edit_dist/edit_sample_avg,0.047135060027131324
AGGREGATE.json,/versions/MLP_V6.2.2/category_breakdowns/display_formula/all/CDM/all,0.9794970238095236
AGGREGATE.json,/versions/MLP_V6.2.2/category_breakdowns/display_formula/group/sample_count,{}
AGGREGATE.json,/versions/MLP_V6.2.2/category_breakdowns/display_formula/page/CDM/ALL,0.9864410053469771
AGGREGATE.json,/versions/MLP_V6.2.2/category_breakdowns/display_formula/page/CDM/None,0.9908323349020152
AGGREGATE.json,/versions/MLP_V6.2.2/category_breakdowns/display_formula/page/CDM/colorful_backgroud,0.9987375000000001
AGGREGATE.json,/versions/MLP_V6.2.2/category_breakdowns/display_formula/page/CDM/data_source: PPT2PDF,0.9937225
AGGREGATE.json,/versions/MLP_V6.2.2/category_breakdowns/display_formula/page/CDM/data_source: academic_literature,0.9966057545862167
AGGREGATE.json,/versions/MLP_V6.2.2/category_breakdowns/display_formula/page/CDM/data_source: book,0.9798503332194122
AGGREGATE.json,/versions/MLP_V6.2.2/category_breakdowns/display_formula/page/CDM/data_source: colorful_textbook,0.9793421875
AGGREGATE.json,/versions/MLP_V6.2.2/category_breakdowns/display_formula/page/CDM/data_source: exam_paper,0.9872924767843347
AGGREGATE.json,/versions/MLP_V6.2.2/category_breakdowns/display_formula/page/CDM/data_source: note,0.9744444444444444
AGGREGATE.json,/versions/MLP_V6.2.2/category_breakdowns/display_formula/page/CDM/fuzzy_content,0.9941249999999999
AGGREGATE.json,/versions/MLP_V6.2.2/category_breakdowns/display_formula/page/CDM/fuzzy_scan,0.8660333333333334
AGGREGATE.json,/versions/MLP_V6.2.2/category_breakdowns/display_formula/page/CDM/geometric_deformation,0.9801313131313131
AGGREGATE.json,/versions/MLP_V6.2.2/category_breakdowns/display_formula/page/CDM/handwriting,0.9878333333333333
AGGREGATE.json,/versions/MLP_V6.2.2/category_breakdowns/display_formula/page/CDM/language: en_ch_mixed,1.0
AGGREGATE.json,/versions/MLP_V6.2.2/category_breakdowns/display_formula/page/CDM/language: english,0.9924621116549106
AGGREGATE.json,/versions/MLP_V6.2.2/category_breakdowns/display_formula/page/CDM/language: simplified_chinese,0.9712020648826828
AGGREGATE.json,/versions/MLP_V6.2.2/category_breakdowns/display_formula/page/CDM/layout: 1andmore_column,0.9974310166441746
AGGREGATE.json,/versions/MLP_V6.2.2/category_breakdowns/display_formula/page/CDM/layout: double_column,0.9802496643159654
AGGREGATE.json,/versions/MLP_V6.2.2/category_breakdowns/display_formula/page/CDM/layout: other_layout,0.9841053791887125
AGGREGATE.json,/versions/MLP_V6.2.2/category_breakdowns/display_formula/page/CDM/layout: single_column,0.988426383964137
AGGREGATE.json,/versions/MLP_V6.2.2/category_breakdowns/display_formula/page/CDM/layout: three_column,0.8331873015873015
AGGREGATE.json,/versions/MLP_V6.2.2/category_breakdowns/display_formula/page/CDM/subset: equation_hard,0.9883018920454284
AGGREGATE.json,/versions/MLP_V6.2.2/category_breakdowns/display_formula/page/CDM/subset: layout_hard,0.9908791208791209
AGGREGATE.json,/versions/MLP_V6.2.2/category_breakdowns/display_formula/page/CDM/subset: table_hard,1.0
AGGREGATE.json,/versions/MLP_V6.2.2/category_breakdowns/display_formula/page/CDM/subset: v1.5,0.9852132073721801
AGGREGATE.json,/versions/MLP_V6.2.2/category_breakdowns/display_formula/page/CDM/text_L-shaped_wrap,0.9962142857142857
AGGREGATE.json,/versions/MLP_V6.2.2/category_breakdowns/display_formula/page/CDM/text_O-shaped_wrap,1.0
AGGREGATE.json,/versions/MLP_V6.2.2/category_breakdowns/display_formula/page/CDM/watermark,0.8879141666666668
AGGREGATE.json,/versions/MLP_V6.2.2/category_breakdowns/display_formula/page/CDM/with_watermark,0.9988250000000001
AGGREGATE.json,/versions/MLP_V6.2.2/category_breakdowns/display_formula/page/Edit_dist/ALL,0.048321650332442435
AGGREGATE.json,/versions/MLP_V6.2.2/category_breakdowns/display_formula/page/Edit_dist/None,0.038632285507671095
AGGREGATE.json,/versions/MLP_V6.2.2/category_breakdowns/display_formula/page/Edit_dist/colorful_backgroud,0.0509681579337657
AGGREGATE.json,/versions/MLP_V6.2.2/category_breakdowns/display_formula/page/Edit_dist/data_source: PPT2PDF,0.030217785635471246
AGGREGATE.json,/versions/MLP_V6.2.2/category_breakdowns/display_formula/page/Edit_dist/data_source: academic_literature,0.0416713308049773
AGGREGATE.json,/versions/MLP_V6.2.2/category_breakdowns/display_formula/page/Edit_dist/data_source: book,0.060872611412702025
AGGREGATE.json,/versions/MLP_V6.2.2/category_breakdowns/display_formula/page/Edit_dist/data_source: colorful_textbook,0.0924015806031038
AGGREGATE.json,/versions/MLP_V6.2.2/category_breakdowns/display_formula/page/Edit_dist/data_source: exam_paper,0.033576898224318585
AGGREGATE.json,/versions/MLP_V6.2.2/category_breakdowns/display_formula/page/Edit_dist/data_source: note,0.07867242831296532
AGGREGATE.json,/versions/MLP_V6.2.2/category_breakdowns/display_formula/page/Edit_dist/fuzzy_content,0.01634877384196185
AGGREGATE.json,/versions/MLP_V6.2.2/category_breakdowns/display_formula/page/Edit_dist/fuzzy_scan,0.15494985911984932
AGGREGATE.json,/versions/MLP_V6.2.2/category_breakdowns/display_formula/page/Edit_dist/geometric_deformation,0.06374881336314077
AGGREGATE.json,/versions/MLP_V6.2.2/category_breakdowns/display_formula/page/Edit_dist/handwriting,0.11666666666666667
AGGREGATE.json,/versions/MLP_V6.2.2/category_breakdowns/display_formula/page/Edit_dist/language: en_ch_mixed,0.07692307692307693
AGGREGATE.json,/versions/MLP_V6.2.2/category_breakdowns/display_formula/page/Edit_dist/language: english,0.04313633721142604
AGGREGATE.json,/versions/MLP_V6.2.2/category_breakdowns/display_formula/page/Edit_dist/language: simplified_chinese,0.06099269976385844
AGGREGATE.json,/versions/MLP_V6.2.2/category_breakdowns/display_formula/page/Edit_dist/layout: 1andmore_column,0.026726685526254332
AGGREGATE.json,/versions/MLP_V6.2.2/category_breakdowns/display_formula/page/Edit_dist/layout: double_column,0.053897075328163506
AGGREGATE.json,/versions/MLP_V6.2.2/category_breakdowns/display_formula/page/Edit_dist/layout: other_layout,0.04756773898345215
AGGREGATE.json,/versions/MLP_V6.2.2/category_breakdowns/display_formula/page/Edit_dist/layout: single_column,0.04880573291996603
AGGREGATE.json,/versions/MLP_V6.2.2/category_breakdowns/display_formula/page/Edit_dist/layout: three_column,0.19282988337302315
AGGREGATE.json,/versions/MLP_V6.2.2/category_breakdowns/display_formula/page/Edit_dist/subset: equation_hard,0.058041758965770636
AGGREGATE.json,/versions/MLP_V6.2.2/category_breakdowns/display_formula/page/Edit_dist/subset: layout_hard,0.06315975357328836
AGGREGATE.json,/versions/MLP_V6.2.2/category_breakdowns/display_formula/page/Edit_dist/subset: table_hard,0.0
AGGREGATE.json,/versions/MLP_V6.2.2/category_breakdowns/display_formula/page/Edit_dist/subset: v1.5,0.0435835733899353
AGGREGATE.json,/versions/MLP_V6.2.2/category_breakdowns/display_formula/page/Edit_dist/text_L-shaped_wrap,0.03572167080231596
AGGREGATE.json,/versions/MLP_V6.2.2/category_breakdowns/display_formula/page/Edit_dist/text_O-shaped_wrap,0.0
AGGREGATE.json,/versions/MLP_V6.2.2/category_breakdowns/display_formula/page/Edit_dist/watermark,0.077570118679275
AGGREGATE.json,/versions/MLP_V6.2.2/category_breakdowns/display_formula/page/Edit_dist/with_watermark,0.009117707984766639
AGGREGATE.json,/versions/MLP_V6.2.2/category_breakdowns/table/all/TEDS/all,0.9667806615839174
AGGREGATE.json,/versions/MLP_V6.2.2/category_breakdowns/table/all/TEDS_structure_only/all,0.9803342832049865
AGGREGATE.json,/versions/MLP_V6.2.2/category_breakdowns/table/all/Edit_dist/ALL_page_avg,0.035843263333296106
AGGREGATE.json,/versions/MLP_V6.2.2/category_breakdowns/table/all/Edit_dist/edit_whole,0.06379263257295216
AGGREGATE.json,/versions/MLP_V6.2.2/category_breakdowns/table/all/Edit_dist/edit_sample_avg,0.033450157022781465
AGGREGATE.json,/versions/MLP_V6.2.2/category_breakdowns/table/group/sample_count,{}
AGGREGATE.json,/versions/MLP_V6.2.2/category_breakdowns/table/page/Edit_dist/ALL,0.035843263333296106
AGGREGATE.json,/versions/MLP_V6.2.2/category_breakdowns/table/page/Edit_dist/None,0.21468968532640914
AGGREGATE.json,/versions/MLP_V6.2.2/category_breakdowns/table/page/Edit_dist/colorful_backgroud,0.024269622552421405
AGGREGATE.json,/versions/MLP_V6.2.2/category_breakdowns/table/page/Edit_dist/data_source: PPT2PDF,0.06479311466461715
AGGREGATE.json,/versions/MLP_V6.2.2/category_breakdowns/table/page/Edit_dist/data_source: academic_literature,0.04974210830010415
AGGREGATE.json,/versions/MLP_V6.2.2/category_breakdowns/table/page/Edit_dist/data_source: book,0.023313435907195944
AGGREGATE.json,/versions/MLP_V6.2.2/category_breakdowns/table/page/Edit_dist/data_source: colorful_textbook,0.046188797736898914
AGGREGATE.json,/versions/MLP_V6.2.2/category_breakdowns/table/page/Edit_dist/data_source: exam_paper,0.0089605594634346
AGGREGATE.json,/versions/MLP_V6.2.2/category_breakdowns/table/page/Edit_dist/data_source: magazine,0.03407068145125848
AGGREGATE.json,/versions/MLP_V6.2.2/category_breakdowns/table/page/Edit_dist/data_source: newspaper,0.07942732318199425
AGGREGATE.json,/versions/MLP_V6.2.2/category_breakdowns/table/page/Edit_dist/data_source: note,0.06667444148832989
AGGREGATE.json,/versions/MLP_V6.2.2/category_breakdowns/table/page/Edit_dist/data_source: research_report,0.024366838687839655
AGGREGATE.json,/versions/MLP_V6.2.2/category_breakdowns/table/page/Edit_dist/fuzzy_scan,0.0
AGGREGATE.json,/versions/MLP_V6.2.2/category_breakdowns/table/page/Edit_dist/geometric_deformation,0.06914468425259793
AGGREGATE.json,/versions/MLP_V6.2.2/category_breakdowns/table/page/Edit_dist/language: en_ch_mixed,0.03956554663446431
AGGREGATE.json,/versions/MLP_V6.2.2/category_breakdowns/table/page/Edit_dist/language: english,0.05112187762068819
AGGREGATE.json,/versions/MLP_V6.2.2/category_breakdowns/table/page/Edit_dist/language: simplified_chinese,0.027527508286963393
AGGREGATE.json,/versions/MLP_V6.2.2/category_breakdowns/table/page/Edit_dist/language: traditional_chinese,0.031421011448079975
AGGREGATE.json,/versions/MLP_V6.2.2/category_breakdowns/table/page/Edit_dist/layout: 1andmore_column,0.015923854815230207
AGGREGATE.json,/versions/MLP_V6.2.2/category_breakdowns/table/page/Edit_dist/layout: double_column,0.018801005083450888
AGGREGATE.json,/versions/MLP_V6.2.2/category_breakdowns/table/page/Edit_dist/layout: other_layout,0.061604610402712846
AGGREGATE.json,/versions/MLP_V6.2.2/category_breakdowns/table/page/Edit_dist/layout: single_column,0.03660128627307503
AGGREGATE.json,/versions/MLP_V6.2.2/category_breakdowns/table/page/Edit_dist/layout: three_column,0.0036458333333333334
AGGREGATE.json,/versions/MLP_V6.2.2/category_breakdowns/table/page/Edit_dist/subset: equation_hard,0.10526190286940625
AGGREGATE.json,/versions/MLP_V6.2.2/category_breakdowns/table/page/Edit_dist/subset: layout_hard,0.04434428978837099
AGGREGATE.json,/versions/MLP_V6.2.2/category_breakdowns/table/page/Edit_dist/subset: table_hard,0.07022932595410289
AGGREGATE.json,/versions/MLP_V6.2.2/category_breakdowns/table/page/Edit_dist/subset: v1.5,0.025751258874803014
AGGREGATE.json,/versions/MLP_V6.2.2/category_breakdowns/table/page/Edit_dist/watermark,0.017247320454784738
AGGREGATE.json,/versions/MLP_V6.2.2/category_breakdowns/table/page/Edit_dist/with_watermark,0.025483993202205145
AGGREGATE.json,/versions/MLP_V6.2.2/category_breakdowns/table/page/TEDS/ALL,0.9683186499386146
AGGREGATE.json,/versions/MLP_V6.2.2/category_breakdowns/table/page/TEDS/None,0.7809150122324431
AGGREGATE.json,/versions/MLP_V6.2.2/category_breakdowns/table/page/TEDS/colorful_backgroud,0.9825931271219146
AGGREGATE.json,/versions/MLP_V6.2.2/category_breakdowns/table/page/TEDS/data_source: PPT2PDF,0.980864955338265
AGGREGATE.json,/versions/MLP_V6.2.2/category_breakdowns/table/page/TEDS/data_source: academic_literature,0.9525516033645057
AGGREGATE.json,/versions/MLP_V6.2.2/category_breakdowns/table/page/TEDS/data_source: book,0.9714457657362878
AGGREGATE.json,/versions/MLP_V6.2.2/category_breakdowns/table/page/TEDS/data_source: colorful_textbook,0.9803992670377912
AGGREGATE.json,/versions/MLP_V6.2.2/category_breakdowns/table/page/TEDS/data_source: exam_paper,0.9913456702290723
AGGREGATE.json,/versions/MLP_V6.2.2/category_breakdowns/table/page/TEDS/data_source: magazine,0.9738776559954877
AGGREGATE.json,/versions/MLP_V6.2.2/category_breakdowns/table/page/TEDS/data_source: newspaper,0.9086765624290792
AGGREGATE.json,/versions/MLP_V6.2.2/category_breakdowns/table/page/TEDS/data_source: note,0.9102165193475674
AGGREGATE.json,/versions/MLP_V6.2.2/category_breakdowns/table/page/TEDS/data_source: research_report,0.9827666698302412
AGGREGATE.json,/versions/MLP_V6.2.2/category_breakdowns/table/page/TEDS/fuzzy_scan,1.0
AGGREGATE.json,/versions/MLP_V6.2.2/category_breakdowns/table/page/TEDS/geometric_deformation,0.9950207223626515
AGGREGATE.json,/versions/MLP_V6.2.2/category_breakdowns/table/page/TEDS/language: en_ch_mixed,0.9774163555888334
AGGREGATE.json,/versions/MLP_V6.2.2/category_breakdowns/table/page/TEDS/language: english,0.9523038540014392
AGGREGATE.json,/versions/MLP_V6.2.2/category_breakdowns/table/page/TEDS/language: simplified_chinese,0.9765489141567958
AGGREGATE.json,/versions/MLP_V6.2.2/category_breakdowns/table/page/TEDS/language: traditional_chinese,0.9439788218250141
AGGREGATE.json,/versions/MLP_V6.2.2/category_breakdowns/table/page/TEDS/layout: 1andmore_column,0.9850729363106123
AGGREGATE.json,/versions/MLP_V6.2.2/category_breakdowns/table/page/TEDS/layout: double_column,0.981463063978602
AGGREGATE.json,/versions/MLP_V6.2.2/category_breakdowns/table/page/TEDS/layout: other_layout,0.9452345269847038
AGGREGATE.json,/versions/MLP_V6.2.2/category_breakdowns/table/page/TEDS/layout: single_column,0.9681245866119874
AGGREGATE.json,/versions/MLP_V6.2.2/category_breakdowns/table/page/TEDS/layout: three_column,0.9959770114942529
AGGREGATE.json,/versions/MLP_V6.2.2/category_breakdowns/table/page/TEDS/subset: equation_hard,0.9252696988496875
AGGREGATE.json,/versions/MLP_V6.2.2/category_breakdowns/table/page/TEDS/subset: layout_hard,0.9372803162693908
AGGREGATE.json,/versions/MLP_V6.2.2/category_breakdowns/table/page/TEDS/subset: table_hard,0.9453480738255398
AGGREGATE.json,/versions/MLP_V6.2.2/category_breakdowns/table/page/TEDS/subset: v1.5,0.9756193634841985
AGGREGATE.json,/versions/MLP_V6.2.2/category_breakdowns/table/page/TEDS/watermark,0.9959324618679833
AGGREGATE.json,/versions/MLP_V6.2.2/category_breakdowns/table/page/TEDS/with_watermark,0.9803993452727635
AGGREGATE.json,/versions/MLP_V6.2.2/category_breakdowns/table/page/TEDS_structure_only/ALL,0.9816733092812712
AGGREGATE.json,/versions/MLP_V6.2.2/category_breakdowns/table/page/TEDS_structure_only/None,0.7851809231556067
AGGREGATE.json,/versions/MLP_V6.2.2/category_breakdowns/table/page/TEDS_structure_only/colorful_backgroud,0.9960345643939394
AGGREGATE.json,/versions/MLP_V6.2.2/category_breakdowns/table/page/TEDS_structure_only/data_source: PPT2PDF,1.0
AGGREGATE.json,/versions/MLP_V6.2.2/category_breakdowns/table/page/TEDS_structure_only/data_source: academic_literature,0.9744656921624373
AGGREGATE.json,/versions/MLP_V6.2.2/category_breakdowns/table/page/TEDS_structure_only/data_source: book,0.9861466779278509
AGGREGATE.json,/versions/MLP_V6.2.2/category_breakdowns/table/page/TEDS_structure_only/data_source: colorful_textbook,0.9921134421134421
AGGREGATE.json,/versions/MLP_V6.2.2/category_breakdowns/table/page/TEDS_structure_only/data_source: exam_paper,1.0
AGGREGATE.json,/versions/MLP_V6.2.2/category_breakdowns/table/page/TEDS_structure_only/data_source: magazine,0.9843342151675485
AGGREGATE.json,/versions/MLP_V6.2.2/category_breakdowns/table/page/TEDS_structure_only/data_source: newspaper,0.9179542340250005
AGGREGATE.json,/versions/MLP_V6.2.2/category_breakdowns/table/page/TEDS_structure_only/data_source: note,0.9266064506009949
AGGREGATE.json,/versions/MLP_V6.2.2/category_breakdowns/table/page/TEDS_structure_only/data_source: research_report,0.9903418414358778
AGGREGATE.json,/versions/MLP_V6.2.2/category_breakdowns/table/page/TEDS_structure_only/fuzzy_scan,1.0
AGGREGATE.json,/versions/MLP_V6.2.2/category_breakdowns/table/page/TEDS_structure_only/geometric_deformation,1.0
AGGREGATE.json,/versions/MLP_V6.2.2/category_breakdowns/table/page/TEDS_structure_only/language: en_ch_mixed,0.9925349137498747
AGGREGATE.json,/versions/MLP_V6.2.2/category_breakdowns/table/page/TEDS_structure_only/language: english,0.9712751877193446
AGGREGATE.json,/versions/MLP_V6.2.2/category_breakdowns/table/page/TEDS_structure_only/language: simplified_chinese,0.9866221288004255
AGGREGATE.json,/versions/MLP_V6.2.2/category_breakdowns/table/page/TEDS_structure_only/language: traditional_chinese,0.9631519274376418
AGGREGATE.json,/versions/MLP_V6.2.2/category_breakdowns/table/page/TEDS_structure_only/layout: 1andmore_column,0.9918066474670437
AGGREGATE.json,/versions/MLP_V6.2.2/category_breakdowns/table/page/TEDS_structure_only/layout: double_column,0.9957457434024689
AGGREGATE.json,/versions/MLP_V6.2.2/category_breakdowns/table/page/TEDS_structure_only/layout: other_layout,0.9674879230174271
AGGREGATE.json,/versions/MLP_V6.2.2/category_breakdowns/table/page/TEDS_structure_only/layout: single_column,0.9807955827345267
AGGREGATE.json,/versions/MLP_V6.2.2/category_breakdowns/table/page/TEDS_structure_only/layout: three_column,1.0
AGGREGATE.json,/versions/MLP_V6.2.2/category_breakdowns/table/page/TEDS_structure_only/subset: equation_hard,1.0
AGGREGATE.json,/versions/MLP_V6.2.2/category_breakdowns/table/page/TEDS_structure_only/subset: layout_hard,0.9928886217948718
AGGREGATE.json,/versions/MLP_V6.2.2/category_breakdowns/table/page/TEDS_structure_only/subset: table_hard,0.9679896338581215
AGGREGATE.json,/versions/MLP_V6.2.2/category_breakdowns/table/page/TEDS_structure_only/subset: v1.5,0.9850947925704429
AGGREGATE.json,/versions/MLP_V6.2.2/category_breakdowns/table/page/TEDS_structure_only/watermark,1.0
AGGREGATE.json,/versions/MLP_V6.2.2/category_breakdowns/table/page/TEDS_structure_only/with_watermark,1.0
AGGREGATE.json,/versions/MLP_V6.2.2/category_breakdowns/reading_order/all/Edit_dist/ALL_page_avg,0.11821370302110742
AGGREGATE.json,/versions/MLP_V6.2.2/category_breakdowns/reading_order/all/Edit_dist/edit_whole,0.10076812914985028
AGGREGATE.json,/versions/MLP_V6.2.2/category_breakdowns/reading_order/all/Edit_dist/edit_sample_avg,0.11821370302110742
AGGREGATE.json,/versions/MLP_V6.2.2/category_breakdowns/reading_order/group/sample_count,{}
AGGREGATE.json,/versions/MLP_V6.2.2/category_breakdowns/reading_order/page/Edit_dist/ALL,0.11821370302110742
AGGREGATE.json,/versions/MLP_V6.2.2/category_breakdowns/reading_order/page/Edit_dist/None,0.03869408972554925
AGGREGATE.json,/versions/MLP_V6.2.2/category_breakdowns/reading_order/page/Edit_dist/colorful_backgroud,0.08008143274653078
AGGREGATE.json,/versions/MLP_V6.2.2/category_breakdowns/reading_order/page/Edit_dist/data_source: PPT2PDF,0.07441220118522911
AGGREGATE.json,/versions/MLP_V6.2.2/category_breakdowns/reading_order/page/Edit_dist/data_source: academic_literature,0.16209411622373668
AGGREGATE.json,/versions/MLP_V6.2.2/category_breakdowns/reading_order/page/Edit_dist/data_source: book,0.13622678582466785
AGGREGATE.json,/versions/MLP_V6.2.2/category_breakdowns/reading_order/page/Edit_dist/data_source: colorful_textbook,0.07774320296563038
AGGREGATE.json,/versions/MLP_V6.2.2/category_breakdowns/reading_order/page/Edit_dist/data_source: exam_paper,0.08243571045749942
AGGREGATE.json,/versions/MLP_V6.2.2/category_breakdowns/reading_order/page/Edit_dist/data_source: historical_document,0.18263027295285358
AGGREGATE.json,/versions/MLP_V6.2.2/category_breakdowns/reading_order/page/Edit_dist/data_source: magazine,0.057282696005819735
AGGREGATE.json,/versions/MLP_V6.2.2/category_breakdowns/reading_order/page/Edit_dist/data_source: newspaper,0.1017601160776632
AGGREGATE.json,/versions/MLP_V6.2.2/category_breakdowns/reading_order/page/Edit_dist/data_source: note,0.08091397836603612
AGGREGATE.json,/versions/MLP_V6.2.2/category_breakdowns/reading_order/page/Edit_dist/data_source: research_report,0.31032298518032403
AGGREGATE.json,/versions/MLP_V6.2.2/category_breakdowns/reading_order/page/Edit_dist/fuzzy_content,0.0
AGGREGATE.json,/versions/MLP_V6.2.2/category_breakdowns/reading_order/page/Edit_dist/fuzzy_scan,0.08006251001607038
AGGREGATE.json,/versions/MLP_V6.2.2/category_breakdowns/reading_order/page/Edit_dist/geometric_deformation,0.1265424811693649
AGGREGATE.json,/versions/MLP_V6.2.2/category_breakdowns/reading_order/page/Edit_dist/handwriting,0.31666666666666665
AGGREGATE.json,/versions/MLP_V6.2.2/category_breakdowns/reading_order/page/Edit_dist/language: en_ch_mixed,0.09889386702616208
AGGREGATE.json,/versions/MLP_V6.2.2/category_breakdowns/reading_order/page/Edit_dist/language: english,0.08875140531064349
AGGREGATE.json,/versions/MLP_V6.2.2/category_breakdowns/reading_order/page/Edit_dist/language: other,0.0
AGGREGATE.json,/versions/MLP_V6.2.2/category_breakdowns/reading_order/page/Edit_dist/language: simplified_chinese,0.1489232279744216
AGGREGATE.json,/versions/MLP_V6.2.2/category_breakdowns/reading_order/page/Edit_dist/language: traditional_chinese,0.22030149337841645
AGGREGATE.json,/versions/MLP_V6.2.2/category_breakdowns/reading_order/page/Edit_dist/layout: 1andmore_column,0.09330909862124746
AGGREGATE.json,/versions/MLP_V6.2.2/category_breakdowns/reading_order/page/Edit_dist/layout: double_column,0.06171640496016296
AGGREGATE.json,/versions/MLP_V6.2.2/category_breakdowns/reading_order/page/Edit_dist/layout: other_layout,0.09726639571526147
AGGREGATE.json,/versions/MLP_V6.2.2/category_breakdowns/reading_order/page/Edit_dist/layout: single_column,0.1448403103597841
AGGREGATE.json,/versions/MLP_V6.2.2/category_breakdowns/reading_order/page/Edit_dist/layout: three_column,0.08750318688792848
AGGREGATE.json,/versions/MLP_V6.2.2/category_breakdowns/reading_order/page/Edit_dist/subset: equation_hard,0.02334184520507783
AGGREGATE.json,/versions/MLP_V6.2.2/category_breakdowns/reading_order/page/Edit_dist/subset: layout_hard,0.09161125236838168
AGGREGATE.json,/versions/MLP_V6.2.2/category_breakdowns/reading_order/page/Edit_dist/subset: table_hard,0.3900758667417174
AGGREGATE.json,/versions/MLP_V6.2.2/category_breakdowns/reading_order/page/Edit_dist/subset: v1.5,0.10800353230892314
AGGREGATE.json,/versions/MLP_V6.2.2/category_breakdowns/reading_order/page/Edit_dist/text_L-shaped_wrap,0.0
AGGREGATE.json,/versions/MLP_V6.2.2/category_breakdowns/reading_order/page/Edit_dist/text_O-shaped_wrap,0.2222222222222222
AGGREGATE.json,/versions/MLP_V6.2.2/category_breakdowns/reading_order/page/Edit_dist/text_embedded_in_image,0.6212121212121212
AGGREGATE.json,/versions/MLP_V6.2.2/category_breakdowns/reading_order/page/Edit_dist/transparent_pages,0.0
AGGREGATE.json,/versions/MLP_V6.2.2/category_breakdowns/reading_order/page/Edit_dist/watermark,0.1389893916710679
AGGREGATE.json,/versions/MLP_V6.2.2/category_breakdowns/reading_order/page/Edit_dist/with_watermark,0.09961027584154515
AGGREGATE.json,/versions/MLP_V6.2.2/denominator_note,"""All 1651 prediction pages retained; component metrics use the pinned evaluator's applicable matched samples/pages."""
AGGREGATE.json,/versions/MLP_V6.2.2/raw_result_sha256,"""d754a088494b9712f3153c28c18f7f228622b688442c42d91995da167f993ec7"""
AGGREGATE.json,/versions/MLP_V6.2.2/input_failures,0
AGGREGATE.json,/versions/MLP_V6.2.2/empty_predictions,0
AGGREGATE.json,/versions/MLP_V6.2.2/official_diagnostics/matching/workers,8
AGGREGATE.json,/versions/MLP_V6.2.2/official_diagnostics/matching/page_count,1651
AGGREGATE.json,/versions/MLP_V6.2.2/official_diagnostics/matching/quick_match_truncated_timeout_sec,300
AGGREGATE.json,/versions/MLP_V6.2.2/official_diagnostics/matching/match_timeout_sec,420
AGGREGATE.json,/versions/MLP_V6.2.2/official_diagnostics/matching/text_match_fallback_counts/quick_match_timeout,0
AGGREGATE.json,/versions/MLP_V6.2.2/official_diagnostics/matching/text_match_fallback_counts/page_timeout,0
AGGREGATE.json,/versions/MLP_V6.2.2/official_diagnostics/component_scoring/text_block,{}
AGGREGATE.json,/versions/MLP_V6.2.2/official_diagnostics/component_scoring/display_formula/CDM/stage,"""CDM"""
AGGREGATE.json,/versions/MLP_V6.2.2/official_diagnostics/component_scoring/display_formula/CDM/workers,8
AGGREGATE.json,/versions/MLP_V6.2.2/official_diagnostics/component_scoring/display_formula/CDM/sample_count,2352
AGGREGATE.json,/versions/MLP_V6.2.2/official_diagnostics/component_scoring/display_formula/CDM/timeout_case_count,0
AGGREGATE.json,/versions/MLP_V6.2.2/official_diagnostics/component_scoring/display_formula/CDM/exception_case_count,0
AGGREGATE.json,/versions/MLP_V6.2.2/official_diagnostics/component_scoring/table/TEDS/stage,"""TEDS"""
AGGREGATE.json,/versions/MLP_V6.2.2/official_diagnostics/component_scoring/table/TEDS/workers,8
AGGREGATE.json,/versions/MLP_V6.2.2/official_diagnostics/component_scoring/table/TEDS/timeout_sec,120.0
AGGREGATE.json,/versions/MLP_V6.2.2/official_diagnostics/component_scoring/table/TEDS/sample_count,665
AGGREGATE.json,/versions/MLP_V6.2.2/official_diagnostics/component_scoring/table/TEDS/timeout_case_count,0
AGGREGATE.json,/versions/MLP_V6.2.2/official_diagnostics/component_scoring/table/TEDS/error_case_count,0
AGGREGATE.json,/versions/MLP_V6.2.2/official_diagnostics/component_scoring/reading_order,{}
AGGREGATE.json,/versions/MLP_V6.2.2/official_diagnostics/private_case_lists,"""Exact case identifiers remain in private raw products; counts retained here"""
AGGREGATE.json,/versions/MLP_V6.2.2/official_diagnostics/raw_products_available,true
AGGREGATE.json,/versions/MLP_V6.2.2/delta_from_D0/overall,0.017495084365947378
AGGREGATE.json,/versions/MLP_V6.2.2/delta_from_D0/text_edit,-0.0001097616245140827
AGGREGATE.json,/versions/MLP_V6.2.2/delta_from_D0/formula_cdm,0.00041509090646485447
AGGREGATE.json,/versions/MLP_V6.2.2/delta_from_D0/formula_edit,-0.0006838005010932763
AGGREGATE.json,/versions/MLP_V6.2.2/delta_from_D0/table_teds,0.0
AGGREGATE.json,/versions/MLP_V6.2.2/delta_from_D0/table_teds_structure,0.0
AGGREGATE.json,/versions/MLP_V6.2.2/delta_from_D0/table_edit,0.0
AGGREGATE.json,/versions/MLP_V6.2.2/delta_from_D0/reading_order_edit,-8.35650719155645e-05
AGGREGATE.json,/versions/MLP_V6.2.3/values/text_edit,0.026988581052592664
AGGREGATE.json,/versions/MLP_V6.2.3/values/formula_cdm,0.9864410053469771
AGGREGATE.json,/versions/MLP_V6.2.3/values/formula_edit,0.048321650332442435
AGGREGATE.json,/versions/MLP_V6.2.3/values/table_teds,0.9603044585846263
AGGREGATE.json,/versions/MLP_V6.2.3/values/table_teds_structure,0.974191411502535
AGGREGATE.json,/versions/MLP_V6.2.3/values/table_edit,0.04014232037111576
AGGREGATE.json,/versions/MLP_V6.2.3/values/reading_order_edit,0.11821370302110742
AGGREGATE.json,/versions/MLP_V6.2.3/values/overall,97.32522942930035
AGGREGATE.json,/versions/MLP_V6.2.3/missing_reasons,{}
AGGREGATE.json,/versions/MLP_V6.2.3/page_denominator,1651
AGGREGATE.json,/versions/MLP_V6.2.3/units/text_edit,"""0-1"""
AGGREGATE.json,/versions/MLP_V6.2.3/units/formula_cdm,"""0-1"""
AGGREGATE.json,/versions/MLP_V6.2.3/units/formula_edit,"""0-1"""
AGGREGATE.json,/versions/MLP_V6.2.3/units/table_teds,"""0-1"""
AGGREGATE.json,/versions/MLP_V6.2.3/units/table_teds_structure,"""0-1"""
AGGREGATE.json,/versions/MLP_V6.2.3/units/table_edit,"""0-1"""
AGGREGATE.json,/versions/MLP_V6.2.3/units/reading_order_edit,"""0-1"""
AGGREGATE.json,/versions/MLP_V6.2.3/units/overall,"""0-100"""
AGGREGATE.json,/versions/MLP_V6.2.3/direction/text_edit,"""lower"""
AGGREGATE.json,/versions/MLP_V6.2.3/direction/formula_cdm,"""higher"""
AGGREGATE.json,/versions/MLP_V6.2.3/direction/formula_edit,"""lower"""
AGGREGATE.json,/versions/MLP_V6.2.3/direction/table_teds,"""higher"""
AGGREGATE.json,/versions/MLP_V6.2.3/direction/table_teds_structure,"""higher"""
AGGREGATE.json,/versions/MLP_V6.2.3/direction/table_edit,"""lower"""
AGGREGATE.json,/versions/MLP_V6.2.3/direction/reading_order_edit,"""lower"""
AGGREGATE.json,/versions/MLP_V6.2.3/direction/overall,"""higher"""
AGGREGATE.json,/versions/MLP_V6.2.3/category_breakdowns/text_block/all/Edit_dist/ALL_page_avg,0.026988581052592664
AGGREGATE.json,/versions/MLP_V6.2.3/category_breakdowns/text_block/all/Edit_dist/edit_whole,0.03543533262527509
AGGREGATE.json,/versions/MLP_V6.2.3/category_breakdowns/text_block/all/Edit_dist/edit_sample_avg,0.027059159586984124
AGGREGATE.json,/versions/MLP_V6.2.3/category_breakdowns/text_block/group/sample_count,{}
AGGREGATE.json,/versions/MLP_V6.2.3/category_breakdowns/text_block/page/Edit_dist/ALL,0.02698858105259266
AGGREGATE.json,/versions/MLP_V6.2.3/category_breakdowns/text_block/page/Edit_dist/None,0.019829455399933107
AGGREGATE.json,/versions/MLP_V6.2.3/category_breakdowns/text_block/page/Edit_dist/colorful_backgroud,0.02433655081163482
AGGREGATE.json,/versions/MLP_V6.2.3/category_breakdowns/text_block/page/Edit_dist/data_source: PPT2PDF,0.019240749779481207
AGGREGATE.json,/versions/MLP_V6.2.3/category_breakdowns/text_block/page/Edit_dist/data_source: academic_literature,0.025563220764161045
AGGREGATE.json,/versions/MLP_V6.2.3/category_breakdowns/text_block/page/Edit_dist/data_source: book,0.023486170298137894
AGGREGATE.json,/versions/MLP_V6.2.3/category_breakdowns/text_block/page/Edit_dist/data_source: colorful_textbook,0.03536999423654788
AGGREGATE.json,/versions/MLP_V6.2.3/category_breakdowns/text_block/page/Edit_dist/data_source: exam_paper,0.04063706187313969
AGGREGATE.json,/versions/MLP_V6.2.3/category_breakdowns/text_block/page/Edit_dist/data_source: historical_document,0.177756402797043
AGGREGATE.json,/versions/MLP_V6.2.3/category_breakdowns/text_block/page/Edit_dist/data_source: magazine,0.01384354304025317
AGGREGATE.json,/versions/MLP_V6.2.3/category_breakdowns/text_block/page/Edit_dist/data_source: newspaper,0.04135964945917441
AGGREGATE.json,/versions/MLP_V6.2.3/category_breakdowns/text_block/page/Edit_dist/data_source: note,0.028974821012662688
AGGREGATE.json,/versions/MLP_V6.2.3/category_breakdowns/text_block/page/Edit_dist/data_source: research_report,0.007140742389046126
AGGREGATE.json,/versions/MLP_V6.2.3/category_breakdowns/text_block/page/Edit_dist/fuzzy_content,0.015926465234801603
AGGREGATE.json,/versions/MLP_V6.2.3/category_breakdowns/text_block/page/Edit_dist/fuzzy_scan,0.03703741985593637
AGGREGATE.json,/versions/MLP_V6.2.3/category_breakdowns/text_block/page/Edit_dist/geometric_deformation,0.03496644589690337
AGGREGATE.json,/versions/MLP_V6.2.3/category_breakdowns/text_block/page/Edit_dist/handwriting,0.3216711830431716
AGGREGATE.json,/versions/MLP_V6.2.3/category_breakdowns/text_block/page/Edit_dist/language: en_ch_mixed,0.02060268336744034
AGGREGATE.json,/versions/MLP_V6.2.3/category_breakdowns/text_block/page/Edit_dist/language: english,0.021655650181387175
AGGREGATE.json,/versions/MLP_V6.2.3/category_breakdowns/text_block/page/Edit_dist/language: other,0.001282051282051282
AGGREGATE.json,/versions/MLP_V6.2.3/category_breakdowns/text_block/page/Edit_dist/language: simplified_chinese,0.03260937276233944
AGGREGATE.json,/versions/MLP_V6.2.3/category_breakdowns/text_block/page/Edit_dist/language: traditional_chinese,0.07873146809401618
AGGREGATE.json,/versions/MLP_V6.2.3/category_breakdowns/text_block/page/Edit_dist/layout: 1andmore_column,0.019501172050325786
AGGREGATE.json,/versions/MLP_V6.2.3/category_breakdowns/text_block/page/Edit_dist/layout: double_column,0.020294818142166243
AGGREGATE.json,/versions/MLP_V6.2.3/category_breakdowns/text_block/page/Edit_dist/layout: other_layout,0.042275591014692734
AGGREGATE.json,/versions/MLP_V6.2.3/category_breakdowns/text_block/page/Edit_dist/layout: single_column,0.023458730441078667
AGGREGATE.json,/versions/MLP_V6.2.3/category_breakdowns/text_block/page/Edit_dist/layout: three_column,0.019947654392550355
AGGREGATE.json,/versions/MLP_V6.2.3/category_breakdowns/text_block/page/Edit_dist/subset: equation_hard,0.058558926192529406
AGGREGATE.json,/versions/MLP_V6.2.3/category_breakdowns/text_block/page/Edit_dist/subset: layout_hard,0.04535899316187916
AGGREGATE.json,/versions/MLP_V6.2.3/category_breakdowns/text_block/page/Edit_dist/subset: table_hard,0.0018480218862584664
AGGREGATE.json,/versions/MLP_V6.2.3/category_breakdowns/text_block/page/Edit_dist/subset: v1.5,0.02449041336404484
AGGREGATE.json,/versions/MLP_V6.2.3/category_breakdowns/text_block/page/Edit_dist/text_L-shaped_wrap,0.07429043361431584
AGGREGATE.json,/versions/MLP_V6.2.3/category_breakdowns/text_block/page/Edit_dist/text_O-shaped_wrap,0.08762886597938144
AGGREGATE.json,/versions/MLP_V6.2.3/category_breakdowns/text_block/page/Edit_dist/text_embedded_in_image,0.05345911949685535
AGGREGATE.json,/versions/MLP_V6.2.3/category_breakdowns/text_block/page/Edit_dist/transparent_pages,0.022997663489361116
AGGREGATE.json,/versions/MLP_V6.2.3/category_breakdowns/text_block/page/Edit_dist/watermark,0.03403158340396133
AGGREGATE.json,/versions/MLP_V6.2.3/category_breakdowns/text_block/page/Edit_dist/with_watermark,0.015641224246314058
AGGREGATE.json,/versions/MLP_V6.2.3/category_breakdowns/display_formula/all/Edit_dist/ALL_page_avg,0.048321650332442435
AGGREGATE.json,/versions/MLP_V6.2.3/category_breakdowns/display_formula/all/Edit_dist/edit_whole,0.05050947122721968
AGGREGATE.json,/versions/MLP_V6.2.3/category_breakdowns/display_formula/all/Edit_dist/edit_sample_avg,0.047135060027131324
AGGREGATE.json,/versions/MLP_V6.2.3/category_breakdowns/display_formula/all/CDM/all,0.9794970238095236
AGGREGATE.json,/versions/MLP_V6.2.3/category_breakdowns/display_formula/group/sample_count,{}
AGGREGATE.json,/versions/MLP_V6.2.3/category_breakdowns/display_formula/page/CDM/ALL,0.9864410053469771
AGGREGATE.json,/versions/MLP_V6.2.3/category_breakdowns/display_formula/page/CDM/None,0.9908323349020152
AGGREGATE.json,/versions/MLP_V6.2.3/category_breakdowns/display_formula/page/CDM/colorful_backgroud,0.9987375000000001
AGGREGATE.json,/versions/MLP_V6.2.3/category_breakdowns/display_formula/page/CDM/data_source: PPT2PDF,0.9937225
AGGREGATE.json,/versions/MLP_V6.2.3/category_breakdowns/display_formula/page/CDM/data_source: academic_literature,0.9966057545862167
AGGREGATE.json,/versions/MLP_V6.2.3/category_breakdowns/display_formula/page/CDM/data_source: book,0.9798503332194122
AGGREGATE.json,/versions/MLP_V6.2.3/category_breakdowns/display_formula/page/CDM/data_source: colorful_textbook,0.9793421875
AGGREGATE.json,/versions/MLP_V6.2.3/category_breakdowns/display_formula/page/CDM/data_source: exam_paper,0.9872924767843347
AGGREGATE.json,/versions/MLP_V6.2.3/category_breakdowns/display_formula/page/CDM/data_source: note,0.9744444444444444
AGGREGATE.json,/versions/MLP_V6.2.3/category_breakdowns/display_formula/page/CDM/fuzzy_content,0.9941249999999999
AGGREGATE.json,/versions/MLP_V6.2.3/category_breakdowns/display_formula/page/CDM/fuzzy_scan,0.8660333333333334
AGGREGATE.json,/versions/MLP_V6.2.3/category_breakdowns/display_formula/page/CDM/geometric_deformation,0.9801313131313131
AGGREGATE.json,/versions/MLP_V6.2.3/category_breakdowns/display_formula/page/CDM/handwriting,0.9878333333333333
AGGREGATE.json,/versions/MLP_V6.2.3/category_breakdowns/display_formula/page/CDM/language: en_ch_mixed,1.0
AGGREGATE.json,/versions/MLP_V6.2.3/category_breakdowns/display_formula/page/CDM/language: english,0.9924621116549106
AGGREGATE.json,/versions/MLP_V6.2.3/category_breakdowns/display_formula/page/CDM/language: simplified_chinese,0.9712020648826828
AGGREGATE.json,/versions/MLP_V6.2.3/category_breakdowns/display_formula/page/CDM/layout: 1andmore_column,0.9974310166441746
AGGREGATE.json,/versions/MLP_V6.2.3/category_breakdowns/display_formula/page/CDM/layout: double_column,0.9802496643159654
AGGREGATE.json,/versions/MLP_V6.2.3/category_breakdowns/display_formula/page/CDM/layout: other_layout,0.9841053791887125
AGGREGATE.json,/versions/MLP_V6.2.3/category_breakdowns/display_formula/page/CDM/layout: single_column,0.988426383964137
AGGREGATE.json,/versions/MLP_V6.2.3/category_breakdowns/display_formula/page/CDM/layout: three_column,0.8331873015873015
AGGREGATE.json,/versions/MLP_V6.2.3/category_breakdowns/display_formula/page/CDM/subset: equation_hard,0.9883018920454284
AGGREGATE.json,/versions/MLP_V6.2.3/category_breakdowns/display_formula/page/CDM/subset: layout_hard,0.9908791208791209
AGGREGATE.json,/versions/MLP_V6.2.3/category_breakdowns/display_formula/page/CDM/subset: table_hard,1.0
AGGREGATE.json,/versions/MLP_V6.2.3/category_breakdowns/display_formula/page/CDM/subset: v1.5,0.9852132073721801
AGGREGATE.json,/versions/MLP_V6.2.3/category_breakdowns/display_formula/page/CDM/text_L-shaped_wrap,0.9962142857142857
AGGREGATE.json,/versions/MLP_V6.2.3/category_breakdowns/display_formula/page/CDM/text_O-shaped_wrap,1.0
AGGREGATE.json,/versions/MLP_V6.2.3/category_breakdowns/display_formula/page/CDM/watermark,0.8879141666666668
AGGREGATE.json,/versions/MLP_V6.2.3/category_breakdowns/display_formula/page/CDM/with_watermark,0.9988250000000001
AGGREGATE.json,/versions/MLP_V6.2.3/category_breakdowns/display_formula/page/Edit_dist/ALL,0.048321650332442435
AGGREGATE.json,/versions/MLP_V6.2.3/category_breakdowns/display_formula/page/Edit_dist/None,0.038632285507671095
AGGREGATE.json,/versions/MLP_V6.2.3/category_breakdowns/display_formula/page/Edit_dist/colorful_backgroud,0.0509681579337657
AGGREGATE.json,/versions/MLP_V6.2.3/category_breakdowns/display_formula/page/Edit_dist/data_source: PPT2PDF,0.030217785635471246
AGGREGATE.json,/versions/MLP_V6.2.3/category_breakdowns/display_formula/page/Edit_dist/data_source: academic_literature,0.0416713308049773
AGGREGATE.json,/versions/MLP_V6.2.3/category_breakdowns/display_formula/page/Edit_dist/data_source: book,0.060872611412702025
AGGREGATE.json,/versions/MLP_V6.2.3/category_breakdowns/display_formula/page/Edit_dist/data_source: colorful_textbook,0.0924015806031038
AGGREGATE.json,/versions/MLP_V6.2.3/category_breakdowns/display_formula/page/Edit_dist/data_source: exam_paper,0.033576898224318585
AGGREGATE.json,/versions/MLP_V6.2.3/category_breakdowns/display_formula/page/Edit_dist/data_source: note,0.07867242831296532
AGGREGATE.json,/versions/MLP_V6.2.3/category_breakdowns/display_formula/page/Edit_dist/fuzzy_content,0.01634877384196185
AGGREGATE.json,/versions/MLP_V6.2.3/category_breakdowns/display_formula/page/Edit_dist/fuzzy_scan,0.15494985911984932
AGGREGATE.json,/versions/MLP_V6.2.3/category_breakdowns/display_formula/page/Edit_dist/geometric_deformation,0.06374881336314077
AGGREGATE.json,/versions/MLP_V6.2.3/category_breakdowns/display_formula/page/Edit_dist/handwriting,0.11666666666666667
AGGREGATE.json,/versions/MLP_V6.2.3/category_breakdowns/display_formula/page/Edit_dist/language: en_ch_mixed,0.07692307692307693
AGGREGATE.json,/versions/MLP_V6.2.3/category_breakdowns/display_formula/page/Edit_dist/language: english,0.04313633721142604
AGGREGATE.json,/versions/MLP_V6.2.3/category_breakdowns/display_formula/page/Edit_dist/language: simplified_chinese,0.06099269976385844
AGGREGATE.json,/versions/MLP_V6.2.3/category_breakdowns/display_formula/page/Edit_dist/layout: 1andmore_column,0.026726685526254332
AGGREGATE.json,/versions/MLP_V6.2.3/category_breakdowns/display_formula/page/Edit_dist/layout: double_column,0.053897075328163506
AGGREGATE.json,/versions/MLP_V6.2.3/category_breakdowns/display_formula/page/Edit_dist/layout: other_layout,0.04756773898345215
AGGREGATE.json,/versions/MLP_V6.2.3/category_breakdowns/display_formula/page/Edit_dist/layout: single_column,0.04880573291996603
AGGREGATE.json,/versions/MLP_V6.2.3/category_breakdowns/display_formula/page/Edit_dist/layout: three_column,0.19282988337302315
AGGREGATE.json,/versions/MLP_V6.2.3/category_breakdowns/display_formula/page/Edit_dist/subset: equation_hard,0.058041758965770636
AGGREGATE.json,/versions/MLP_V6.2.3/category_breakdowns/display_formula/page/Edit_dist/subset: layout_hard,0.06315975357328836
AGGREGATE.json,/versions/MLP_V6.2.3/category_breakdowns/display_formula/page/Edit_dist/subset: table_hard,0.0
AGGREGATE.json,/versions/MLP_V6.2.3/category_breakdowns/display_formula/page/Edit_dist/subset: v1.5,0.0435835733899353
AGGREGATE.json,/versions/MLP_V6.2.3/category_breakdowns/display_formula/page/Edit_dist/text_L-shaped_wrap,0.03572167080231596
AGGREGATE.json,/versions/MLP_V6.2.3/category_breakdowns/display_formula/page/Edit_dist/text_O-shaped_wrap,0.0
AGGREGATE.json,/versions/MLP_V6.2.3/category_breakdowns/display_formula/page/Edit_dist/watermark,0.077570118679275
AGGREGATE.json,/versions/MLP_V6.2.3/category_breakdowns/display_formula/page/Edit_dist/with_watermark,0.009117707984766639
AGGREGATE.json,/versions/MLP_V6.2.3/category_breakdowns/table/all/TEDS/all,0.9544276946379463
AGGREGATE.json,/versions/MLP_V6.2.3/category_breakdowns/table/all/TEDS_structure_only/all,0.973237220635346
AGGREGATE.json,/versions/MLP_V6.2.3/category_breakdowns/table/all/Edit_dist/ALL_page_avg,0.04014232037111576
AGGREGATE.json,/versions/MLP_V6.2.3/category_breakdowns/table/all/Edit_dist/edit_whole,0.04847514469883353
AGGREGATE.json,/versions/MLP_V6.2.3/category_breakdowns/table/all/Edit_dist/edit_sample_avg,0.039714055398047024
AGGREGATE.json,/versions/MLP_V6.2.3/category_breakdowns/table/group/sample_count,{}
AGGREGATE.json,/versions/MLP_V6.2.3/category_breakdowns/table/page/Edit_dist/ALL,0.04014232037111576
AGGREGATE.json,/versions/MLP_V6.2.3/category_breakdowns/table/page/Edit_dist/None,0.20769727280900807
AGGREGATE.json,/versions/MLP_V6.2.3/category_breakdowns/table/page/Edit_dist/colorful_backgroud,0.030200744145717027
AGGREGATE.json,/versions/MLP_V6.2.3/category_breakdowns/table/page/Edit_dist/data_source: PPT2PDF,0.07085378929466893
AGGREGATE.json,/versions/MLP_V6.2.3/category_breakdowns/table/page/Edit_dist/data_source: academic_literature,0.048294802719372296
AGGREGATE.json,/versions/MLP_V6.2.3/category_breakdowns/table/page/Edit_dist/data_source: book,0.02138440884021294
AGGREGATE.json,/versions/MLP_V6.2.3/category_breakdowns/table/page/Edit_dist/data_source: colorful_textbook,0.04958569065074928
AGGREGATE.json,/versions/MLP_V6.2.3/category_breakdowns/table/page/Edit_dist/data_source: exam_paper,0.008916256787552977
AGGREGATE.json,/versions/MLP_V6.2.3/category_breakdowns/table/page/Edit_dist/data_source: magazine,0.032587046613181736
AGGREGATE.json,/versions/MLP_V6.2.3/category_breakdowns/table/page/Edit_dist/data_source: newspaper,0.08659689767107114
AGGREGATE.json,/versions/MLP_V6.2.3/category_breakdowns/table/page/Edit_dist/data_source: note,0.09200196104691863
AGGREGATE.json,/versions/MLP_V6.2.3/category_breakdowns/table/page/Edit_dist/data_source: research_report,0.03333580534625524
AGGREGATE.json,/versions/MLP_V6.2.3/category_breakdowns/table/page/Edit_dist/fuzzy_scan,0.0
AGGREGATE.json,/versions/MLP_V6.2.3/category_breakdowns/table/page/Edit_dist/geometric_deformation,0.06914468425259793
AGGREGATE.json,/versions/MLP_V6.2.3/category_breakdowns/table/page/Edit_dist/language: en_ch_mixed,0.040206865372993554
AGGREGATE.json,/versions/MLP_V6.2.3/category_breakdowns/table/page/Edit_dist/language: english,0.05015434458741872
AGGREGATE.json,/versions/MLP_V6.2.3/category_breakdowns/table/page/Edit_dist/language: simplified_chinese,0.033302778706304166
AGGREGATE.json,/versions/MLP_V6.2.3/category_breakdowns/table/page/Edit_dist/language: traditional_chinese,0.10127758508143944
AGGREGATE.json,/versions/MLP_V6.2.3/category_breakdowns/table/page/Edit_dist/layout: 1andmore_column,0.015941778074459147
AGGREGATE.json,/versions/MLP_V6.2.3/category_breakdowns/table/page/Edit_dist/layout: double_column,0.024271560855132292
AGGREGATE.json,/versions/MLP_V6.2.3/category_breakdowns/table/page/Edit_dist/layout: other_layout,0.06357660527519421
AGGREGATE.json,/versions/MLP_V6.2.3/category_breakdowns/table/page/Edit_dist/layout: single_column,0.04204250956265632
AGGREGATE.json,/versions/MLP_V6.2.3/category_breakdowns/table/page/Edit_dist/layout: three_column,0.0036458333333333334
AGGREGATE.json,/versions/MLP_V6.2.3/category_breakdowns/table/page/Edit_dist/subset: equation_hard,0.10284644393220818
AGGREGATE.json,/versions/MLP_V6.2.3/category_breakdowns/table/page/Edit_dist/subset: layout_hard,0.09643372152039166
AGGREGATE.json,/versions/MLP_V6.2.3/category_breakdowns/table/page/Edit_dist/subset: table_hard,0.07246046487494545
AGGREGATE.json,/versions/MLP_V6.2.3/category_breakdowns/table/page/Edit_dist/subset: v1.5,0.029570811900495042
AGGREGATE.json,/versions/MLP_V6.2.3/category_breakdowns/table/page/Edit_dist/watermark,0.017247320454784738
AGGREGATE.json,/versions/MLP_V6.2.3/category_breakdowns/table/page/Edit_dist/with_watermark,0.025867428785027232
AGGREGATE.json,/versions/MLP_V6.2.3/category_breakdowns/table/page/TEDS/ALL,0.9603044585846263
AGGREGATE.json,/versions/MLP_V6.2.3/category_breakdowns/table/page/TEDS/None,0.797007705849138
AGGREGATE.json,/versions/MLP_V6.2.3/category_breakdowns/table/page/TEDS/colorful_backgroud,0.9721686647635718
AGGREGATE.json,/versions/MLP_V6.2.3/category_breakdowns/table/page/TEDS/data_source: PPT2PDF,0.9789201251827823
AGGREGATE.json,/versions/MLP_V6.2.3/category_breakdowns/table/page/TEDS/data_source: academic_literature,0.944800708757187
AGGREGATE.json,/versions/MLP_V6.2.3/category_breakdowns/table/page/TEDS/data_source: book,0.9766902376184452
AGGREGATE.json,/versions/MLP_V6.2.3/category_breakdowns/table/page/TEDS/data_source: colorful_textbook,0.9727603845993605
AGGREGATE.json,/versions/MLP_V6.2.3/category_breakdowns/table/page/TEDS/data_source: exam_paper,0.9913516921488604
AGGREGATE.json,/versions/MLP_V6.2.3/category_breakdowns/table/page/TEDS/data_source: magazine,0.9747148289205144
AGGREGATE.json,/versions/MLP_V6.2.3/category_breakdowns/table/page/TEDS/data_source: newspaper,0.8965011102211051
AGGREGATE.json,/versions/MLP_V6.2.3/category_breakdowns/table/page/TEDS/data_source: note,0.8661033679375368
AGGREGATE.json,/versions/MLP_V6.2.3/category_breakdowns/table/page/TEDS/data_source: research_report,0.9708514443525971
AGGREGATE.json,/versions/MLP_V6.2.3/category_breakdowns/table/page/TEDS/fuzzy_scan,1.0
AGGREGATE.json,/versions/MLP_V6.2.3/category_breakdowns/table/page/TEDS/geometric_deformation,0.9950207223626515
AGGREGATE.json,/versions/MLP_V6.2.3/category_breakdowns/table/page/TEDS/language: en_ch_mixed,0.9767909692462542
AGGREGATE.json,/versions/MLP_V6.2.3/category_breakdowns/table/page/TEDS/language: english,0.9479350668250992
AGGREGATE.json,/versions/MLP_V6.2.3/category_breakdowns/table/page/TEDS/language: simplified_chinese,0.9683349435123877
AGGREGATE.json,/versions/MLP_V6.2.3/category_breakdowns/table/page/TEDS/language: traditional_chinese,0.8399011016604149
AGGREGATE.json,/versions/MLP_V6.2.3/category_breakdowns/table/page/TEDS/layout: 1andmore_column,0.9799088736399898
AGGREGATE.json,/versions/MLP_V6.2.3/category_breakdowns/table/page/TEDS/layout: double_column,0.9712135440236782
AGGREGATE.json,/versions/MLP_V6.2.3/category_breakdowns/table/page/TEDS/layout: other_layout,0.9416902885397671
AGGREGATE.json,/versions/MLP_V6.2.3/category_breakdowns/table/page/TEDS/layout: single_column,0.9589012461739397
AGGREGATE.json,/versions/MLP_V6.2.3/category_breakdowns/table/page/TEDS/layout: three_column,0.9959770114942529
AGGREGATE.json,/versions/MLP_V6.2.3/category_breakdowns/table/page/TEDS/subset: equation_hard,0.9260556815197281
AGGREGATE.json,/versions/MLP_V6.2.3/category_breakdowns/table/page/TEDS/subset: layout_hard,0.8749074617814097
AGGREGATE.json,/versions/MLP_V6.2.3/category_breakdowns/table/page/TEDS/subset: table_hard,0.9347107654276375
AGGREGATE.json,/versions/MLP_V6.2.3/category_breakdowns/table/page/TEDS/subset: v1.5,0.9695188795669153
AGGREGATE.json,/versions/MLP_V6.2.3/category_breakdowns/table/page/TEDS/watermark,0.9959324618679833
AGGREGATE.json,/versions/MLP_V6.2.3/category_breakdowns/table/page/TEDS/with_watermark,0.9792365545750892
AGGREGATE.json,/versions/MLP_V6.2.3/category_breakdowns/table/page/TEDS_structure_only/ALL,0.974191411502535
AGGREGATE.json,/versions/MLP_V6.2.3/category_breakdowns/table/page/TEDS_structure_only/None,0.8
AGGREGATE.json,/versions/MLP_V6.2.3/category_breakdowns/table/page/TEDS_structure_only/colorful_backgroud,0.9857978300221604
AGGREGATE.json,/versions/MLP_V6.2.3/category_breakdowns/table/page/TEDS_structure_only/data_source: PPT2PDF,1.0
AGGREGATE.json,/versions/MLP_V6.2.3/category_breakdowns/table/page/TEDS_structure_only/data_source: academic_literature,0.9644240408371991
AGGREGATE.json,/versions/MLP_V6.2.3/category_breakdowns/table/page/TEDS_structure_only/data_source: book,0.9888329769514177
AGGREGATE.json,/versions/MLP_V6.2.3/category_breakdowns/table/page/TEDS_structure_only/data_source: colorful_textbook,0.9844834001976859
AGGREGATE.json,/versions/MLP_V6.2.3/category_breakdowns/table/page/TEDS_structure_only/data_source: exam_paper,1.0
AGGREGATE.json,/versions/MLP_V6.2.3/category_breakdowns/table/page/TEDS_structure_only/data_source: magazine,0.9832670406967008
AGGREGATE.json,/versions/MLP_V6.2.3/category_breakdowns/table/page/TEDS_structure_only/data_source: newspaper,0.919266974311092
AGGREGATE.json,/versions/MLP_V6.2.3/category_breakdowns/table/page/TEDS_structure_only/data_source: note,0.8900325498325107
AGGREGATE.json,/versions/MLP_V6.2.3/category_breakdowns/table/page/TEDS_structure_only/data_source: research_report,0.9798749172822172
AGGREGATE.json,/versions/MLP_V6.2.3/category_breakdowns/table/page/TEDS_structure_only/fuzzy_scan,1.0
AGGREGATE.json,/versions/MLP_V6.2.3/category_breakdowns/table/page/TEDS_structure_only/geometric_deformation,1.0
AGGREGATE.json,/versions/MLP_V6.2.3/category_breakdowns/table/page/TEDS_structure_only/language: en_ch_mixed,0.9925349137498747
AGGREGATE.json,/versions/MLP_V6.2.3/category_breakdowns/table/page/TEDS_structure_only/language: english,0.964968315961566
AGGREGATE.json,/versions/MLP_V6.2.3/category_breakdowns/table/page/TEDS_structure_only/language: simplified_chinese,0.9798909223440135
AGGREGATE.json,/versions/MLP_V6.2.3/category_breakdowns/table/page/TEDS_structure_only/language: traditional_chinese,0.8733914075254807
AGGREGATE.json,/versions/MLP_V6.2.3/category_breakdowns/table/page/TEDS_structure_only/layout: 1andmore_column,0.9849311752657097
AGGREGATE.json,/versions/MLP_V6.2.3/category_breakdowns/table/page/TEDS_structure_only/layout: double_column,0.9841866327704313
AGGREGATE.json,/versions/MLP_V6.2.3/category_breakdowns/table/page/TEDS_structure_only/layout: other_layout,0.9687120820325957
AGGREGATE.json,/versions/MLP_V6.2.3/category_breakdowns/table/page/TEDS_structure_only/layout: single_column,0.9718834135482641
AGGREGATE.json,/versions/MLP_V6.2.3/category_breakdowns/table/page/TEDS_structure_only/layout: three_column,1.0
AGGREGATE.json,/versions/MLP_V6.2.3/category_breakdowns/table/page/TEDS_structure_only/subset: equation_hard,1.0
AGGREGATE.json,/versions/MLP_V6.2.3/category_breakdowns/table/page/TEDS_structure_only/subset: layout_hard,0.9390093114500442
AGGREGATE.json,/versions/MLP_V6.2.3/category_breakdowns/table/page/TEDS_structure_only/subset: table_hard,0.9588722334344943
AGGREGATE.json,/versions/MLP_V6.2.3/category_breakdowns/table/page/TEDS_structure_only/subset: v1.5,0.9790797302946289
AGGREGATE.json,/versions/MLP_V6.2.3/category_breakdowns/table/page/TEDS_structure_only/watermark,1.0
AGGREGATE.json,/versions/MLP_V6.2.3/category_breakdowns/table/page/TEDS_structure_only/with_watermark,1.0
AGGREGATE.json,/versions/MLP_V6.2.3/category_breakdowns/reading_order/all/Edit_dist/ALL_page_avg,0.11821370302110742
AGGREGATE.json,/versions/MLP_V6.2.3/category_breakdowns/reading_order/all/Edit_dist/edit_whole,0.10076812914985028
AGGREGATE.json,/versions/MLP_V6.2.3/category_breakdowns/reading_order/all/Edit_dist/edit_sample_avg,0.11821370302110742
AGGREGATE.json,/versions/MLP_V6.2.3/category_breakdowns/reading_order/group/sample_count,{}
AGGREGATE.json,/versions/MLP_V6.2.3/category_breakdowns/reading_order/page/Edit_dist/ALL,0.11821370302110742
AGGREGATE.json,/versions/MLP_V6.2.3/category_breakdowns/reading_order/page/Edit_dist/None,0.03869408972554925
AGGREGATE.json,/versions/MLP_V6.2.3/category_breakdowns/reading_order/page/Edit_dist/colorful_backgroud,0.08008143274653078
AGGREGATE.json,/versions/MLP_V6.2.3/category_breakdowns/reading_order/page/Edit_dist/data_source: PPT2PDF,0.07441220118522911
AGGREGATE.json,/versions/MLP_V6.2.3/category_breakdowns/reading_order/page/Edit_dist/data_source: academic_literature,0.16209411622373668
AGGREGATE.json,/versions/MLP_V6.2.3/category_breakdowns/reading_order/page/Edit_dist/data_source: book,0.13622678582466785
AGGREGATE.json,/versions/MLP_V6.2.3/category_breakdowns/reading_order/page/Edit_dist/data_source: colorful_textbook,0.07774320296563038
AGGREGATE.json,/versions/MLP_V6.2.3/category_breakdowns/reading_order/page/Edit_dist/data_source: exam_paper,0.08243571045749942
AGGREGATE.json,/versions/MLP_V6.2.3/category_breakdowns/reading_order/page/Edit_dist/data_source: historical_document,0.18263027295285358
AGGREGATE.json,/versions/MLP_V6.2.3/category_breakdowns/reading_order/page/Edit_dist/data_source: magazine,0.057282696005819735
AGGREGATE.json,/versions/MLP_V6.2.3/category_breakdowns/reading_order/page/Edit_dist/data_source: newspaper,0.1017601160776632
AGGREGATE.json,/versions/MLP_V6.2.3/category_breakdowns/reading_order/page/Edit_dist/data_source: note,0.08091397836603612
AGGREGATE.json,/versions/MLP_V6.2.3/category_breakdowns/reading_order/page/Edit_dist/data_source: research_report,0.31032298518032403
AGGREGATE.json,/versions/MLP_V6.2.3/category_breakdowns/reading_order/page/Edit_dist/fuzzy_content,0.0
AGGREGATE.json,/versions/MLP_V6.2.3/category_breakdowns/reading_order/page/Edit_dist/fuzzy_scan,0.08006251001607038
AGGREGATE.json,/versions/MLP_V6.2.3/category_breakdowns/reading_order/page/Edit_dist/geometric_deformation,0.1265424811693649
AGGREGATE.json,/versions/MLP_V6.2.3/category_breakdowns/reading_order/page/Edit_dist/handwriting,0.31666666666666665
AGGREGATE.json,/versions/MLP_V6.2.3/category_breakdowns/reading_order/page/Edit_dist/language: en_ch_mixed,0.09889386702616208
AGGREGATE.json,/versions/MLP_V6.2.3/category_breakdowns/reading_order/page/Edit_dist/language: english,0.08875140531064349
AGGREGATE.json,/versions/MLP_V6.2.3/category_breakdowns/reading_order/page/Edit_dist/language: other,0.0
AGGREGATE.json,/versions/MLP_V6.2.3/category_breakdowns/reading_order/page/Edit_dist/language: simplified_chinese,0.1489232279744216
AGGREGATE.json,/versions/MLP_V6.2.3/category_breakdowns/reading_order/page/Edit_dist/language: traditional_chinese,0.22030149337841645
AGGREGATE.json,/versions/MLP_V6.2.3/category_breakdowns/reading_order/page/Edit_dist/layout: 1andmore_column,0.09330909862124746
AGGREGATE.json,/versions/MLP_V6.2.3/category_breakdowns/reading_order/page/Edit_dist/layout: double_column,0.06171640496016296
AGGREGATE.json,/versions/MLP_V6.2.3/category_breakdowns/reading_order/page/Edit_dist/layout: other_layout,0.09726639571526147
AGGREGATE.json,/versions/MLP_V6.2.3/category_breakdowns/reading_order/page/Edit_dist/layout: single_column,0.1448403103597841
AGGREGATE.json,/versions/MLP_V6.2.3/category_breakdowns/reading_order/page/Edit_dist/layout: three_column,0.08750318688792848
AGGREGATE.json,/versions/MLP_V6.2.3/category_breakdowns/reading_order/page/Edit_dist/subset: equation_hard,0.02334184520507783
AGGREGATE.json,/versions/MLP_V6.2.3/category_breakdowns/reading_order/page/Edit_dist/subset: layout_hard,0.09161125236838168
AGGREGATE.json,/versions/MLP_V6.2.3/category_breakdowns/reading_order/page/Edit_dist/subset: table_hard,0.3900758667417174
AGGREGATE.json,/versions/MLP_V6.2.3/category_breakdowns/reading_order/page/Edit_dist/subset: v1.5,0.10800353230892314
AGGREGATE.json,/versions/MLP_V6.2.3/category_breakdowns/reading_order/page/Edit_dist/text_L-shaped_wrap,0.0
AGGREGATE.json,/versions/MLP_V6.2.3/category_breakdowns/reading_order/page/Edit_dist/text_O-shaped_wrap,0.2222222222222222
AGGREGATE.json,/versions/MLP_V6.2.3/category_breakdowns/reading_order/page/Edit_dist/text_embedded_in_image,0.6212121212121212
AGGREGATE.json,/versions/MLP_V6.2.3/category_breakdowns/reading_order/page/Edit_dist/transparent_pages,0.0
AGGREGATE.json,/versions/MLP_V6.2.3/category_breakdowns/reading_order/page/Edit_dist/watermark,0.1389893916710679
AGGREGATE.json,/versions/MLP_V6.2.3/category_breakdowns/reading_order/page/Edit_dist/with_watermark,0.09961027584154515
AGGREGATE.json,/versions/MLP_V6.2.3/denominator_note,"""All 1651 prediction pages retained; component metrics use the pinned evaluator's applicable matched samples/pages."""
AGGREGATE.json,/versions/MLP_V6.2.3/raw_result_sha256,"""6269fc1d5f75bc2caa3790429a5aa8279fd69f8021f814c4a29dd29dc19705d6"""
AGGREGATE.json,/versions/MLP_V6.2.3/input_failures,0
AGGREGATE.json,/versions/MLP_V6.2.3/empty_predictions,0
AGGREGATE.json,/versions/MLP_V6.2.3/official_diagnostics/matching/workers,8
AGGREGATE.json,/versions/MLP_V6.2.3/official_diagnostics/matching/page_count,1651
AGGREGATE.json,/versions/MLP_V6.2.3/official_diagnostics/matching/quick_match_truncated_timeout_sec,300
AGGREGATE.json,/versions/MLP_V6.2.3/official_diagnostics/matching/match_timeout_sec,420
AGGREGATE.json,/versions/MLP_V6.2.3/official_diagnostics/matching/text_match_fallback_counts/quick_match_timeout,0
AGGREGATE.json,/versions/MLP_V6.2.3/official_diagnostics/matching/text_match_fallback_counts/page_timeout,0
AGGREGATE.json,/versions/MLP_V6.2.3/official_diagnostics/component_scoring/text_block,{}
AGGREGATE.json,/versions/MLP_V6.2.3/official_diagnostics/component_scoring/display_formula/CDM/stage,"""CDM"""
AGGREGATE.json,/versions/MLP_V6.2.3/official_diagnostics/component_scoring/display_formula/CDM/workers,8
AGGREGATE.json,/versions/MLP_V6.2.3/official_diagnostics/component_scoring/display_formula/CDM/sample_count,2352
AGGREGATE.json,/versions/MLP_V6.2.3/official_diagnostics/component_scoring/display_formula/CDM/timeout_case_count,0
AGGREGATE.json,/versions/MLP_V6.2.3/official_diagnostics/component_scoring/display_formula/CDM/exception_case_count,0
AGGREGATE.json,/versions/MLP_V6.2.3/official_diagnostics/component_scoring/table/TEDS/stage,"""TEDS"""
AGGREGATE.json,/versions/MLP_V6.2.3/official_diagnostics/component_scoring/table/TEDS/workers,8
AGGREGATE.json,/versions/MLP_V6.2.3/official_diagnostics/component_scoring/table/TEDS/timeout_sec,120.0
AGGREGATE.json,/versions/MLP_V6.2.3/official_diagnostics/component_scoring/table/TEDS/sample_count,665
AGGREGATE.json,/versions/MLP_V6.2.3/official_diagnostics/component_scoring/table/TEDS/timeout_case_count,0
AGGREGATE.json,/versions/MLP_V6.2.3/official_diagnostics/component_scoring/table/TEDS/error_case_count,0
AGGREGATE.json,/versions/MLP_V6.2.3/official_diagnostics/component_scoring/reading_order,{}
AGGREGATE.json,/versions/MLP_V6.2.3/official_diagnostics/private_case_lists,"""Exact case identifiers remain in private raw products; counts retained here"""
AGGREGATE.json,/versions/MLP_V6.2.3/official_diagnostics/raw_products_available,true
AGGREGATE.json,/versions/MLP_V6.2.3/delta_from_D0/overall,-0.24964462743365345
AGGREGATE.json,/versions/MLP_V6.2.3/delta_from_D0/text_edit,-0.0001097616245140827
AGGREGATE.json,/versions/MLP_V6.2.3/delta_from_D0/formula_cdm,0.00041509090646485447
AGGREGATE.json,/versions/MLP_V6.2.3/delta_from_D0/formula_edit,-0.0006838005010932763
AGGREGATE.json,/versions/MLP_V6.2.3/delta_from_D0/table_teds,-0.008014191353988287
AGGREGATE.json,/versions/MLP_V6.2.3/delta_from_D0/table_teds_structure,-0.007481897778736202
AGGREGATE.json,/versions/MLP_V6.2.3/delta_from_D0/table_edit,0.004299057037819652
AGGREGATE.json,/versions/MLP_V6.2.3/delta_from_D0/reading_order_edit,-8.35650719155645e-05
AGGREGATE.json,/supporting_reports/ACTIVATION.json,"""cf2b08f34f41036da432c66f792dee5c29c78c46e7678f7e65f6308141b8cd07"""
AGGREGATE.json,/supporting_reports/PAIRED_QUALITY.json,"""fe17ad23c7df7fba333900c76ad5c07a2531c1524791d73d92a3f4b0fa1efeb4"""
AGGREGATE.json,/supporting_reports/COSTS.json,"""653b184994e6d1dd6d9b875b5972c409e076eb4019115893daf1afa03a120c44"""
AGGREGATE.json,/supporting_reports/EXTERNAL_ACTOR_QUALITY.json,"""5ed14d506c2b74e030b53ecb7deb054f7e2ffaad926ff78bad53d0fa65ae2733"""
AGGREGATE.json,/supporting_reports/SCALE_REGRESSION.json,"""c6c819660f42a81923bf9c262e6d10c93c46649c1ef8a375aad79c40bdcd6425"""
AGGREGATE.json,/supporting_reports/INPUT_OUTPUT_IDENTITIES.json,"""b21daa4e6246c321fd396442b33139b4a193952245db643dd5884bd8a8f47ca9"""
AGGREGATE.json,/supporting_reports/RUNTIME_PROVENANCE.json,"""2fbfe480f59fb4ebbddf24bff76e4c2e6f0250a81f13a4e914e696a9cb48ca51"""
AGGREGATE.json,/analysis_source_sha256/analyze_shared.py,"""75b1fd00a27451dd2fb9df8ffe648f4ef2ebb4bee18446819246637b1d47f183"""
AGGREGATE.json,/analysis_source_sha256/paired_quality.py,"""c90f0e3e143e840150a1549684f41904881b6191ec13c77687fc81daf9515ebb"""
AGGREGATE.json,/analysis_source_sha256/report_funnel.py,"""e0870e74ee2daa2d549db8a443f50deef8d647660e81b839cd75be7262610741"""
AGGREGATE.json,/analysis_source_sha256/analyze_external.py,"""8bd808d0091c31667ecadcf8f0420a7e45eebcf0f3aaa2a0f6853aced4eb74b7"""
AGGREGATE.json,/analysis_source_sha256/evaluate.py,"""136b2c73505258f3a337c854a401b477056c1c0bcb4919bb4487f91c79817b64"""
AGGREGATE.json,/analysis_scope,"""Descriptive analysis of frozen saved outputs; no benchmark-based model fitting, scale selection or additional OCR"""
AGGREGATE.json,/uncertainty/external,"""2000 source-document bootstrap resamples, seed0; separate task/split; no multiplicity correction"""
AGGREGATE.json,/uncertainty/benchmark_document_cluster_intervals,null
AGGREGATE.json,/uncertainty/benchmark_interval_reason,"""The frozen benchmark manifest and GT metadata contain no authoritative document-group mapping. No independence-assuming page bootstrap or per-page Overall was constructed."""
AGGREGATE.json,/limitations/0,"""The external training pool has only180 regions; validation/test each48; scientific-paper source domain."""
AGGREGATE.json,/limitations/1,"""External fixed-scale test means exceeded both learned families; most paired source-document intervals included zero."""
AGGREGATE.json,/limitations/2,"""Output changes are not automatically quality improvements; ambiguous native-to-official correspondence stays unmatchable."""
AGGREGATE.json,/limitations/3,"""No full-set fixed-scale counterfactual; end-to-end gains cannot isolate learning from rereading."""
AGGREGATE.json,/limitations/4,"""Controller families differ in more than continuity; integer resizing, detection and OCR remain outside continuity claims."""
AGGREGATE.json,/limitations/5,"""Requested upstream OCR model revision unverified; actual runtime files pinned by hashes."""
AGGREGATE.json,/limitations/6,"""No benchmark-based fitting, tuning, arm selection or failed-page replay; all six frozen outputs retained."""
ACTIVATION.json,/at,"""2026-10-07T16:49:00.137153+00:00"""
ACTIVATION.json,/manifest_sha256,"""16b69e6d10658d8716355869f492dd683f31d071af997850c032e3384c13bec4"""
ACTIVATION.json,/page_denominator,1651
ACTIVATION.json,/render_dpi,200
ACTIVATION.json,/render_dpi_changed_pages,0
ACTIVATION.json,/native_model_requests_submitted,36793
ACTIVATION.json,/total_model_requests_submitted,42860
ACTIVATION.json,/native_detection_unavailable_pages,0
ACTIVATION.json,/missed_detections,"""Unknown without offline GT correspondence; absence of eligible native detection is not measured recall"""
ACTIVATION.json,/physical_completed_regional_requests_by_family/gbdt,3041
ACTIVATION.json,/physical_completed_regional_requests_by_family/mlp,3026
ACTIVATION.json,/inference_status/success,1651
ACTIVATION.json,/shared_stage_seconds/native_seconds/n,1651
ACTIVATION.json,/shared_stage_seconds/native_seconds/min,1.5550628150813282
ACTIVATION.json,/shared_stage_seconds/native_seconds/p50,4.801938796881586
ACTIVATION.json,/shared_stage_seconds/native_seconds/p90,8.991402419982478
ACTIVATION.json,/shared_stage_seconds/native_seconds/p95,11.322741480194964
ACTIVATION.json,/shared_stage_seconds/native_seconds/max,27.05818107398227
ACTIVATION.json,/shared_stage_seconds/native_seconds/sum,9175.422407934908
ACTIVATION.json,/shared_stage_seconds/gbdt_regional_seconds/n,1651
ACTIVATION.json,/shared_stage_seconds/gbdt_regional_seconds/min,4.200264811515808e-07
ACTIVATION.json,/shared_stage_seconds/gbdt_regional_seconds/p50,6.738794036209583e-05
ACTIVATION.json,/shared_stage_seconds/gbdt_regional_seconds/p90,4.313290165038779
ACTIVATION.json,/shared_stage_seconds/gbdt_regional_seconds/p95,6.796893039369024
ACTIVATION.json,/shared_stage_seconds/gbdt_regional_seconds/max,26.2373150549829
ACTIVATION.json,/shared_stage_seconds/gbdt_regional_seconds/sum,2363.5731652972754
ACTIVATION.json,/shared_stage_seconds/gbdt_assembly_seconds/n,1651
ACTIVATION.json,/shared_stage_seconds/gbdt_assembly_seconds/min,0.0035886631812900305
ACTIVATION.json,/shared_stage_seconds/gbdt_assembly_seconds/p50,0.009575872216373682
ACTIVATION.json,/shared_stage_seconds/gbdt_assembly_seconds/p90,0.021692615933716297
ACTIVATION.json,/shared_stage_seconds/gbdt_assembly_seconds/p95,0.026576424366794527
ACTIVATION.json,/shared_stage_seconds/gbdt_assembly_seconds/max,0.11367318197153509
ACTIVATION.json,/shared_stage_seconds/gbdt_assembly_seconds/sum,20.360396672738716
ACTIVATION.json,/shared_stage_seconds/mlp_regional_seconds/n,1651
ACTIVATION.json,/shared_stage_seconds/mlp_regional_seconds/min,4.521571099758148e-07
ACTIVATION.json,/shared_stage_seconds/mlp_regional_seconds/p50,8.35862010717392e-07
ACTIVATION.json,/shared_stage_seconds/mlp_regional_seconds/p90,4.3561790571548045
ACTIVATION.json,/shared_stage_seconds/mlp_regional_seconds/p95,6.817543164361268
ACTIVATION.json,/shared_stage_seconds/mlp_regional_seconds/max,27.646395163144916
ACTIVATION.json,/shared_stage_seconds/mlp_regional_seconds/sum,2370.609945676755
ACTIVATION.json,/shared_stage_seconds/mlp_assembly_seconds/n,1651
ACTIVATION.json,/shared_stage_seconds/mlp_assembly_seconds/min,0.0033568500075489283
ACTIVATION.json,/shared_stage_seconds/mlp_assembly_seconds/p50,0.009819241939112544
ACTIVATION.json,/shared_stage_seconds/mlp_assembly_seconds/p90,0.021968668093904853
ACTIVATION.json,/shared_stage_seconds/mlp_assembly_seconds/p95,0.027370931580662727
ACTIVATION.json,/shared_stage_seconds/mlp_assembly_seconds/max,0.5152106820605695
ACTIVATION.json,/shared_stage_seconds/mlp_assembly_seconds/sum,21.45907137217
ACTIVATION.json,/shared_stage_seconds/page_seconds/n,1651
ACTIVATION.json,/shared_stage_seconds/page_seconds/min,1.5759937139227986
ACTIVATION.json,/shared_stage_seconds/page_seconds/p50,6.3102012041490525
ACTIVATION.json,/shared_stage_seconds/page_seconds/p90,15.329478790983558
ACTIVATION.json,/shared_stage_seconds/page_seconds/p95,20.71723154897336
ACTIVATION.json,/shared_stage_seconds/page_seconds/max,77.48090363200754
ACTIVATION.json,/shared_stage_seconds/page_seconds/sum,14126.199222808937
ACTIVATION.json,/shared_stage_seconds/successful_page_seconds/n,1651
ACTIVATION.json,/shared_stage_seconds/successful_page_seconds/min,1.5759937139227986
ACTIVATION.json,/shared_stage_seconds/successful_page_seconds/p50,6.3102012041490525
ACTIVATION.json,/shared_stage_seconds/successful_page_seconds/p90,15.329478790983558
ACTIVATION.json,/shared_stage_seconds/successful_page_seconds/p95,20.71723154897336
ACTIVATION.json,/shared_stage_seconds/successful_page_seconds/max,77.48090363200754
ACTIVATION.json,/shared_stage_seconds/successful_page_seconds/sum,14126.199222808937
ACTIVATION.json,/shared_stage_seconds/crop_seconds/n,3041
ACTIVATION.json,/shared_stage_seconds/crop_seconds/min,2.5839079171419144e-05
ACTIVATION.json,/shared_stage_seconds/crop_seconds/p50,0.00011056405492126942
ACTIVATION.json,/shared_stage_seconds/crop_seconds/p90,0.0010105050168931484
ACTIVATION.json,/shared_stage_seconds/crop_seconds/p95,0.0021245498210191727
ACTIVATION.json,/shared_stage_seconds/crop_seconds/max,0.020392348989844322
ACTIVATION.json,/shared_stage_seconds/crop_seconds/sum,1.5453027503099293
ACTIVATION.json,/shared_stage_seconds/feature_seconds/n,3041
ACTIVATION.json,/shared_stage_seconds/feature_seconds/min,0.0002868019510060549
ACTIVATION.json,/shared_stage_seconds/feature_seconds/p50,0.001171013806015253
ACTIVATION.json,/shared_stage_seconds/feature_seconds/p90,0.00607697106897831
ACTIVATION.json,/shared_stage_seconds/feature_seconds/p95,0.010052903788164258
ACTIVATION.json,/shared_stage_seconds/feature_seconds/max,0.028311809990555048
ACTIVATION.json,/shared_stage_seconds/feature_seconds/sum,7.2989747354295105
ACTIVATION.json,/shared_stage_seconds/reference_preprocess_seconds/n,3041
ACTIVATION.json,/shared_stage_seconds/reference_preprocess_seconds/min,0.0014197761192917824
ACTIVATION.json,/shared_stage_seconds/reference_preprocess_seconds/p50,0.007389771984890103
ACTIVATION.json,/shared_stage_seconds/reference_preprocess_seconds/p90,0.1039902470074594
ACTIVATION.json,/shared_stage_seconds/reference_preprocess_seconds/p95,0.21623607096262276
ACTIVATION.json,/shared_stage_seconds/reference_preprocess_seconds/max,0.938517589122057
ACTIVATION.json,/shared_stage_seconds/reference_preprocess_seconds/sum,126.26019048201852
ACTIVATION.json,/native_image_dimensions/native_image_width/n,1651
ACTIVATION.json,/native_image_dimensions/native_image_width/min,1584
ACTIVATION.json,/native_image_dimensions/native_image_width/p50,2530.0
ACTIVATION.json,/native_image_dimensions/native_image_width/p90,3500.0
ACTIVATION.json,/native_image_dimensions/native_image_width/p95,3500.0
ACTIVATION.json,/native_image_dimensions/native_image_width/max,3501
ACTIVATION.json,/native_image_dimensions/native_image_width/sum,4471823
ACTIVATION.json,/native_image_dimensions/native_image_height/n,1651
ACTIVATION.json,/native_image_dimensions/native_image_height/min,1656
ACTIVATION.json,/native_image_dimensions/native_image_height/p50,3500.0
ACTIVATION.json,/native_image_dimensions/native_image_height/p90,3500.0
ACTIVATION.json,/native_image_dimensions/native_image_height/p95,3500.0
ACTIVATION.json,/native_image_dimensions/native_image_height/max,3501
ACTIVATION.json,/native_image_dimensions/native_image_height/sum,5412050
ACTIVATION.json,/versions/D0/denominator,1651
ACTIVATION.json,/versions/D0/raw_changed_pages,0
ACTIVATION.json,/versions/D0/canonical_changed_pages,0
ACTIVATION.json,/versions/D0/empty_predictions,0
ACTIVATION.json,/versions/D0/shared_track_failed_pages,0
ACTIVATION.json,/versions/D0/shared_page_latency_seconds/n,1651
ACTIVATION.json,/versions/D0/shared_page_latency_seconds/min,1.5759937139227986
ACTIVATION.json,/versions/D0/shared_page_latency_seconds/p50,6.3102012041490525
ACTIVATION.json,/versions/D0/shared_page_latency_seconds/p90,15.329478790983558
ACTIVATION.json,/versions/D0/shared_page_latency_seconds/p95,20.71723154897336
ACTIVATION.json,/versions/D0/shared_page_latency_seconds/max,77.48090363200754
ACTIVATION.json,/versions/D0/shared_page_latency_seconds/sum,14126.199222808937
ACTIVATION.json,/versions/D0/standalone_seconds_estimate,9175.422407934908
ACTIVATION.json,/versions/D0/by_kind,{}
ACTIVATION.json,/versions/GBDT_V6.1.1/denominator,1651
ACTIVATION.json,/versions/GBDT_V6.1.1/raw_changed_pages,150
ACTIVATION.json,/versions/GBDT_V6.1.1/canonical_changed_pages,150
ACTIVATION.json,/versions/GBDT_V6.1.1/empty_predictions,0
ACTIVATION.json,/versions/GBDT_V6.1.1/shared_track_failed_pages,0
ACTIVATION.json,/versions/GBDT_V6.1.1/shared_page_latency_seconds/n,1651
ACTIVATION.json,/versions/GBDT_V6.1.1/shared_page_latency_seconds/min,1.5759937139227986
ACTIVATION.json,/versions/GBDT_V6.1.1/shared_page_latency_seconds/p50,6.3102012041490525
ACTIVATION.json,/versions/GBDT_V6.1.1/shared_page_latency_seconds/p90,15.329478790983558
ACTIVATION.json,/versions/GBDT_V6.1.1/shared_page_latency_seconds/p95,20.71723154897336
ACTIVATION.json,/versions/GBDT_V6.1.1/shared_page_latency_seconds/max,77.48090363200754
ACTIVATION.json,/versions/GBDT_V6.1.1/shared_page_latency_seconds/sum,14126.199222808937
ACTIVATION.json,/versions/GBDT_V6.1.1/standalone_seconds_estimate,10972.327319241822
ACTIVATION.json,/versions/GBDT_V6.1.1/by_kind/table/funnel/eligible/regions,670
ACTIVATION.json,/versions/GBDT_V6.1.1/by_kind/table/funnel/eligible/unique_pages,462
ACTIVATION.json,/versions/GBDT_V6.1.1/by_kind/table/funnel/eligible/page_denominator,1651
ACTIVATION.json,/versions/GBDT_V6.1.1/by_kind/table/funnel/controller_evaluated/regions,670
ACTIVATION.json,/versions/GBDT_V6.1.1/by_kind/table/funnel/controller_evaluated/unique_pages,462
ACTIVATION.json,/versions/GBDT_V6.1.1/by_kind/table/funnel/controller_evaluated/page_denominator,1651
ACTIVATION.json,/versions/GBDT_V6.1.1/by_kind/table/funnel/nominal_scale_changed/regions,670
ACTIVATION.json,/versions/GBDT_V6.1.1/by_kind/table/funnel/nominal_scale_changed/unique_pages,462
ACTIVATION.json,/versions/GBDT_V6.1.1/by_kind/table/funnel/nominal_scale_changed/page_denominator,1651
ACTIVATION.json,/versions/GBDT_V6.1.1/by_kind/table/funnel/boundary_clipped/regions,0
ACTIVATION.json,/versions/GBDT_V6.1.1/by_kind/table/funnel/boundary_clipped/unique_pages,0
ACTIVATION.json,/versions/GBDT_V6.1.1/by_kind/table/funnel/boundary_clipped/page_denominator,1651
ACTIVATION.json,/versions/GBDT_V6.1.1/by_kind/table/funnel/requested_dimensions_changed/regions,666
ACTIVATION.json,/versions/GBDT_V6.1.1/by_kind/table/funnel/requested_dimensions_changed/unique_pages,461
ACTIVATION.json,/versions/GBDT_V6.1.1/by_kind/table/funnel/requested_dimensions_changed/page_denominator,1651
ACTIVATION.json,/versions/GBDT_V6.1.1/by_kind/table/funnel/processor_input_changed/regions,666
ACTIVATION.json,/versions/GBDT_V6.1.1/by_kind/table/funnel/processor_input_changed/unique_pages,461
ACTIVATION.json,/versions/GBDT_V6.1.1/by_kind/table/funnel/processor_input_changed/page_denominator,1651
ACTIVATION.json,/versions/GBDT_V6.1.1/by_kind/table/funnel/processor_input_unchanged/regions,4
ACTIVATION.json,/versions/GBDT_V6.1.1/by_kind/table/funnel/processor_input_unchanged/unique_pages,4
ACTIVATION.json,/versions/GBDT_V6.1.1/by_kind/table/funnel/processor_input_unchanged/page_denominator,1651
ACTIVATION.json,/versions/GBDT_V6.1.1/by_kind/table/funnel/processor_input_unknown/regions,0
ACTIVATION.json,/versions/GBDT_V6.1.1/by_kind/table/funnel/processor_input_unknown/unique_pages,0
ACTIVATION.json,/versions/GBDT_V6.1.1/by_kind/table/funnel/processor_input_unknown/page_denominator,1651
ACTIVATION.json,/versions/GBDT_V6.1.1/by_kind/table/funnel/ocr_requested/regions,670
ACTIVATION.json,/versions/GBDT_V6.1.1/by_kind/table/funnel/ocr_requested/unique_pages,462
ACTIVATION.json,/versions/GBDT_V6.1.1/by_kind/table/funnel/ocr_requested/page_denominator,1651
ACTIVATION.json,/versions/GBDT_V6.1.1/by_kind/table/funnel/ocr_submitted/regions,670
ACTIVATION.json,/versions/GBDT_V6.1.1/by_kind/table/funnel/ocr_submitted/unique_pages,462
ACTIVATION.json,/versions/GBDT_V6.1.1/by_kind/table/funnel/ocr_submitted/page_denominator,1651
ACTIVATION.json,/versions/GBDT_V6.1.1/by_kind/table/funnel/ocr_physically_completed/regions,670
ACTIVATION.json,/versions/GBDT_V6.1.1/by_kind/table/funnel/ocr_physically_completed/unique_pages,462
ACTIVATION.json,/versions/GBDT_V6.1.1/by_kind/table/funnel/ocr_physically_completed/page_denominator,1651
ACTIVATION.json,/versions/GBDT_V6.1.1/by_kind/table/funnel/ocr_failed/regions,0
ACTIVATION.json,/versions/GBDT_V6.1.1/by_kind/table/funnel/ocr_failed/unique_pages,0
ACTIVATION.json,/versions/GBDT_V6.1.1/by_kind/table/funnel/ocr_failed/page_denominator,1651
ACTIVATION.json,/versions/GBDT_V6.1.1/by_kind/table/funnel/ocr_submission_unknown/regions,0
ACTIVATION.json,/versions/GBDT_V6.1.1/by_kind/table/funnel/ocr_submission_unknown/unique_pages,0
ACTIVATION.json,/versions/GBDT_V6.1.1/by_kind/table/funnel/ocr_submission_unknown/page_denominator,1651
ACTIVATION.json,/versions/GBDT_V6.1.1/by_kind/table/funnel/ocr_reused/regions,0
ACTIVATION.json,/versions/GBDT_V6.1.1/by_kind/table/funnel/ocr_reused/unique_pages,0
ACTIVATION.json,/versions/GBDT_V6.1.1/by_kind/table/funnel/ocr_reused/page_denominator,1651
ACTIVATION.json,/versions/GBDT_V6.1.1/by_kind/table/funnel/actual_tensor_verified/regions,670
ACTIVATION.json,/versions/GBDT_V6.1.1/by_kind/table/funnel/actual_tensor_verified/unique_pages,462
ACTIVATION.json,/versions/GBDT_V6.1.1/by_kind/table/funnel/actual_tensor_verified/page_denominator,1651
ACTIVATION.json,/versions/GBDT_V6.1.1/by_kind/table/funnel/valid_reread/regions,670
ACTIVATION.json,/versions/GBDT_V6.1.1/by_kind/table/funnel/valid_reread/unique_pages,462
ACTIVATION.json,/versions/GBDT_V6.1.1/by_kind/table/funnel/valid_reread/page_denominator,1651
ACTIVATION.json,/versions/GBDT_V6.1.1/by_kind/table/funnel/candidate_canonical_changed/regions,191
ACTIVATION.json,/versions/GBDT_V6.1.1/by_kind/table/funnel/candidate_canonical_changed/unique_pages,150
ACTIVATION.json,/versions/GBDT_V6.1.1/by_kind/table/funnel/candidate_canonical_changed/page_denominator,1651
ACTIVATION.json,/versions/GBDT_V6.1.1/by_kind/table/funnel/applied_canonical_edit/regions,191
ACTIVATION.json,/versions/GBDT_V6.1.1/by_kind/table/funnel/applied_canonical_edit/unique_pages,150
ACTIVATION.json,/versions/GBDT_V6.1.1/by_kind/table/funnel/applied_canonical_edit/page_denominator,1651
ACTIVATION.json,/versions/GBDT_V6.1.1/by_kind/table/predict_api_calls,670
ACTIVATION.json,/versions/GBDT_V6.1.1/by_kind/table/predict_batches,670
ACTIVATION.json,/versions/GBDT_V6.1.1/by_kind/table/predicted_rows,670
ACTIVATION.json,/versions/GBDT_V6.1.1/by_kind/table/physical_completed_ocr_requests,670
ACTIVATION.json,/versions/GBDT_V6.1.1/by_kind/table/submitted_ocr_requests,670
ACTIVATION.json,/versions/GBDT_V6.1.1/by_kind/table/failed_ocr_attempts,0
ACTIVATION.json,/versions/GBDT_V6.1.1/by_kind/table/reused_actions,0
ACTIVATION.json,/versions/GBDT_V6.1.1/by_kind/table/checkpoint_sha256/0,"""28ac372fa2449680d4c4e110c0acd2abc3e280538497ea7af69753eedbe437e7"""
ACTIVATION.json,/versions/GBDT_V6.1.1/by_kind/table/raw_log_scales/n,670
ACTIVATION.json,/versions/GBDT_V6.1.1/by_kind/table/raw_log_scales/min,-0.2639815013555313
ACTIVATION.json,/versions/GBDT_V6.1.1/by_kind/table/raw_log_scales/p50,0.01244230021977821
ACTIVATION.json,/versions/GBDT_V6.1.1/by_kind/table/raw_log_scales/p90,0.13827187566309052
ACTIVATION.json,/versions/GBDT_V6.1.1/by_kind/table/raw_log_scales/p95,0.1934532924959303
ACTIVATION.json,/versions/GBDT_V6.1.1/by_kind/table/raw_log_scales/max,0.3464563968877072
ACTIVATION.json,/versions/GBDT_V6.1.1/by_kind/table/raw_log_scales/sum,9.060190563771762
ACTIVATION.json,/versions/GBDT_V6.1.1/by_kind/table/bounded_scales/n,670
ACTIVATION.json,/versions/GBDT_V6.1.1/by_kind/table/bounded_scales/min,0.7679877462575787
ACTIVATION.json,/versions/GBDT_V6.1.1/by_kind/table/bounded_scales/p50,1.012520028355351
ACTIVATION.json,/versions/GBDT_V6.1.1/by_kind/table/bounded_scales/p90,1.148287714410661
ACTIVATION.json,/versions/GBDT_V6.1.1/by_kind/table/bounded_scales/p95,1.2134334159215847
ACTIVATION.json,/versions/GBDT_V6.1.1/by_kind/table/bounded_scales/max,1.4140478355995638
ACTIVATION.json,/versions/GBDT_V6.1.1/by_kind/table/bounded_scales/sum,682.628807598313
ACTIVATION.json,/versions/GBDT_V6.1.1/by_kind/table/controller_seconds/n,670
ACTIVATION.json,/versions/GBDT_V6.1.1/by_kind/table/controller_seconds/min,0.0001840109471231699
ACTIVATION.json,/versions/GBDT_V6.1.1/by_kind/table/controller_seconds/p50,0.00033991842065006495
ACTIVATION.json,/versions/GBDT_V6.1.1/by_kind/table/controller_seconds/p90,0.0004902963060885668
ACTIVATION.json,/versions/GBDT_V6.1.1/by_kind/table/controller_seconds/p95,0.0005431297118775547
ACTIVATION.json,/versions/GBDT_V6.1.1/by_kind/table/controller_seconds/max,0.001566185848787427
ACTIVATION.json,/versions/GBDT_V6.1.1/by_kind/table/controller_seconds/sum,0.24359227786771953
ACTIVATION.json,/versions/GBDT_V6.1.1/by_kind/table/resize_seconds/n,670
ACTIVATION.json,/versions/GBDT_V6.1.1/by_kind/table/resize_seconds/min,0.00037897401489317417
ACTIVATION.json,/versions/GBDT_V6.1.1/by_kind/table/resize_seconds/p50,0.04075363406445831
ACTIVATION.json,/versions/GBDT_V6.1.1/by_kind/table/resize_seconds/p90,0.12155071054585279
ACTIVATION.json,/versions/GBDT_V6.1.1/by_kind/table/resize_seconds/p95,0.1550199139397591
ACTIVATION.json,/versions/GBDT_V6.1.1/by_kind/table/resize_seconds/max,0.22674570512026548
ACTIVATION.json,/versions/GBDT_V6.1.1/by_kind/table/resize_seconds/sum,35.89634703611955
ACTIVATION.json,/versions/GBDT_V6.1.1/by_kind/table/preview_seconds/n,670
ACTIVATION.json,/versions/GBDT_V6.1.1/by_kind/table/preview_seconds/min,0.002539468929171562
ACTIVATION.json,/versions/GBDT_V6.1.1/by_kind/table/preview_seconds/p50,0.09257019963115454
ACTIVATION.json,/versions/GBDT_V6.1.1/by_kind/table/preview_seconds/p90,0.4907863593194634
ACTIVATION.json,/versions/GBDT_V6.1.1/by_kind/table/preview_seconds/p95,0.6806369565776549
ACTIVATION.json,/versions/GBDT_V6.1.1/by_kind/table/preview_seconds/max,1.0928643520455807
ACTIVATION.json,/versions/GBDT_V6.1.1/by_kind/table/preview_seconds/sum,116.05135222384706
ACTIVATION.json,/versions/GBDT_V6.1.1/by_kind/table/physical_ocr_seconds/n,670
ACTIVATION.json,/versions/GBDT_V6.1.1/by_kind/table/physical_ocr_seconds/min,0.0691206930205226
ACTIVATION.json,/versions/GBDT_V6.1.1/by_kind/table/physical_ocr_seconds/p50,1.2269726215163246
ACTIVATION.json,/versions/GBDT_V6.1.1/by_kind/table/physical_ocr_seconds/p90,5.340525348647498
ACTIVATION.json,/versions/GBDT_V6.1.1/by_kind/table/physical_ocr_seconds/p95,8.137470506085075
ACTIVATION.json,/versions/GBDT_V6.1.1/by_kind/table/physical_ocr_seconds/max,25.310092783998698
ACTIVATION.json,/versions/GBDT_V6.1.1/by_kind/table/physical_ocr_seconds/sum,1526.9594769296236
ACTIVATION.json,/versions/GBDT_V6.1.1/by_kind/table/requested_width/n,670
ACTIVATION.json,/versions/GBDT_V6.1.1/by_kind/table/requested_width/min,164
ACTIVATION.json,/versions/GBDT_V6.1.1/by_kind/table/requested_width/p50,1838.0
ACTIVATION.json,/versions/GBDT_V6.1.1/by_kind/table/requested_width/p90,2346.6000000000004
ACTIVATION.json,/versions/GBDT_V6.1.1/by_kind/table/requested_width/p95,2506.2999999999997
ACTIVATION.json,/versions/GBDT_V6.1.1/by_kind/table/requested_width/max,3530
ACTIVATION.json,/versions/GBDT_V6.1.1/by_kind/table/requested_width/sum,1105887
ACTIVATION.json,/versions/GBDT_V6.1.1/by_kind/table/requested_height/n,670
ACTIVATION.json,/versions/GBDT_V6.1.1/by_kind/table/requested_height/min,15
ACTIVATION.json,/versions/GBDT_V6.1.1/by_kind/table/requested_height/p50,652.5
ACTIVATION.json,/versions/GBDT_V6.1.1/by_kind/table/requested_height/p90,2086.1000000000004
ACTIVATION.json,/versions/GBDT_V6.1.1/by_kind/table/requested_height/p95,2725.8499999999976
ACTIVATION.json,/versions/GBDT_V6.1.1/by_kind/table/requested_height/max,3459
ACTIVATION.json,/versions/GBDT_V6.1.1/by_kind/table/requested_height/sum,607128
ACTIVATION.json,/versions/GBDT_V6.1.1/by_kind/table/prepared_width/n,670
ACTIVATION.json,/versions/GBDT_V6.1.1/by_kind/table/prepared_width/min,164
ACTIVATION.json,/versions/GBDT_V6.1.1/by_kind/table/prepared_width/p50,1838.0
ACTIVATION.json,/versions/GBDT_V6.1.1/by_kind/table/prepared_width/p90,2346.6000000000004
ACTIVATION.json,/versions/GBDT_V6.1.1/by_kind/table/prepared_width/p95,2506.2999999999997
ACTIVATION.json,/versions/GBDT_V6.1.1/by_kind/table/prepared_width/max,3530
ACTIVATION.json,/versions/GBDT_V6.1.1/by_kind/table/prepared_width/sum,1106348
ACTIVATION.json,/versions/GBDT_V6.1.1/by_kind/table/prepared_height/n,670
ACTIVATION.json,/versions/GBDT_V6.1.1/by_kind/table/prepared_height/min,28
ACTIVATION.json,/versions/GBDT_V6.1.1/by_kind/table/prepared_height/p50,652.5
ACTIVATION.json,/versions/GBDT_V6.1.1/by_kind/table/prepared_height/p90,2086.1000000000004
ACTIVATION.json,/versions/GBDT_V6.1.1/by_kind/table/prepared_height/p95,2725.8499999999976
ACTIVATION.json,/versions/GBDT_V6.1.1/by_kind/table/prepared_height/max,3459
ACTIVATION.json,/versions/GBDT_V6.1.1/by_kind/table/prepared_height/sum,607165
ACTIVATION.json,/versions/GBDT_V6.1.1/by_kind/table/pixel_tensor_rows/n,670
ACTIVATION.json,/versions/GBDT_V6.1.1/by_kind/table/pixel_tensor_rows/min,28
ACTIVATION.json,/versions/GBDT_V6.1.1/by_kind/table/pixel_tensor_rows/p50,5766.0
ACTIVATION.json,/versions/GBDT_V6.1.1/by_kind/table/pixel_tensor_rows/p90,22036.800000000003
ACTIVATION.json,/versions/GBDT_V6.1.1/by_kind/table/pixel_tensor_rows/p95,29681.6
ACTIVATION.json,/versions/GBDT_V6.1.1/by_kind/table/pixel_tensor_rows/max,44748
ACTIVATION.json,/versions/GBDT_V6.1.1/by_kind/table/pixel_tensor_rows/sum,5885264
ACTIVATION.json,/versions/GBDT_V6.1.1/by_kind/table/grid_height/n,670
ACTIVATION.json,/versions/GBDT_V6.1.1/by_kind/table/grid_height/min,2
ACTIVATION.json,/versions/GBDT_V6.1.1/by_kind/table/grid_height/p50,46.0
ACTIVATION.json,/versions/GBDT_V6.1.1/by_kind/table/grid_height/p90,148.20000000000005
ACTIVATION.json,/versions/GBDT_V6.1.1/by_kind/table/grid_height/p95,194.19999999999982
ACTIVATION.json,/versions/GBDT_V6.1.1/by_kind/table/grid_height/max,248
ACTIVATION.json,/versions/GBDT_V6.1.1/by_kind/table/grid_height/sum,43348
ACTIVATION.json,/versions/GBDT_V6.1.1/by_kind/table/grid_width/n,670
ACTIVATION.json,/versions/GBDT_V6.1.1/by_kind/table/grid_width/min,12
ACTIVATION.json,/versions/GBDT_V6.1.1/by_kind/table/grid_width/p50,132.0
ACTIVATION.json,/versions/GBDT_V6.1.1/by_kind/table/grid_width/p90,168.0
ACTIVATION.json,/versions/GBDT_V6.1.1/by_kind/table/grid_width/p95,179.0999999999999
ACTIVATION.json,/versions/GBDT_V6.1.1/by_kind/table/grid_width/max,252
ACTIVATION.json,/versions/GBDT_V6.1.1/by_kind/table/grid_width/sum,79042
ACTIVATION.json,/versions/GBDT_V6.1.1/by_kind/table/rejections,{}
ACTIVATION.json,/versions/GBDT_V6.1.1/by_kind/table/standalone_regional_seconds_estimate,1790.1181124160066
ACTIVATION.json,/versions/GBDT_V6.1.1/combined_funnel/eligible/regions,670
ACTIVATION.json,/versions/GBDT_V6.1.1/combined_funnel/eligible/unique_pages,462
ACTIVATION.json,/versions/GBDT_V6.1.1/combined_funnel/eligible/page_denominator,1651
ACTIVATION.json,/versions/GBDT_V6.1.1/combined_funnel/controller_evaluated/regions,670
ACTIVATION.json,/versions/GBDT_V6.1.1/combined_funnel/controller_evaluated/unique_pages,462
ACTIVATION.json,/versions/GBDT_V6.1.1/combined_funnel/controller_evaluated/page_denominator,1651
ACTIVATION.json,/versions/GBDT_V6.1.1/combined_funnel/nominal_scale_changed/regions,670
ACTIVATION.json,/versions/GBDT_V6.1.1/combined_funnel/nominal_scale_changed/unique_pages,462
ACTIVATION.json,/versions/GBDT_V6.1.1/combined_funnel/nominal_scale_changed/page_denominator,1651
ACTIVATION.json,/versions/GBDT_V6.1.1/combined_funnel/boundary_clipped/regions,0
ACTIVATION.json,/versions/GBDT_V6.1.1/combined_funnel/boundary_clipped/unique_pages,0
ACTIVATION.json,/versions/GBDT_V6.1.1/combined_funnel/boundary_clipped/page_denominator,1651
ACTIVATION.json,/versions/GBDT_V6.1.1/combined_funnel/requested_dimensions_changed/regions,666
ACTIVATION.json,/versions/GBDT_V6.1.1/combined_funnel/requested_dimensions_changed/unique_pages,461
ACTIVATION.json,/versions/GBDT_V6.1.1/combined_funnel/requested_dimensions_changed/page_denominator,1651
ACTIVATION.json,/versions/GBDT_V6.1.1/combined_funnel/processor_input_changed/regions,666
ACTIVATION.json,/versions/GBDT_V6.1.1/combined_funnel/processor_input_changed/unique_pages,461
ACTIVATION.json,/versions/GBDT_V6.1.1/combined_funnel/processor_input_changed/page_denominator,1651
ACTIVATION.json,/versions/GBDT_V6.1.1/combined_funnel/processor_input_unchanged/regions,4
ACTIVATION.json,/versions/GBDT_V6.1.1/combined_funnel/processor_input_unchanged/unique_pages,4
ACTIVATION.json,/versions/GBDT_V6.1.1/combined_funnel/processor_input_unchanged/page_denominator,1651
ACTIVATION.json,/versions/GBDT_V6.1.1/combined_funnel/processor_input_unknown/regions,0
ACTIVATION.json,/versions/GBDT_V6.1.1/combined_funnel/processor_input_unknown/unique_pages,0
ACTIVATION.json,/versions/GBDT_V6.1.1/combined_funnel/processor_input_unknown/page_denominator,1651
ACTIVATION.json,/versions/GBDT_V6.1.1/combined_funnel/ocr_requested/regions,670
ACTIVATION.json,/versions/GBDT_V6.1.1/combined_funnel/ocr_requested/unique_pages,462
ACTIVATION.json,/versions/GBDT_V6.1.1/combined_funnel/ocr_requested/page_denominator,1651
ACTIVATION.json,/versions/GBDT_V6.1.1/combined_funnel/ocr_submitted/regions,670
ACTIVATION.json,/versions/GBDT_V6.1.1/combined_funnel/ocr_submitted/unique_pages,462
ACTIVATION.json,/versions/GBDT_V6.1.1/combined_funnel/ocr_submitted/page_denominator,1651
ACTIVATION.json,/versions/GBDT_V6.1.1/combined_funnel/ocr_physically_completed/regions,670
ACTIVATION.json,/versions/GBDT_V6.1.1/combined_funnel/ocr_physically_completed/unique_pages,462
ACTIVATION.json,/versions/GBDT_V6.1.1/combined_funnel/ocr_physically_completed/page_denominator,1651
ACTIVATION.json,/versions/GBDT_V6.1.1/combined_funnel/ocr_failed/regions,0
ACTIVATION.json,/versions/GBDT_V6.1.1/combined_funnel/ocr_failed/unique_pages,0
ACTIVATION.json,/versions/GBDT_V6.1.1/combined_funnel/ocr_failed/page_denominator,1651
ACTIVATION.json,/versions/GBDT_V6.1.1/combined_funnel/ocr_submission_unknown/regions,0
ACTIVATION.json,/versions/GBDT_V6.1.1/combined_funnel/ocr_submission_unknown/unique_pages,0
ACTIVATION.json,/versions/GBDT_V6.1.1/combined_funnel/ocr_submission_unknown/page_denominator,1651
ACTIVATION.json,/versions/GBDT_V6.1.1/combined_funnel/ocr_reused/regions,0
ACTIVATION.json,/versions/GBDT_V6.1.1/combined_funnel/ocr_reused/unique_pages,0
ACTIVATION.json,/versions/GBDT_V6.1.1/combined_funnel/ocr_reused/page_denominator,1651
ACTIVATION.json,/versions/GBDT_V6.1.1/combined_funnel/actual_tensor_verified/regions,670
ACTIVATION.json,/versions/GBDT_V6.1.1/combined_funnel/actual_tensor_verified/unique_pages,462
ACTIVATION.json,/versions/GBDT_V6.1.1/combined_funnel/actual_tensor_verified/page_denominator,1651
ACTIVATION.json,/versions/GBDT_V6.1.1/combined_funnel/valid_reread/regions,670
ACTIVATION.json,/versions/GBDT_V6.1.1/combined_funnel/valid_reread/unique_pages,462
ACTIVATION.json,/versions/GBDT_V6.1.1/combined_funnel/valid_reread/page_denominator,1651
ACTIVATION.json,/versions/GBDT_V6.1.1/combined_funnel/candidate_canonical_changed/regions,191
ACTIVATION.json,/versions/GBDT_V6.1.1/combined_funnel/candidate_canonical_changed/unique_pages,150
ACTIVATION.json,/versions/GBDT_V6.1.1/combined_funnel/candidate_canonical_changed/page_denominator,1651
ACTIVATION.json,/versions/GBDT_V6.1.1/combined_funnel/applied_canonical_edit/regions,191
ACTIVATION.json,/versions/GBDT_V6.1.1/combined_funnel/applied_canonical_edit/unique_pages,150
ACTIVATION.json,/versions/GBDT_V6.1.1/combined_funnel/applied_canonical_edit/page_denominator,1651
ACTIVATION.json,/versions/GBDT_V6.1.2/denominator,1651
ACTIVATION.json,/versions/GBDT_V6.1.2/raw_changed_pages,172
ACTIVATION.json,/versions/GBDT_V6.1.2/canonical_changed_pages,172
ACTIVATION.json,/versions/GBDT_V6.1.2/empty_predictions,0
ACTIVATION.json,/versions/GBDT_V6.1.2/shared_track_failed_pages,0
ACTIVATION.json,/versions/GBDT_V6.1.2/shared_page_latency_seconds/n,1651
ACTIVATION.json,/versions/GBDT_V6.1.2/shared_page_latency_seconds/min,1.5759937139227986
ACTIVATION.json,/versions/GBDT_V6.1.2/shared_page_latency_seconds/p50,6.3102012041490525
ACTIVATION.json,/versions/GBDT_V6.1.2/shared_page_latency_seconds/p90,15.329478790983558
ACTIVATION.json,/versions/GBDT_V6.1.2/shared_page_latency_seconds/p95,20.71723154897336
ACTIVATION.json,/versions/GBDT_V6.1.2/shared_page_latency_seconds/max,77.48090363200754
ACTIVATION.json,/versions/GBDT_V6.1.2/shared_page_latency_seconds/sum,14126.199222808937
ACTIVATION.json,/versions/GBDT_V6.1.2/standalone_seconds_estimate,9877.912644895254
ACTIVATION.json,/versions/GBDT_V6.1.2/by_kind/equation/funnel/eligible/regions,2371
ACTIVATION.json,/versions/GBDT_V6.1.2/by_kind/equation/funnel/eligible/unique_pages,324
ACTIVATION.json,/versions/GBDT_V6.1.2/by_kind/equation/funnel/eligible/page_denominator,1651
ACTIVATION.json,/versions/GBDT_V6.1.2/by_kind/equation/funnel/controller_evaluated/regions,2371
ACTIVATION.json,/versions/GBDT_V6.1.2/by_kind/equation/funnel/controller_evaluated/unique_pages,324
ACTIVATION.json,/versions/GBDT_V6.1.2/by_kind/equation/funnel/controller_evaluated/page_denominator,1651
ACTIVATION.json,/versions/GBDT_V6.1.2/by_kind/equation/funnel/nominal_scale_changed/regions,2371
ACTIVATION.json,/versions/GBDT_V6.1.2/by_kind/equation/funnel/nominal_scale_changed/unique_pages,324
ACTIVATION.json,/versions/GBDT_V6.1.2/by_kind/equation/funnel/nominal_scale_changed/page_denominator,1651
ACTIVATION.json,/versions/GBDT_V6.1.2/by_kind/equation/funnel/boundary_clipped/regions,0
ACTIVATION.json,/versions/GBDT_V6.1.2/by_kind/equation/funnel/boundary_clipped/unique_pages,0
ACTIVATION.json,/versions/GBDT_V6.1.2/by_kind/equation/funnel/boundary_clipped/page_denominator,1651
ACTIVATION.json,/versions/GBDT_V6.1.2/by_kind/equation/funnel/requested_dimensions_changed/regions,2242
ACTIVATION.json,/versions/GBDT_V6.1.2/by_kind/equation/funnel/requested_dimensions_changed/unique_pages,318
ACTIVATION.json,/versions/GBDT_V6.1.2/by_kind/equation/funnel/requested_dimensions_changed/page_denominator,1651
ACTIVATION.json,/versions/GBDT_V6.1.2/by_kind/equation/funnel/processor_input_changed/regions,2242
ACTIVATION.json,/versions/GBDT_V6.1.2/by_kind/equation/funnel/processor_input_changed/unique_pages,318
ACTIVATION.json,/versions/GBDT_V6.1.2/by_kind/equation/funnel/processor_input_changed/page_denominator,1651
ACTIVATION.json,/versions/GBDT_V6.1.2/by_kind/equation/funnel/processor_input_unchanged/regions,129
ACTIVATION.json,/versions/GBDT_V6.1.2/by_kind/equation/funnel/processor_input_unchanged/unique_pages,62
ACTIVATION.json,/versions/GBDT_V6.1.2/by_kind/equation/funnel/processor_input_unchanged/page_denominator,1651
ACTIVATION.json,/versions/GBDT_V6.1.2/by_kind/equation/funnel/processor_input_unknown/regions,0
ACTIVATION.json,/versions/GBDT_V6.1.2/by_kind/equation/funnel/processor_input_unknown/unique_pages,0
ACTIVATION.json,/versions/GBDT_V6.1.2/by_kind/equation/funnel/processor_input_unknown/page_denominator,1651
ACTIVATION.json,/versions/GBDT_V6.1.2/by_kind/equation/funnel/ocr_requested/regions,2371
ACTIVATION.json,/versions/GBDT_V6.1.2/by_kind/equation/funnel/ocr_requested/unique_pages,324
ACTIVATION.json,/versions/GBDT_V6.1.2/by_kind/equation/funnel/ocr_requested/page_denominator,1651
ACTIVATION.json,/versions/GBDT_V6.1.2/by_kind/equation/funnel/ocr_submitted/regions,2371
ACTIVATION.json,/versions/GBDT_V6.1.2/by_kind/equation/funnel/ocr_submitted/unique_pages,324
ACTIVATION.json,/versions/GBDT_V6.1.2/by_kind/equation/funnel/ocr_submitted/page_denominator,1651
ACTIVATION.json,/versions/GBDT_V6.1.2/by_kind/equation/funnel/ocr_physically_completed/regions,2371
ACTIVATION.json,/versions/GBDT_V6.1.2/by_kind/equation/funnel/ocr_physically_completed/unique_pages,324
ACTIVATION.json,/versions/GBDT_V6.1.2/by_kind/equation/funnel/ocr_physically_completed/page_denominator,1651
ACTIVATION.json,/versions/GBDT_V6.1.2/by_kind/equation/funnel/ocr_failed/regions,0
ACTIVATION.json,/versions/GBDT_V6.1.2/by_kind/equation/funnel/ocr_failed/unique_pages,0
ACTIVATION.json,/versions/GBDT_V6.1.2/by_kind/equation/funnel/ocr_failed/page_denominator,1651
ACTIVATION.json,/versions/GBDT_V6.1.2/by_kind/equation/funnel/ocr_submission_unknown/regions,0
ACTIVATION.json,/versions/GBDT_V6.1.2/by_kind/equation/funnel/ocr_submission_unknown/unique_pages,0
ACTIVATION.json,/versions/GBDT_V6.1.2/by_kind/equation/funnel/ocr_submission_unknown/page_denominator,1651
ACTIVATION.json,/versions/GBDT_V6.1.2/by_kind/equation/funnel/ocr_reused/regions,0
ACTIVATION.json,/versions/GBDT_V6.1.2/by_kind/equation/funnel/ocr_reused/unique_pages,0
ACTIVATION.json,/versions/GBDT_V6.1.2/by_kind/equation/funnel/ocr_reused/page_denominator,1651
ACTIVATION.json,/versions/GBDT_V6.1.2/by_kind/equation/funnel/actual_tensor_verified/regions,2371
ACTIVATION.json,/versions/GBDT_V6.1.2/by_kind/equation/funnel/actual_tensor_verified/unique_pages,324
ACTIVATION.json,/versions/GBDT_V6.1.2/by_kind/equation/funnel/actual_tensor_verified/page_denominator,1651
ACTIVATION.json,/versions/GBDT_V6.1.2/by_kind/equation/funnel/valid_reread/regions,2371
ACTIVATION.json,/versions/GBDT_V6.1.2/by_kind/equation/funnel/valid_reread/unique_pages,324
ACTIVATION.json,/versions/GBDT_V6.1.2/by_kind/equation/funnel/valid_reread/page_denominator,1651
ACTIVATION.json,/versions/GBDT_V6.1.2/by_kind/equation/funnel/candidate_canonical_changed/regions,340
ACTIVATION.json,/versions/GBDT_V6.1.2/by_kind/equation/funnel/candidate_canonical_changed/unique_pages,172
ACTIVATION.json,/versions/GBDT_V6.1.2/by_kind/equation/funnel/candidate_canonical_changed/page_denominator,1651
ACTIVATION.json,/versions/GBDT_V6.1.2/by_kind/equation/funnel/applied_canonical_edit/regions,339
ACTIVATION.json,/versions/GBDT_V6.1.2/by_kind/equation/funnel/applied_canonical_edit/unique_pages,172
ACTIVATION.json,/versions/GBDT_V6.1.2/by_kind/equation/funnel/applied_canonical_edit/page_denominator,1651
ACTIVATION.json,/versions/GBDT_V6.1.2/by_kind/equation/predict_api_calls,2371
ACTIVATION.json,/versions/GBDT_V6.1.2/by_kind/equation/predict_batches,2371
ACTIVATION.json,/versions/GBDT_V6.1.2/by_kind/equation/predicted_rows,2371
ACTIVATION.json,/versions/GBDT_V6.1.2/by_kind/equation/physical_completed_ocr_requests,2371
ACTIVATION.json,/versions/GBDT_V6.1.2/by_kind/equation/submitted_ocr_requests,2371
ACTIVATION.json,/versions/GBDT_V6.1.2/by_kind/equation/failed_ocr_attempts,0
ACTIVATION.json,/versions/GBDT_V6.1.2/by_kind/equation/reused_actions,0
ACTIVATION.json,/versions/GBDT_V6.1.2/by_kind/equation/checkpoint_sha256/0,"""780a6c62f8663bd0bd364f784f3339d884cf64beb6240ff385c8536d25098a3e"""
ACTIVATION.json,/versions/GBDT_V6.1.2/by_kind/equation/raw_log_scales/n,2371
ACTIVATION.json,/versions/GBDT_V6.1.2/by_kind/equation/raw_log_scales/min,-0.06674499581869983
ACTIVATION.json,/versions/GBDT_V6.1.2/by_kind/equation/raw_log_scales/p50,0.024464860534700726
ACTIVATION.json,/versions/GBDT_V6.1.2/by_kind/equation/raw_log_scales/p90,0.032972060930756476
ACTIVATION.json,/versions/GBDT_V6.1.2/by_kind/equation/raw_log_scales/p95,0.04309278129840272
ACTIVATION.json,/versions/GBDT_V6.1.2/by_kind/equation/raw_log_scales/max,0.06428579408259144
ACTIVATION.json,/versions/GBDT_V6.1.2/by_kind/equation/raw_log_scales/sum,25.721600537938485
ACTIVATION.json,/versions/GBDT_V6.1.2/by_kind/equation/bounded_scales/n,2371
ACTIVATION.json,/versions/GBDT_V6.1.2/by_kind/equation/bounded_scales/min,0.9354337104325652
ACTIVATION.json,/versions/GBDT_V6.1.2/by_kind/equation/bounded_scales/p50,1.0247665807248063
ACTIVATION.json,/versions/GBDT_V6.1.2/by_kind/equation/bounded_scales/p90,1.0335216632046096
ACTIVATION.json,/versions/GBDT_V6.1.2/by_kind/equation/bounded_scales/p95,1.0440347572573891
ACTIVATION.json,/versions/GBDT_V6.1.2/by_kind/equation/bounded_scales/max,1.0663971252029998
ACTIVATION.json,/versions/GBDT_V6.1.2/by_kind/equation/bounded_scales/sum,2397.857632632137
ACTIVATION.json,/versions/GBDT_V6.1.2/by_kind/equation/controller_seconds/n,2371
ACTIVATION.json,/versions/GBDT_V6.1.2/by_kind/equation/controller_seconds/min,0.00010677496902644634
ACTIVATION.json,/versions/GBDT_V6.1.2/by_kind/equation/controller_seconds/p50,0.0003210019785910845
ACTIVATION.json,/versions/GBDT_V6.1.2/by_kind/equation/controller_seconds/p90,0.00036028819158673286
ACTIVATION.json,/versions/GBDT_V6.1.2/by_kind/equation/controller_seconds/p95,0.00037350552156567574
ACTIVATION.json,/versions/GBDT_V6.1.2/by_kind/equation/controller_seconds/max,0.0008936109952628613
ACTIVATION.json,/versions/GBDT_V6.1.2/by_kind/equation/controller_seconds/sum,0.6364780543372035
ACTIVATION.json,/versions/GBDT_V6.1.2/by_kind/equation/resize_seconds/n,2371
ACTIVATION.json,/versions/GBDT_V6.1.2/by_kind/equation/resize_seconds/min,3.764801658689976e-05
ACTIVATION.json,/versions/GBDT_V6.1.2/by_kind/equation/resize_seconds/p50,0.003941248869523406
ACTIVATION.json,/versions/GBDT_V6.1.2/by_kind/equation/resize_seconds/p90,0.015304008964449167
ACTIVATION.json,/versions/GBDT_V6.1.2/by_kind/equation/resize_seconds/p95,0.021698970929719508
ACTIVATION.json,/versions/GBDT_V6.1.2/by_kind/equation/resize_seconds/max,0.09762287605553865
ACTIVATION.json,/versions/GBDT_V6.1.2/by_kind/equation/resize_seconds/sum,15.687724029412493
ACTIVATION.json,/versions/GBDT_V6.1.2/by_kind/equation/preview_seconds/n,2371
ACTIVATION.json,/versions/GBDT_V6.1.2/by_kind/equation/preview_seconds/min,0.0013258818071335554
ACTIVATION.json,/versions/GBDT_V6.1.2/by_kind/equation/preview_seconds/p50,0.011280702892690897
ACTIVATION.json,/versions/GBDT_V6.1.2/by_kind/equation/preview_seconds/p90,0.03217423218302429
ACTIVATION.json,/versions/GBDT_V6.1.2/by_kind/equation/preview_seconds/p95,0.03864205605350435
ACTIVATION.json,/versions/GBDT_V6.1.2/by_kind/equation/preview_seconds/max,0.3276764447800815
ACTIVATION.json,/versions/GBDT_V6.1.2/by_kind/equation/preview_seconds/sum,37.08006840036251
ACTIVATION.json,/versions/GBDT_V6.1.2/by_kind/equation/physical_ocr_seconds/n,2371
ACTIVATION.json,/versions/GBDT_V6.1.2/by_kind/equation/physical_ocr_seconds/min,0.055725882994011045
ACTIVATION.json,/versions/GBDT_V6.1.2/by_kind/equation/physical_ocr_seconds/p50,0.20371904107742012
ACTIVATION.json,/versions/GBDT_V6.1.2/by_kind/equation/physical_ocr_seconds/p90,0.49773305910639465
ACTIVATION.json,/versions/GBDT_V6.1.2/by_kind/equation/physical_ocr_seconds/p95,0.596668848535046
ACTIVATION.json,/versions/GBDT_V6.1.2/by_kind/equation/physical_ocr_seconds/max,1.8210983809549361
ACTIVATION.json,/versions/GBDT_V6.1.2/by_kind/equation/physical_ocr_seconds/sum,618.1620435661171
ACTIVATION.json,/versions/GBDT_V6.1.2/by_kind/equation/requested_width/n,2371
ACTIVATION.json,/versions/GBDT_V6.1.2/by_kind/equation/requested_width/min,27
ACTIVATION.json,/versions/GBDT_V6.1.2/by_kind/equation/requested_width/p50,823.0
ACTIVATION.json,/versions/GBDT_V6.1.2/by_kind/equation/requested_width/p90,1634.0
ACTIVATION.json,/versions/GBDT_V6.1.2/by_kind/equation/requested_width/p95,1805.0
ACTIVATION.json,/versions/GBDT_V6.1.2/by_kind/equation/requested_width/max,3213
ACTIVATION.json,/versions/GBDT_V6.1.2/by_kind/equation/requested_width/sum,2172940
ACTIVATION.json,/versions/GBDT_V6.1.2/by_kind/equation/requested_height/n,2371
ACTIVATION.json,/versions/GBDT_V6.1.2/by_kind/equation/requested_height/min,31
ACTIVATION.json,/versions/GBDT_V6.1.2/by_kind/equation/requested_height/p50,110.0
ACTIVATION.json,/versions/GBDT_V6.1.2/by_kind/equation/requested_height/p90,173.0
ACTIVATION.json,/versions/GBDT_V6.1.2/by_kind/equation/requested_height/p95,240.5
ACTIVATION.json,/versions/GBDT_V6.1.2/by_kind/equation/requested_height/max,1012
ACTIVATION.json,/versions/GBDT_V6.1.2/by_kind/equation/requested_height/sum,283046
ACTIVATION.json,/versions/GBDT_V6.1.2/by_kind/equation/prepared_width/n,2371
ACTIVATION.json,/versions/GBDT_V6.1.2/by_kind/equation/prepared_width/min,28
ACTIVATION.json,/versions/GBDT_V6.1.2/by_kind/equation/prepared_width/p50,823.0
ACTIVATION.json,/versions/GBDT_V6.1.2/by_kind/equation/prepared_width/p90,1634.0
ACTIVATION.json,/versions/GBDT_V6.1.2/by_kind/equation/prepared_width/p95,1805.0
ACTIVATION.json,/versions/GBDT_V6.1.2/by_kind/equation/prepared_width/max,3213
ACTIVATION.json,/versions/GBDT_V6.1.2/by_kind/equation/prepared_width/sum,2172941
ACTIVATION.json,/versions/GBDT_V6.1.2/by_kind/equation/prepared_height/n,2371
ACTIVATION.json,/versions/GBDT_V6.1.2/by_kind/equation/prepared_height/min,31
ACTIVATION.json,/versions/GBDT_V6.1.2/by_kind/equation/prepared_height/p50,110.0
ACTIVATION.json,/versions/GBDT_V6.1.2/by_kind/equation/prepared_height/p90,173.0
ACTIVATION.json,/versions/GBDT_V6.1.2/by_kind/equation/prepared_height/p95,240.5
ACTIVATION.json,/versions/GBDT_V6.1.2/by_kind/equation/prepared_height/max,1012
ACTIVATION.json,/versions/GBDT_V6.1.2/by_kind/equation/prepared_height/sum,283049
ACTIVATION.json,/versions/GBDT_V6.1.2/by_kind/equation/pixel_tensor_rows/n,2371
ACTIVATION.json,/versions/GBDT_V6.1.2/by_kind/equation/pixel_tensor_rows/min,16
ACTIVATION.json,/versions/GBDT_V6.1.2/by_kind/equation/pixel_tensor_rows/p50,408.0
ACTIVATION.json,/versions/GBDT_V6.1.2/by_kind/equation/pixel_tensor_rows/p90,1248.0
ACTIVATION.json,/versions/GBDT_V6.1.2/by_kind/equation/pixel_tensor_rows/p95,1680.0
ACTIVATION.json,/versions/GBDT_V6.1.2/by_kind/equation/pixel_tensor_rows/max,16560
ACTIVATION.json,/versions/GBDT_V6.1.2/by_kind/equation/pixel_tensor_rows/sum,1502200
ACTIVATION.json,/versions/GBDT_V6.1.2/by_kind/equation/grid_height/n,2371
ACTIVATION.json,/versions/GBDT_V6.1.2/by_kind/equation/grid_height/min,2
ACTIVATION.json,/versions/GBDT_V6.1.2/by_kind/equation/grid_height/p50,8.0
ACTIVATION.json,/versions/GBDT_V6.1.2/by_kind/equation/grid_height/p90,12.0
ACTIVATION.json,/versions/GBDT_V6.1.2/by_kind/equation/grid_height/p95,18.0
ACTIVATION.json,/versions/GBDT_V6.1.2/by_kind/equation/grid_height/max,72
ACTIVATION.json,/versions/GBDT_V6.1.2/by_kind/equation/grid_height/sum,20170
ACTIVATION.json,/versions/GBDT_V6.1.2/by_kind/equation/grid_width/n,2371
ACTIVATION.json,/versions/GBDT_V6.1.2/by_kind/equation/grid_width/min,4
ACTIVATION.json,/versions/GBDT_V6.1.2/by_kind/equation/grid_width/p50,58.0
ACTIVATION.json,/versions/GBDT_V6.1.2/by_kind/equation/grid_width/p90,116.0
ACTIVATION.json,/versions/GBDT_V6.1.2/by_kind/equation/grid_width/p95,128.0
ACTIVATION.json,/versions/GBDT_V6.1.2/by_kind/equation/grid_width/max,230
ACTIVATION.json,/versions/GBDT_V6.1.2/by_kind/equation/grid_width/sum,155184
ACTIVATION.json,/versions/GBDT_V6.1.2/by_kind/equation/rejections,{}
ACTIVATION.json,/versions/GBDT_V6.1.2/by_kind/equation/standalone_regional_seconds_estimate,695.7034380694386
ACTIVATION.json,/versions/GBDT_V6.1.2/combined_funnel/eligible/regions,2371
ACTIVATION.json,/versions/GBDT_V6.1.2/combined_funnel/eligible/unique_pages,324
ACTIVATION.json,/versions/GBDT_V6.1.2/combined_funnel/eligible/page_denominator,1651
ACTIVATION.json,/versions/GBDT_V6.1.2/combined_funnel/controller_evaluated/regions,2371
ACTIVATION.json,/versions/GBDT_V6.1.2/combined_funnel/controller_evaluated/unique_pages,324
ACTIVATION.json,/versions/GBDT_V6.1.2/combined_funnel/controller_evaluated/page_denominator,1651
ACTIVATION.json,/versions/GBDT_V6.1.2/combined_funnel/nominal_scale_changed/regions,2371
ACTIVATION.json,/versions/GBDT_V6.1.2/combined_funnel/nominal_scale_changed/unique_pages,324
ACTIVATION.json,/versions/GBDT_V6.1.2/combined_funnel/nominal_scale_changed/page_denominator,1651
ACTIVATION.json,/versions/GBDT_V6.1.2/combined_funnel/boundary_clipped/regions,0
ACTIVATION.json,/versions/GBDT_V6.1.2/combined_funnel/boundary_clipped/unique_pages,0
ACTIVATION.json,/versions/GBDT_V6.1.2/combined_funnel/boundary_clipped/page_denominator,1651
ACTIVATION.json,/versions/GBDT_V6.1.2/combined_funnel/requested_dimensions_changed/regions,2242
ACTIVATION.json,/versions/GBDT_V6.1.2/combined_funnel/requested_dimensions_changed/unique_pages,318
ACTIVATION.json,/versions/GBDT_V6.1.2/combined_funnel/requested_dimensions_changed/page_denominator,1651
ACTIVATION.json,/versions/GBDT_V6.1.2/combined_funnel/processor_input_changed/regions,2242
ACTIVATION.json,/versions/GBDT_V6.1.2/combined_funnel/processor_input_changed/unique_pages,318
ACTIVATION.json,/versions/GBDT_V6.1.2/combined_funnel/processor_input_changed/page_denominator,1651
ACTIVATION.json,/versions/GBDT_V6.1.2/combined_funnel/processor_input_unchanged/regions,129
ACTIVATION.json,/versions/GBDT_V6.1.2/combined_funnel/processor_input_unchanged/unique_pages,62
ACTIVATION.json,/versions/GBDT_V6.1.2/combined_funnel/processor_input_unchanged/page_denominator,1651
ACTIVATION.json,/versions/GBDT_V6.1.2/combined_funnel/processor_input_unknown/regions,0
ACTIVATION.json,/versions/GBDT_V6.1.2/combined_funnel/processor_input_unknown/unique_pages,0
ACTIVATION.json,/versions/GBDT_V6.1.2/combined_funnel/processor_input_unknown/page_denominator,1651
ACTIVATION.json,/versions/GBDT_V6.1.2/combined_funnel/ocr_requested/regions,2371
ACTIVATION.json,/versions/GBDT_V6.1.2/combined_funnel/ocr_requested/unique_pages,324
ACTIVATION.json,/versions/GBDT_V6.1.2/combined_funnel/ocr_requested/page_denominator,1651
ACTIVATION.json,/versions/GBDT_V6.1.2/combined_funnel/ocr_submitted/regions,2371
ACTIVATION.json,/versions/GBDT_V6.1.2/combined_funnel/ocr_submitted/unique_pages,324
ACTIVATION.json,/versions/GBDT_V6.1.2/combined_funnel/ocr_submitted/page_denominator,1651
ACTIVATION.json,/versions/GBDT_V6.1.2/combined_funnel/ocr_physically_completed/regions,2371
ACTIVATION.json,/versions/GBDT_V6.1.2/combined_funnel/ocr_physically_completed/unique_pages,324
ACTIVATION.json,/versions/GBDT_V6.1.2/combined_funnel/ocr_physically_completed/page_denominator,1651
ACTIVATION.json,/versions/GBDT_V6.1.2/combined_funnel/ocr_failed/regions,0
ACTIVATION.json,/versions/GBDT_V6.1.2/combined_funnel/ocr_failed/unique_pages,0
ACTIVATION.json,/versions/GBDT_V6.1.2/combined_funnel/ocr_failed/page_denominator,1651
ACTIVATION.json,/versions/GBDT_V6.1.2/combined_funnel/ocr_submission_unknown/regions,0
ACTIVATION.json,/versions/GBDT_V6.1.2/combined_funnel/ocr_submission_unknown/unique_pages,0
ACTIVATION.json,/versions/GBDT_V6.1.2/combined_funnel/ocr_submission_unknown/page_denominator,1651
ACTIVATION.json,/versions/GBDT_V6.1.2/combined_funnel/ocr_reused/regions,0
ACTIVATION.json,/versions/GBDT_V6.1.2/combined_funnel/ocr_reused/unique_pages,0
ACTIVATION.json,/versions/GBDT_V6.1.2/combined_funnel/ocr_reused/page_denominator,1651
ACTIVATION.json,/versions/GBDT_V6.1.2/combined_funnel/actual_tensor_verified/regions,2371
ACTIVATION.json,/versions/GBDT_V6.1.2/combined_funnel/actual_tensor_verified/unique_pages,324
ACTIVATION.json,/versions/GBDT_V6.1.2/combined_funnel/actual_tensor_verified/page_denominator,1651
ACTIVATION.json,/versions/GBDT_V6.1.2/combined_funnel/valid_reread/regions,2371
ACTIVATION.json,/versions/GBDT_V6.1.2/combined_funnel/valid_reread/unique_pages,324
ACTIVATION.json,/versions/GBDT_V6.1.2/combined_funnel/valid_reread/page_denominator,1651
ACTIVATION.json,/versions/GBDT_V6.1.2/combined_funnel/candidate_canonical_changed/regions,340
ACTIVATION.json,/versions/GBDT_V6.1.2/combined_funnel/candidate_canonical_changed/unique_pages,172
ACTIVATION.json,/versions/GBDT_V6.1.2/combined_funnel/candidate_canonical_changed/page_denominator,1651
ACTIVATION.json,/versions/GBDT_V6.1.2/combined_funnel/applied_canonical_edit/regions,339
ACTIVATION.json,/versions/GBDT_V6.1.2/combined_funnel/applied_canonical_edit/unique_pages,172
ACTIVATION.json,/versions/GBDT_V6.1.2/combined_funnel/applied_canonical_edit/page_denominator,1651
ACTIVATION.json,/versions/GBDT_V6.1.3/denominator,1651
ACTIVATION.json,/versions/GBDT_V6.1.3/raw_changed_pages,319
ACTIVATION.json,/versions/GBDT_V6.1.3/canonical_changed_pages,319
ACTIVATION.json,/versions/GBDT_V6.1.3/empty_predictions,0
ACTIVATION.json,/versions/GBDT_V6.1.3/shared_track_failed_pages,0
ACTIVATION.json,/versions/GBDT_V6.1.3/shared_page_latency_seconds/n,1651
ACTIVATION.json,/versions/GBDT_V6.1.3/shared_page_latency_seconds/min,1.5759937139227986
ACTIVATION.json,/versions/GBDT_V6.1.3/shared_page_latency_seconds/p50,6.3102012041490525
ACTIVATION.json,/versions/GBDT_V6.1.3/shared_page_latency_seconds/p90,15.329478790983558
ACTIVATION.json,/versions/GBDT_V6.1.3/shared_page_latency_seconds/p95,20.71723154897336
ACTIVATION.json,/versions/GBDT_V6.1.3/shared_page_latency_seconds/max,77.48090363200754
ACTIVATION.json,/versions/GBDT_V6.1.3/shared_page_latency_seconds/sum,14126.199222808937
ACTIVATION.json,/versions/GBDT_V6.1.3/standalone_seconds_estimate,11668.030757311255
ACTIVATION.json,/versions/GBDT_V6.1.3/by_kind/table/funnel/eligible/regions,670
ACTIVATION.json,/versions/GBDT_V6.1.3/by_kind/table/funnel/eligible/unique_pages,462
ACTIVATION.json,/versions/GBDT_V6.1.3/by_kind/table/funnel/eligible/page_denominator,1651
ACTIVATION.json,/versions/GBDT_V6.1.3/by_kind/table/funnel/controller_evaluated/regions,670
ACTIVATION.json,/versions/GBDT_V6.1.3/by_kind/table/funnel/controller_evaluated/unique_pages,462
ACTIVATION.json,/versions/GBDT_V6.1.3/by_kind/table/funnel/controller_evaluated/page_denominator,1651
ACTIVATION.json,/versions/GBDT_V6.1.3/by_kind/table/funnel/nominal_scale_changed/regions,670
ACTIVATION.json,/versions/GBDT_V6.1.3/by_kind/table/funnel/nominal_scale_changed/unique_pages,462
ACTIVATION.json,/versions/GBDT_V6.1.3/by_kind/table/funnel/nominal_scale_changed/page_denominator,1651
ACTIVATION.json,/versions/GBDT_V6.1.3/by_kind/table/funnel/boundary_clipped/regions,0
ACTIVATION.json,/versions/GBDT_V6.1.3/by_kind/table/funnel/boundary_clipped/unique_pages,0
ACTIVATION.json,/versions/GBDT_V6.1.3/by_kind/table/funnel/boundary_clipped/page_denominator,1651
ACTIVATION.json,/versions/GBDT_V6.1.3/by_kind/table/funnel/requested_dimensions_changed/regions,666
ACTIVATION.json,/versions/GBDT_V6.1.3/by_kind/table/funnel/requested_dimensions_changed/unique_pages,461
ACTIVATION.json,/versions/GBDT_V6.1.3/by_kind/table/funnel/requested_dimensions_changed/page_denominator,1651
ACTIVATION.json,/versions/GBDT_V6.1.3/by_kind/table/funnel/processor_input_changed/regions,666
ACTIVATION.json,/versions/GBDT_V6.1.3/by_kind/table/funnel/processor_input_changed/unique_pages,461
ACTIVATION.json,/versions/GBDT_V6.1.3/by_kind/table/funnel/processor_input_changed/page_denominator,1651
ACTIVATION.json,/versions/GBDT_V6.1.3/by_kind/table/funnel/processor_input_unchanged/regions,4
ACTIVATION.json,/versions/GBDT_V6.1.3/by_kind/table/funnel/processor_input_unchanged/unique_pages,4
ACTIVATION.json,/versions/GBDT_V6.1.3/by_kind/table/funnel/processor_input_unchanged/page_denominator,1651
ACTIVATION.json,/versions/GBDT_V6.1.3/by_kind/table/funnel/processor_input_unknown/regions,0
ACTIVATION.json,/versions/GBDT_V6.1.3/by_kind/table/funnel/processor_input_unknown/unique_pages,0
ACTIVATION.json,/versions/GBDT_V6.1.3/by_kind/table/funnel/processor_input_unknown/page_denominator,1651
ACTIVATION.json,/versions/GBDT_V6.1.3/by_kind/table/funnel/ocr_requested/regions,670
ACTIVATION.json,/versions/GBDT_V6.1.3/by_kind/table/funnel/ocr_requested/unique_pages,462
ACTIVATION.json,/versions/GBDT_V6.1.3/by_kind/table/funnel/ocr_requested/page_denominator,1651
ACTIVATION.json,/versions/GBDT_V6.1.3/by_kind/table/funnel/ocr_submitted/regions,670
ACTIVATION.json,/versions/GBDT_V6.1.3/by_kind/table/funnel/ocr_submitted/unique_pages,462
ACTIVATION.json,/versions/GBDT_V6.1.3/by_kind/table/funnel/ocr_submitted/page_denominator,1651
ACTIVATION.json,/versions/GBDT_V6.1.3/by_kind/table/funnel/ocr_physically_completed/regions,670
ACTIVATION.json,/versions/GBDT_V6.1.3/by_kind/table/funnel/ocr_physically_completed/unique_pages,462
ACTIVATION.json,/versions/GBDT_V6.1.3/by_kind/table/funnel/ocr_physically_completed/page_denominator,1651
ACTIVATION.json,/versions/GBDT_V6.1.3/by_kind/table/funnel/ocr_failed/regions,0
ACTIVATION.json,/versions/GBDT_V6.1.3/by_kind/table/funnel/ocr_failed/unique_pages,0
ACTIVATION.json,/versions/GBDT_V6.1.3/by_kind/table/funnel/ocr_failed/page_denominator,1651
ACTIVATION.json,/versions/GBDT_V6.1.3/by_kind/table/funnel/ocr_submission_unknown/regions,0
ACTIVATION.json,/versions/GBDT_V6.1.3/by_kind/table/funnel/ocr_submission_unknown/unique_pages,0
ACTIVATION.json,/versions/GBDT_V6.1.3/by_kind/table/funnel/ocr_submission_unknown/page_denominator,1651
ACTIVATION.json,/versions/GBDT_V6.1.3/by_kind/table/funnel/ocr_reused/regions,0
ACTIVATION.json,/versions/GBDT_V6.1.3/by_kind/table/funnel/ocr_reused/unique_pages,0
ACTIVATION.json,/versions/GBDT_V6.1.3/by_kind/table/funnel/ocr_reused/page_denominator,1651
ACTIVATION.json,/versions/GBDT_V6.1.3/by_kind/table/funnel/actual_tensor_verified/regions,670
ACTIVATION.json,/versions/GBDT_V6.1.3/by_kind/table/funnel/actual_tensor_verified/unique_pages,462
ACTIVATION.json,/versions/GBDT_V6.1.3/by_kind/table/funnel/actual_tensor_verified/page_denominator,1651
ACTIVATION.json,/versions/GBDT_V6.1.3/by_kind/table/funnel/valid_reread/regions,670
ACTIVATION.json,/versions/GBDT_V6.1.3/by_kind/table/funnel/valid_reread/unique_pages,462
ACTIVATION.json,/versions/GBDT_V6.1.3/by_kind/table/funnel/valid_reread/page_denominator,1651
ACTIVATION.json,/versions/GBDT_V6.1.3/by_kind/table/funnel/candidate_canonical_changed/regions,191
ACTIVATION.json,/versions/GBDT_V6.1.3/by_kind/table/funnel/candidate_canonical_changed/unique_pages,150
ACTIVATION.json,/versions/GBDT_V6.1.3/by_kind/table/funnel/candidate_canonical_changed/page_denominator,1651
ACTIVATION.json,/versions/GBDT_V6.1.3/by_kind/table/funnel/applied_canonical_edit/regions,191
ACTIVATION.json,/versions/GBDT_V6.1.3/by_kind/table/funnel/applied_canonical_edit/unique_pages,150
ACTIVATION.json,/versions/GBDT_V6.1.3/by_kind/table/funnel/applied_canonical_edit/page_denominator,1651
ACTIVATION.json,/versions/GBDT_V6.1.3/by_kind/table/predict_api_calls,670
ACTIVATION.json,/versions/GBDT_V6.1.3/by_kind/table/predict_batches,670
ACTIVATION.json,/versions/GBDT_V6.1.3/by_kind/table/predicted_rows,670
ACTIVATION.json,/versions/GBDT_V6.1.3/by_kind/table/physical_completed_ocr_requests,670
ACTIVATION.json,/versions/GBDT_V6.1.3/by_kind/table/submitted_ocr_requests,670
ACTIVATION.json,/versions/GBDT_V6.1.3/by_kind/table/failed_ocr_attempts,0
ACTIVATION.json,/versions/GBDT_V6.1.3/by_kind/table/reused_actions,0
ACTIVATION.json,/versions/GBDT_V6.1.3/by_kind/table/checkpoint_sha256/0,"""28ac372fa2449680d4c4e110c0acd2abc3e280538497ea7af69753eedbe437e7"""
ACTIVATION.json,/versions/GBDT_V6.1.3/by_kind/table/raw_log_scales/n,670
ACTIVATION.json,/versions/GBDT_V6.1.3/by_kind/table/raw_log_scales/min,-0.2639815013555313
ACTIVATION.json,/versions/GBDT_V6.1.3/by_kind/table/raw_log_scales/p50,0.01244230021977821
ACTIVATION.json,/versions/GBDT_V6.1.3/by_kind/table/raw_log_scales/p90,0.13827187566309052
ACTIVATION.json,/versions/GBDT_V6.1.3/by_kind/table/raw_log_scales/p95,0.1934532924959303
ACTIVATION.json,/versions/GBDT_V6.1.3/by_kind/table/raw_log_scales/max,0.3464563968877072
ACTIVATION.json,/versions/GBDT_V6.1.3/by_kind/table/raw_log_scales/sum,9.060190563771762
ACTIVATION.json,/versions/GBDT_V6.1.3/by_kind/table/bounded_scales/n,670
ACTIVATION.json,/versions/GBDT_V6.1.3/by_kind/table/bounded_scales/min,0.7679877462575787
ACTIVATION.json,/versions/GBDT_V6.1.3/by_kind/table/bounded_scales/p50,1.012520028355351
ACTIVATION.json,/versions/GBDT_V6.1.3/by_kind/table/bounded_scales/p90,1.148287714410661
ACTIVATION.json,/versions/GBDT_V6.1.3/by_kind/table/bounded_scales/p95,1.2134334159215847
ACTIVATION.json,/versions/GBDT_V6.1.3/by_kind/table/bounded_scales/max,1.4140478355995638
ACTIVATION.json,/versions/GBDT_V6.1.3/by_kind/table/bounded_scales/sum,682.628807598313
ACTIVATION.json,/versions/GBDT_V6.1.3/by_kind/table/controller_seconds/n,670
ACTIVATION.json,/versions/GBDT_V6.1.3/by_kind/table/controller_seconds/min,0.0001840109471231699
ACTIVATION.json,/versions/GBDT_V6.1.3/by_kind/table/controller_seconds/p50,0.00033991842065006495
ACTIVATION.json,/versions/GBDT_V6.1.3/by_kind/table/controller_seconds/p90,0.0004902963060885668
ACTIVATION.json,/versions/GBDT_V6.1.3/by_kind/table/controller_seconds/p95,0.0005431297118775547
ACTIVATION.json,/versions/GBDT_V6.1.3/by_kind/table/controller_seconds/max,0.001566185848787427
ACTIVATION.json,/versions/GBDT_V6.1.3/by_kind/table/controller_seconds/sum,0.24359227786771953
ACTIVATION.json,/versions/GBDT_V6.1.3/by_kind/table/resize_seconds/n,670
ACTIVATION.json,/versions/GBDT_V6.1.3/by_kind/table/resize_seconds/min,0.00037897401489317417
ACTIVATION.json,/versions/GBDT_V6.1.3/by_kind/table/resize_seconds/p50,0.04075363406445831
ACTIVATION.json,/versions/GBDT_V6.1.3/by_kind/table/resize_seconds/p90,0.12155071054585279
ACTIVATION.json,/versions/GBDT_V6.1.3/by_kind/table/resize_seconds/p95,0.1550199139397591
ACTIVATION.json,/versions/GBDT_V6.1.3/by_kind/table/resize_seconds/max,0.22674570512026548
ACTIVATION.json,/versions/GBDT_V6.1.3/by_kind/table/resize_seconds/sum,35.89634703611955
ACTIVATION.json,/versions/GBDT_V6.1.3/by_kind/table/preview_seconds/n,670
ACTIVATION.json,/versions/GBDT_V6.1.3/by_kind/table/preview_seconds/min,0.002539468929171562
ACTIVATION.json,/versions/GBDT_V6.1.3/by_kind/table/preview_seconds/p50,0.09257019963115454
ACTIVATION.json,/versions/GBDT_V6.1.3/by_kind/table/preview_seconds/p90,0.4907863593194634
ACTIVATION.json,/versions/GBDT_V6.1.3/by_kind/table/preview_seconds/p95,0.6806369565776549
ACTIVATION.json,/versions/GBDT_V6.1.3/by_kind/table/preview_seconds/max,1.0928643520455807
ACTIVATION.json,/versions/GBDT_V6.1.3/by_kind/table/preview_seconds/sum,116.05135222384706
ACTIVATION.json,/versions/GBDT_V6.1.3/by_kind/table/physical_ocr_seconds/n,670
ACTIVATION.json,/versions/GBDT_V6.1.3/by_kind/table/physical_ocr_seconds/min,0.0691206930205226
ACTIVATION.json,/versions/GBDT_V6.1.3/by_kind/table/physical_ocr_seconds/p50,1.2269726215163246
ACTIVATION.json,/versions/GBDT_V6.1.3/by_kind/table/physical_ocr_seconds/p90,5.340525348647498
ACTIVATION.json,/versions/GBDT_V6.1.3/by_kind/table/physical_ocr_seconds/p95,8.137470506085075
ACTIVATION.json,/versions/GBDT_V6.1.3/by_kind/table/physical_ocr_seconds/max,25.310092783998698
ACTIVATION.json,/versions/GBDT_V6.1.3/by_kind/table/physical_ocr_seconds/sum,1526.9594769296236
ACTIVATION.json,/versions/GBDT_V6.1.3/by_kind/table/requested_width/n,670
ACTIVATION.json,/versions/GBDT_V6.1.3/by_kind/table/requested_width/min,164
ACTIVATION.json,/versions/GBDT_V6.1.3/by_kind/table/requested_width/p50,1838.0
ACTIVATION.json,/versions/GBDT_V6.1.3/by_kind/table/requested_width/p90,2346.6000000000004
ACTIVATION.json,/versions/GBDT_V6.1.3/by_kind/table/requested_width/p95,2506.2999999999997
ACTIVATION.json,/versions/GBDT_V6.1.3/by_kind/table/requested_width/max,3530
ACTIVATION.json,/versions/GBDT_V6.1.3/by_kind/table/requested_width/sum,1105887
ACTIVATION.json,/versions/GBDT_V6.1.3/by_kind/table/requested_height/n,670
ACTIVATION.json,/versions/GBDT_V6.1.3/by_kind/table/requested_height/min,15
ACTIVATION.json,/versions/GBDT_V6.1.3/by_kind/table/requested_height/p50,652.5
ACTIVATION.json,/versions/GBDT_V6.1.3/by_kind/table/requested_height/p90,2086.1000000000004
ACTIVATION.json,/versions/GBDT_V6.1.3/by_kind/table/requested_height/p95,2725.8499999999976
ACTIVATION.json,/versions/GBDT_V6.1.3/by_kind/table/requested_height/max,3459
ACTIVATION.json,/versions/GBDT_V6.1.3/by_kind/table/requested_height/sum,607128
ACTIVATION.json,/versions/GBDT_V6.1.3/by_kind/table/prepared_width/n,670
ACTIVATION.json,/versions/GBDT_V6.1.3/by_kind/table/prepared_width/min,164
ACTIVATION.json,/versions/GBDT_V6.1.3/by_kind/table/prepared_width/p50,1838.0
ACTIVATION.json,/versions/GBDT_V6.1.3/by_kind/table/prepared_width/p90,2346.6000000000004
ACTIVATION.json,/versions/GBDT_V6.1.3/by_kind/table/prepared_width/p95,2506.2999999999997
ACTIVATION.json,/versions/GBDT_V6.1.3/by_kind/table/prepared_width/max,3530
ACTIVATION.json,/versions/GBDT_V6.1.3/by_kind/table/prepared_width/sum,1106348
ACTIVATION.json,/versions/GBDT_V6.1.3/by_kind/table/prepared_height/n,670
ACTIVATION.json,/versions/GBDT_V6.1.3/by_kind/table/prepared_height/min,28
ACTIVATION.json,/versions/GBDT_V6.1.3/by_kind/table/prepared_height/p50,652.5
ACTIVATION.json,/versions/GBDT_V6.1.3/by_kind/table/prepared_height/p90,2086.1000000000004
ACTIVATION.json,/versions/GBDT_V6.1.3/by_kind/table/prepared_height/p95,2725.8499999999976
ACTIVATION.json,/versions/GBDT_V6.1.3/by_kind/table/prepared_height/max,3459
ACTIVATION.json,/versions/GBDT_V6.1.3/by_kind/table/prepared_height/sum,607165
ACTIVATION.json,/versions/GBDT_V6.1.3/by_kind/table/pixel_tensor_rows/n,670
ACTIVATION.json,/versions/GBDT_V6.1.3/by_kind/table/pixel_tensor_rows/min,28
ACTIVATION.json,/versions/GBDT_V6.1.3/by_kind/table/pixel_tensor_rows/p50,5766.0
ACTIVATION.json,/versions/GBDT_V6.1.3/by_kind/table/pixel_tensor_rows/p90,22036.800000000003
ACTIVATION.json,/versions/GBDT_V6.1.3/by_kind/table/pixel_tensor_rows/p95,29681.6
ACTIVATION.json,/versions/GBDT_V6.1.3/by_kind/table/pixel_tensor_rows/max,44748
ACTIVATION.json,/versions/GBDT_V6.1.3/by_kind/table/pixel_tensor_rows/sum,5885264
ACTIVATION.json,/versions/GBDT_V6.1.3/by_kind/table/grid_height/n,670
ACTIVATION.json,/versions/GBDT_V6.1.3/by_kind/table/grid_height/min,2
ACTIVATION.json,/versions/GBDT_V6.1.3/by_kind/table/grid_height/p50,46.0
ACTIVATION.json,/versions/GBDT_V6.1.3/by_kind/table/grid_height/p90,148.20000000000005
ACTIVATION.json,/versions/GBDT_V6.1.3/by_kind/table/grid_height/p95,194.19999999999982
ACTIVATION.json,/versions/GBDT_V6.1.3/by_kind/table/grid_height/max,248
ACTIVATION.json,/versions/GBDT_V6.1.3/by_kind/table/grid_height/sum,43348
ACTIVATION.json,/versions/GBDT_V6.1.3/by_kind/table/grid_width/n,670
ACTIVATION.json,/versions/GBDT_V6.1.3/by_kind/table/grid_width/min,12
ACTIVATION.json,/versions/GBDT_V6.1.3/by_kind/table/grid_width/p50,132.0
ACTIVATION.json,/versions/GBDT_V6.1.3/by_kind/table/grid_width/p90,168.0
ACTIVATION.json,/versions/GBDT_V6.1.3/by_kind/table/grid_width/p95,179.0999999999999
ACTIVATION.json,/versions/GBDT_V6.1.3/by_kind/table/grid_width/max,252
ACTIVATION.json,/versions/GBDT_V6.1.3/by_kind/table/grid_width/sum,79042
ACTIVATION.json,/versions/GBDT_V6.1.3/by_kind/table/rejections,{}
ACTIVATION.json,/versions/GBDT_V6.1.3/by_kind/table/standalone_regional_seconds_estimate,1790.1181124160066
ACTIVATION.json,/versions/GBDT_V6.1.3/by_kind/equation/funnel/eligible/regions,2371
ACTIVATION.json,/versions/GBDT_V6.1.3/by_kind/equation/funnel/eligible/unique_pages,324
ACTIVATION.json,/versions/GBDT_V6.1.3/by_kind/equation/funnel/eligible/page_denominator,1651
ACTIVATION.json,/versions/GBDT_V6.1.3/by_kind/equation/funnel/controller_evaluated/regions,2371
ACTIVATION.json,/versions/GBDT_V6.1.3/by_kind/equation/funnel/controller_evaluated/unique_pages,324
ACTIVATION.json,/versions/GBDT_V6.1.3/by_kind/equation/funnel/controller_evaluated/page_denominator,1651
ACTIVATION.json,/versions/GBDT_V6.1.3/by_kind/equation/funnel/nominal_scale_changed/regions,2371
ACTIVATION.json,/versions/GBDT_V6.1.3/by_kind/equation/funnel/nominal_scale_changed/unique_pages,324
ACTIVATION.json,/versions/GBDT_V6.1.3/by_kind/equation/funnel/nominal_scale_changed/page_denominator,1651
ACTIVATION.json,/versions/GBDT_V6.1.3/by_kind/equation/funnel/boundary_clipped/regions,0
ACTIVATION.json,/versions/GBDT_V6.1.3/by_kind/equation/funnel/boundary_clipped/unique_pages,0
ACTIVATION.json,/versions/GBDT_V6.1.3/by_kind/equation/funnel/boundary_clipped/page_denominator,1651
ACTIVATION.json,/versions/GBDT_V6.1.3/by_kind/equation/funnel/requested_dimensions_changed/regions,2242
ACTIVATION.json,/versions/GBDT_V6.1.3/by_kind/equation/funnel/requested_dimensions_changed/unique_pages,318
ACTIVATION.json,/versions/GBDT_V6.1.3/by_kind/equation/funnel/requested_dimensions_changed/page_denominator,1651
ACTIVATION.json,/versions/GBDT_V6.1.3/by_kind/equation/funnel/processor_input_changed/regions,2242
ACTIVATION.json,/versions/GBDT_V6.1.3/by_kind/equation/funnel/processor_input_changed/unique_pages,318
ACTIVATION.json,/versions/GBDT_V6.1.3/by_kind/equation/funnel/processor_input_changed/page_denominator,1651
ACTIVATION.json,/versions/GBDT_V6.1.3/by_kind/equation/funnel/processor_input_unchanged/regions,129
ACTIVATION.json,/versions/GBDT_V6.1.3/by_kind/equation/funnel/processor_input_unchanged/unique_pages,62
ACTIVATION.json,/versions/GBDT_V6.1.3/by_kind/equation/funnel/processor_input_unchanged/page_denominator,1651
ACTIVATION.json,/versions/GBDT_V6.1.3/by_kind/equation/funnel/processor_input_unknown/regions,0
ACTIVATION.json,/versions/GBDT_V6.1.3/by_kind/equation/funnel/processor_input_unknown/unique_pages,0
ACTIVATION.json,/versions/GBDT_V6.1.3/by_kind/equation/funnel/processor_input_unknown/page_denominator,1651
ACTIVATION.json,/versions/GBDT_V6.1.3/by_kind/equation/funnel/ocr_requested/regions,2371
ACTIVATION.json,/versions/GBDT_V6.1.3/by_kind/equation/funnel/ocr_requested/unique_pages,324
ACTIVATION.json,/versions/GBDT_V6.1.3/by_kind/equation/funnel/ocr_requested/page_denominator,1651
ACTIVATION.json,/versions/GBDT_V6.1.3/by_kind/equation/funnel/ocr_submitted/regions,2371
ACTIVATION.json,/versions/GBDT_V6.1.3/by_kind/equation/funnel/ocr_submitted/unique_pages,324
ACTIVATION.json,/versions/GBDT_V6.1.3/by_kind/equation/funnel/ocr_submitted/page_denominator,1651
ACTIVATION.json,/versions/GBDT_V6.1.3/by_kind/equation/funnel/ocr_physically_completed/regions,2371
ACTIVATION.json,/versions/GBDT_V6.1.3/by_kind/equation/funnel/ocr_physically_completed/unique_pages,324
ACTIVATION.json,/versions/GBDT_V6.1.3/by_kind/equation/funnel/ocr_physically_completed/page_denominator,1651
ACTIVATION.json,/versions/GBDT_V6.1.3/by_kind/equation/funnel/ocr_failed/regions,0
ACTIVATION.json,/versions/GBDT_V6.1.3/by_kind/equation/funnel/ocr_failed/unique_pages,0
ACTIVATION.json,/versions/GBDT_V6.1.3/by_kind/equation/funnel/ocr_failed/page_denominator,1651
ACTIVATION.json,/versions/GBDT_V6.1.3/by_kind/equation/funnel/ocr_submission_unknown/regions,0
ACTIVATION.json,/versions/GBDT_V6.1.3/by_kind/equation/funnel/ocr_submission_unknown/unique_pages,0
ACTIVATION.json,/versions/GBDT_V6.1.3/by_kind/equation/funnel/ocr_submission_unknown/page_denominator,1651
ACTIVATION.json,/versions/GBDT_V6.1.3/by_kind/equation/funnel/ocr_reused/regions,0
ACTIVATION.json,/versions/GBDT_V6.1.3/by_kind/equation/funnel/ocr_reused/unique_pages,0
ACTIVATION.json,/versions/GBDT_V6.1.3/by_kind/equation/funnel/ocr_reused/page_denominator,1651
ACTIVATION.json,/versions/GBDT_V6.1.3/by_kind/equation/funnel/actual_tensor_verified/regions,2371
ACTIVATION.json,/versions/GBDT_V6.1.3/by_kind/equation/funnel/actual_tensor_verified/unique_pages,324
ACTIVATION.json,/versions/GBDT_V6.1.3/by_kind/equation/funnel/actual_tensor_verified/page_denominator,1651
ACTIVATION.json,/versions/GBDT_V6.1.3/by_kind/equation/funnel/valid_reread/regions,2371
ACTIVATION.json,/versions/GBDT_V6.1.3/by_kind/equation/funnel/valid_reread/unique_pages,324
ACTIVATION.json,/versions/GBDT_V6.1.3/by_kind/equation/funnel/valid_reread/page_denominator,1651
ACTIVATION.json,/versions/GBDT_V6.1.3/by_kind/equation/funnel/candidate_canonical_changed/regions,340
ACTIVATION.json,/versions/GBDT_V6.1.3/by_kind/equation/funnel/candidate_canonical_changed/unique_pages,172
ACTIVATION.json,/versions/GBDT_V6.1.3/by_kind/equation/funnel/candidate_canonical_changed/page_denominator,1651
ACTIVATION.json,/versions/GBDT_V6.1.3/by_kind/equation/funnel/applied_canonical_edit/regions,338
ACTIVATION.json,/versions/GBDT_V6.1.3/by_kind/equation/funnel/applied_canonical_edit/unique_pages,171
ACTIVATION.json,/versions/GBDT_V6.1.3/by_kind/equation/funnel/applied_canonical_edit/page_denominator,1651
ACTIVATION.json,/versions/GBDT_V6.1.3/by_kind/equation/predict_api_calls,2371
ACTIVATION.json,/versions/GBDT_V6.1.3/by_kind/equation/predict_batches,2371
ACTIVATION.json,/versions/GBDT_V6.1.3/by_kind/equation/predicted_rows,2371
ACTIVATION.json,/versions/GBDT_V6.1.3/by_kind/equation/physical_completed_ocr_requests,2371
ACTIVATION.json,/versions/GBDT_V6.1.3/by_kind/equation/submitted_ocr_requests,2371
ACTIVATION.json,/versions/GBDT_V6.1.3/by_kind/equation/failed_ocr_attempts,0
ACTIVATION.json,/versions/GBDT_V6.1.3/by_kind/equation/reused_actions,0
ACTIVATION.json,/versions/GBDT_V6.1.3/by_kind/equation/checkpoint_sha256/0,"""780a6c62f8663bd0bd364f784f3339d884cf64beb6240ff385c8536d25098a3e"""
ACTIVATION.json,/versions/GBDT_V6.1.3/by_kind/equation/raw_log_scales/n,2371
ACTIVATION.json,/versions/GBDT_V6.1.3/by_kind/equation/raw_log_scales/min,-0.06674499581869983
ACTIVATION.json,/versions/GBDT_V6.1.3/by_kind/equation/raw_log_scales/p50,0.024464860534700726
ACTIVATION.json,/versions/GBDT_V6.1.3/by_kind/equation/raw_log_scales/p90,0.032972060930756476
ACTIVATION.json,/versions/GBDT_V6.1.3/by_kind/equation/raw_log_scales/p95,0.04309278129840272
ACTIVATION.json,/versions/GBDT_V6.1.3/by_kind/equation/raw_log_scales/max,0.06428579408259144
ACTIVATION.json,/versions/GBDT_V6.1.3/by_kind/equation/raw_log_scales/sum,25.721600537938485
ACTIVATION.json,/versions/GBDT_V6.1.3/by_kind/equation/bounded_scales/n,2371
ACTIVATION.json,/versions/GBDT_V6.1.3/by_kind/equation/bounded_scales/min,0.9354337104325652
ACTIVATION.json,/versions/GBDT_V6.1.3/by_kind/equation/bounded_scales/p50,1.0247665807248063
ACTIVATION.json,/versions/GBDT_V6.1.3/by_kind/equation/bounded_scales/p90,1.0335216632046096
ACTIVATION.json,/versions/GBDT_V6.1.3/by_kind/equation/bounded_scales/p95,1.0440347572573891
ACTIVATION.json,/versions/GBDT_V6.1.3/by_kind/equation/bounded_scales/max,1.0663971252029998
ACTIVATION.json,/versions/GBDT_V6.1.3/by_kind/equation/bounded_scales/sum,2397.857632632137
ACTIVATION.json,/versions/GBDT_V6.1.3/by_kind/equation/controller_seconds/n,2371
ACTIVATION.json,/versions/GBDT_V6.1.3/by_kind/equation/controller_seconds/min,0.00010677496902644634
ACTIVATION.json,/versions/GBDT_V6.1.3/by_kind/equation/controller_seconds/p50,0.0003210019785910845
ACTIVATION.json,/versions/GBDT_V6.1.3/by_kind/equation/controller_seconds/p90,0.00036028819158673286
ACTIVATION.json,/versions/GBDT_V6.1.3/by_kind/equation/controller_seconds/p95,0.00037350552156567574
ACTIVATION.json,/versions/GBDT_V6.1.3/by_kind/equation/controller_seconds/max,0.0008936109952628613
ACTIVATION.json,/versions/GBDT_V6.1.3/by_kind/equation/controller_seconds/sum,0.6364780543372035
ACTIVATION.json,/versions/GBDT_V6.1.3/by_kind/equation/resize_seconds/n,2371
ACTIVATION.json,/versions/GBDT_V6.1.3/by_kind/equation/resize_seconds/min,3.764801658689976e-05
ACTIVATION.json,/versions/GBDT_V6.1.3/by_kind/equation/resize_seconds/p50,0.003941248869523406
ACTIVATION.json,/versions/GBDT_V6.1.3/by_kind/equation/resize_seconds/p90,0.015304008964449167
ACTIVATION.json,/versions/GBDT_V6.1.3/by_kind/equation/resize_seconds/p95,0.021698970929719508
ACTIVATION.json,/versions/GBDT_V6.1.3/by_kind/equation/resize_seconds/max,0.09762287605553865
ACTIVATION.json,/versions/GBDT_V6.1.3/by_kind/equation/resize_seconds/sum,15.687724029412493
ACTIVATION.json,/versions/GBDT_V6.1.3/by_kind/equation/preview_seconds/n,2371
ACTIVATION.json,/versions/GBDT_V6.1.3/by_kind/equation/preview_seconds/min,0.0013258818071335554
ACTIVATION.json,/versions/GBDT_V6.1.3/by_kind/equation/preview_seconds/p50,0.011280702892690897
ACTIVATION.json,/versions/GBDT_V6.1.3/by_kind/equation/preview_seconds/p90,0.03217423218302429
ACTIVATION.json,/versions/GBDT_V6.1.3/by_kind/equation/preview_seconds/p95,0.03864205605350435
ACTIVATION.json,/versions/GBDT_V6.1.3/by_kind/equation/preview_seconds/max,0.3276764447800815
ACTIVATION.json,/versions/GBDT_V6.1.3/by_kind/equation/preview_seconds/sum,37.08006840036251
ACTIVATION.json,/versions/GBDT_V6.1.3/by_kind/equation/physical_ocr_seconds/n,2371
ACTIVATION.json,/versions/GBDT_V6.1.3/by_kind/equation/physical_ocr_seconds/min,0.055725882994011045
ACTIVATION.json,/versions/GBDT_V6.1.3/by_kind/equation/physical_ocr_seconds/p50,0.20371904107742012
ACTIVATION.json,/versions/GBDT_V6.1.3/by_kind/equation/physical_ocr_seconds/p90,0.49773305910639465
ACTIVATION.json,/versions/GBDT_V6.1.3/by_kind/equation/physical_ocr_seconds/p95,0.596668848535046
ACTIVATION.json,/versions/GBDT_V6.1.3/by_kind/equation/physical_ocr_seconds/max,1.8210983809549361
ACTIVATION.json,/versions/GBDT_V6.1.3/by_kind/equation/physical_ocr_seconds/sum,618.1620435661171
ACTIVATION.json,/versions/GBDT_V6.1.3/by_kind/equation/requested_width/n,2371
ACTIVATION.json,/versions/GBDT_V6.1.3/by_kind/equation/requested_width/min,27
ACTIVATION.json,/versions/GBDT_V6.1.3/by_kind/equation/requested_width/p50,823.0
ACTIVATION.json,/versions/GBDT_V6.1.3/by_kind/equation/requested_width/p90,1634.0
ACTIVATION.json,/versions/GBDT_V6.1.3/by_kind/equation/requested_width/p95,1805.0
ACTIVATION.json,/versions/GBDT_V6.1.3/by_kind/equation/requested_width/max,3213
ACTIVATION.json,/versions/GBDT_V6.1.3/by_kind/equation/requested_width/sum,2172940
ACTIVATION.json,/versions/GBDT_V6.1.3/by_kind/equation/requested_height/n,2371
ACTIVATION.json,/versions/GBDT_V6.1.3/by_kind/equation/requested_height/min,31
ACTIVATION.json,/versions/GBDT_V6.1.3/by_kind/equation/requested_height/p50,110.0
ACTIVATION.json,/versions/GBDT_V6.1.3/by_kind/equation/requested_height/p90,173.0
ACTIVATION.json,/versions/GBDT_V6.1.3/by_kind/equation/requested_height/p95,240.5
ACTIVATION.json,/versions/GBDT_V6.1.3/by_kind/equation/requested_height/max,1012
ACTIVATION.json,/versions/GBDT_V6.1.3/by_kind/equation/requested_height/sum,283046
ACTIVATION.json,/versions/GBDT_V6.1.3/by_kind/equation/prepared_width/n,2371
ACTIVATION.json,/versions/GBDT_V6.1.3/by_kind/equation/prepared_width/min,28
ACTIVATION.json,/versions/GBDT_V6.1.3/by_kind/equation/prepared_width/p50,823.0
ACTIVATION.json,/versions/GBDT_V6.1.3/by_kind/equation/prepared_width/p90,1634.0
ACTIVATION.json,/versions/GBDT_V6.1.3/by_kind/equation/prepared_width/p95,1805.0
ACTIVATION.json,/versions/GBDT_V6.1.3/by_kind/equation/prepared_width/max,3213
ACTIVATION.json,/versions/GBDT_V6.1.3/by_kind/equation/prepared_width/sum,2172941
ACTIVATION.json,/versions/GBDT_V6.1.3/by_kind/equation/prepared_height/n,2371
ACTIVATION.json,/versions/GBDT_V6.1.3/by_kind/equation/prepared_height/min,31
ACTIVATION.json,/versions/GBDT_V6.1.3/by_kind/equation/prepared_height/p50,110.0
ACTIVATION.json,/versions/GBDT_V6.1.3/by_kind/equation/prepared_height/p90,173.0
ACTIVATION.json,/versions/GBDT_V6.1.3/by_kind/equation/prepared_height/p95,240.5
ACTIVATION.json,/versions/GBDT_V6.1.3/by_kind/equation/prepared_height/max,1012
ACTIVATION.json,/versions/GBDT_V6.1.3/by_kind/equation/prepared_height/sum,283049
ACTIVATION.json,/versions/GBDT_V6.1.3/by_kind/equation/pixel_tensor_rows/n,2371
ACTIVATION.json,/versions/GBDT_V6.1.3/by_kind/equation/pixel_tensor_rows/min,16
ACTIVATION.json,/versions/GBDT_V6.1.3/by_kind/equation/pixel_tensor_rows/p50,408.0
ACTIVATION.json,/versions/GBDT_V6.1.3/by_kind/equation/pixel_tensor_rows/p90,1248.0
ACTIVATION.json,/versions/GBDT_V6.1.3/by_kind/equation/pixel_tensor_rows/p95,1680.0
ACTIVATION.json,/versions/GBDT_V6.1.3/by_kind/equation/pixel_tensor_rows/max,16560
ACTIVATION.json,/versions/GBDT_V6.1.3/by_kind/equation/pixel_tensor_rows/sum,1502200
ACTIVATION.json,/versions/GBDT_V6.1.3/by_kind/equation/grid_height/n,2371
ACTIVATION.json,/versions/GBDT_V6.1.3/by_kind/equation/grid_height/min,2
ACTIVATION.json,/versions/GBDT_V6.1.3/by_kind/equation/grid_height/p50,8.0
ACTIVATION.json,/versions/GBDT_V6.1.3/by_kind/equation/grid_height/p90,12.0
ACTIVATION.json,/versions/GBDT_V6.1.3/by_kind/equation/grid_height/p95,18.0
ACTIVATION.json,/versions/GBDT_V6.1.3/by_kind/equation/grid_height/max,72
ACTIVATION.json,/versions/GBDT_V6.1.3/by_kind/equation/grid_height/sum,20170
ACTIVATION.json,/versions/GBDT_V6.1.3/by_kind/equation/grid_width/n,2371
ACTIVATION.json,/versions/GBDT_V6.1.3/by_kind/equation/grid_width/min,4
ACTIVATION.json,/versions/GBDT_V6.1.3/by_kind/equation/grid_width/p50,58.0
ACTIVATION.json,/versions/GBDT_V6.1.3/by_kind/equation/grid_width/p90,116.0
ACTIVATION.json,/versions/GBDT_V6.1.3/by_kind/equation/grid_width/p95,128.0
ACTIVATION.json,/versions/GBDT_V6.1.3/by_kind/equation/grid_width/max,230
ACTIVATION.json,/versions/GBDT_V6.1.3/by_kind/equation/grid_width/sum,155184
ACTIVATION.json,/versions/GBDT_V6.1.3/by_kind/equation/rejections,{}
ACTIVATION.json,/versions/GBDT_V6.1.3/by_kind/equation/standalone_regional_seconds_estimate,695.7034380694386
ACTIVATION.json,/versions/GBDT_V6.1.3/combined_funnel/eligible/regions,3041
ACTIVATION.json,/versions/GBDT_V6.1.3/combined_funnel/eligible/unique_pages,757
ACTIVATION.json,/versions/GBDT_V6.1.3/combined_funnel/eligible/page_denominator,1651
ACTIVATION.json,/versions/GBDT_V6.1.3/combined_funnel/controller_evaluated/regions,3041
ACTIVATION.json,/versions/GBDT_V6.1.3/combined_funnel/controller_evaluated/unique_pages,757
ACTIVATION.json,/versions/GBDT_V6.1.3/combined_funnel/controller_evaluated/page_denominator,1651
ACTIVATION.json,/versions/GBDT_V6.1.3/combined_funnel/nominal_scale_changed/regions,3041
ACTIVATION.json,/versions/GBDT_V6.1.3/combined_funnel/nominal_scale_changed/unique_pages,757
ACTIVATION.json,/versions/GBDT_V6.1.3/combined_funnel/nominal_scale_changed/page_denominator,1651
ACTIVATION.json,/versions/GBDT_V6.1.3/combined_funnel/boundary_clipped/regions,0
ACTIVATION.json,/versions/GBDT_V6.1.3/combined_funnel/boundary_clipped/unique_pages,0
ACTIVATION.json,/versions/GBDT_V6.1.3/combined_funnel/boundary_clipped/page_denominator,1651
ACTIVATION.json,/versions/GBDT_V6.1.3/combined_funnel/requested_dimensions_changed/regions,2908
ACTIVATION.json,/versions/GBDT_V6.1.3/combined_funnel/requested_dimensions_changed/unique_pages,750
ACTIVATION.json,/versions/GBDT_V6.1.3/combined_funnel/requested_dimensions_changed/page_denominator,1651
ACTIVATION.json,/versions/GBDT_V6.1.3/combined_funnel/processor_input_changed/regions,2908
ACTIVATION.json,/versions/GBDT_V6.1.3/combined_funnel/processor_input_changed/unique_pages,750
ACTIVATION.json,/versions/GBDT_V6.1.3/combined_funnel/processor_input_changed/page_denominator,1651
ACTIVATION.json,/versions/GBDT_V6.1.3/combined_funnel/processor_input_unchanged/regions,133
ACTIVATION.json,/versions/GBDT_V6.1.3/combined_funnel/processor_input_unchanged/unique_pages,66
ACTIVATION.json,/versions/GBDT_V6.1.3/combined_funnel/processor_input_unchanged/page_denominator,1651
ACTIVATION.json,/versions/GBDT_V6.1.3/combined_funnel/processor_input_unknown/regions,0
ACTIVATION.json,/versions/GBDT_V6.1.3/combined_funnel/processor_input_unknown/unique_pages,0
ACTIVATION.json,/versions/GBDT_V6.1.3/combined_funnel/processor_input_unknown/page_denominator,1651
ACTIVATION.json,/versions/GBDT_V6.1.3/combined_funnel/ocr_requested/regions,3041
ACTIVATION.json,/versions/GBDT_V6.1.3/combined_funnel/ocr_requested/unique_pages,757
ACTIVATION.json,/versions/GBDT_V6.1.3/combined_funnel/ocr_requested/page_denominator,1651
ACTIVATION.json,/versions/GBDT_V6.1.3/combined_funnel/ocr_submitted/regions,3041
ACTIVATION.json,/versions/GBDT_V6.1.3/combined_funnel/ocr_submitted/unique_pages,757
ACTIVATION.json,/versions/GBDT_V6.1.3/combined_funnel/ocr_submitted/page_denominator,1651
ACTIVATION.json,/versions/GBDT_V6.1.3/combined_funnel/ocr_physically_completed/regions,3041
ACTIVATION.json,/versions/GBDT_V6.1.3/combined_funnel/ocr_physically_completed/unique_pages,757
ACTIVATION.json,/versions/GBDT_V6.1.3/combined_funnel/ocr_physically_completed/page_denominator,1651
ACTIVATION.json,/versions/GBDT_V6.1.3/combined_funnel/ocr_failed/regions,0
ACTIVATION.json,/versions/GBDT_V6.1.3/combined_funnel/ocr_failed/unique_pages,0
ACTIVATION.json,/versions/GBDT_V6.1.3/combined_funnel/ocr_failed/page_denominator,1651
ACTIVATION.json,/versions/GBDT_V6.1.3/combined_funnel/ocr_submission_unknown/regions,0
ACTIVATION.json,/versions/GBDT_V6.1.3/combined_funnel/ocr_submission_unknown/unique_pages,0
ACTIVATION.json,/versions/GBDT_V6.1.3/combined_funnel/ocr_submission_unknown/page_denominator,1651
ACTIVATION.json,/versions/GBDT_V6.1.3/combined_funnel/ocr_reused/regions,0
ACTIVATION.json,/versions/GBDT_V6.1.3/combined_funnel/ocr_reused/unique_pages,0
ACTIVATION.json,/versions/GBDT_V6.1.3/combined_funnel/ocr_reused/page_denominator,1651
ACTIVATION.json,/versions/GBDT_V6.1.3/combined_funnel/actual_tensor_verified/regions,3041
ACTIVATION.json,/versions/GBDT_V6.1.3/combined_funnel/actual_tensor_verified/unique_pages,757
ACTIVATION.json,/versions/GBDT_V6.1.3/combined_funnel/actual_tensor_verified/page_denominator,1651
ACTIVATION.json,/versions/GBDT_V6.1.3/combined_funnel/valid_reread/regions,3041
ACTIVATION.json,/versions/GBDT_V6.1.3/combined_funnel/valid_reread/unique_pages,757
ACTIVATION.json,/versions/GBDT_V6.1.3/combined_funnel/valid_reread/page_denominator,1651
ACTIVATION.json,/versions/GBDT_V6.1.3/combined_funnel/candidate_canonical_changed/regions,531
ACTIVATION.json,/versions/GBDT_V6.1.3/combined_funnel/candidate_canonical_changed/unique_pages,319
ACTIVATION.json,/versions/GBDT_V6.1.3/combined_funnel/candidate_canonical_changed/page_denominator,1651
ACTIVATION.json,/versions/GBDT_V6.1.3/combined_funnel/applied_canonical_edit/regions,529
ACTIVATION.json,/versions/GBDT_V6.1.3/combined_funnel/applied_canonical_edit/unique_pages,319
ACTIVATION.json,/versions/GBDT_V6.1.3/combined_funnel/applied_canonical_edit/page_denominator,1651
ACTIVATION.json,/versions/MLP_V6.2.1/denominator,1651
ACTIVATION.json,/versions/MLP_V6.2.1/raw_changed_pages,144
ACTIVATION.json,/versions/MLP_V6.2.1/canonical_changed_pages,144
ACTIVATION.json,/versions/MLP_V6.2.1/empty_predictions,0
ACTIVATION.json,/versions/MLP_V6.2.1/shared_track_failed_pages,0
ACTIVATION.json,/versions/MLP_V6.2.1/shared_page_latency_seconds/n,1651
ACTIVATION.json,/versions/MLP_V6.2.1/shared_page_latency_seconds/min,1.5759937139227986
ACTIVATION.json,/versions/MLP_V6.2.1/shared_page_latency_seconds/p50,6.3102012041490525
ACTIVATION.json,/versions/MLP_V6.2.1/shared_page_latency_seconds/p90,15.329478790983558
ACTIVATION.json,/versions/MLP_V6.2.1/shared_page_latency_seconds/p95,20.71723154897336
ACTIVATION.json,/versions/MLP_V6.2.1/shared_page_latency_seconds/max,77.48090363200754
ACTIVATION.json,/versions/MLP_V6.2.1/shared_page_latency_seconds/sum,14126.199222808937
ACTIVATION.json,/versions/MLP_V6.2.1/standalone_seconds_estimate,10980.670627471223
ACTIVATION.json,/versions/MLP_V6.2.1/by_kind/table/funnel/eligible/regions,670
ACTIVATION.json,/versions/MLP_V6.2.1/by_kind/table/funnel/eligible/unique_pages,462
ACTIVATION.json,/versions/MLP_V6.2.1/by_kind/table/funnel/eligible/page_denominator,1651
ACTIVATION.json,/versions/MLP_V6.2.1/by_kind/table/funnel/controller_evaluated/regions,670
ACTIVATION.json,/versions/MLP_V6.2.1/by_kind/table/funnel/controller_evaluated/unique_pages,462
ACTIVATION.json,/versions/MLP_V6.2.1/by_kind/table/funnel/controller_evaluated/page_denominator,1651
ACTIVATION.json,/versions/MLP_V6.2.1/by_kind/table/funnel/nominal_scale_changed/regions,670
ACTIVATION.json,/versions/MLP_V6.2.1/by_kind/table/funnel/nominal_scale_changed/unique_pages,462
ACTIVATION.json,/versions/MLP_V6.2.1/by_kind/table/funnel/nominal_scale_changed/page_denominator,1651
ACTIVATION.json,/versions/MLP_V6.2.1/by_kind/table/funnel/boundary_clipped/regions,0
ACTIVATION.json,/versions/MLP_V6.2.1/by_kind/table/funnel/boundary_clipped/unique_pages,0
ACTIVATION.json,/versions/MLP_V6.2.1/by_kind/table/funnel/boundary_clipped/page_denominator,1651
ACTIVATION.json,/versions/MLP_V6.2.1/by_kind/table/funnel/requested_dimensions_changed/regions,667
ACTIVATION.json,/versions/MLP_V6.2.1/by_kind/table/funnel/requested_dimensions_changed/unique_pages,462
ACTIVATION.json,/versions/MLP_V6.2.1/by_kind/table/funnel/requested_dimensions_changed/page_denominator,1651
ACTIVATION.json,/versions/MLP_V6.2.1/by_kind/table/funnel/processor_input_changed/regions,667
ACTIVATION.json,/versions/MLP_V6.2.1/by_kind/table/funnel/processor_input_changed/unique_pages,462
ACTIVATION.json,/versions/MLP_V6.2.1/by_kind/table/funnel/processor_input_changed/page_denominator,1651
ACTIVATION.json,/versions/MLP_V6.2.1/by_kind/table/funnel/processor_input_unchanged/regions,3
ACTIVATION.json,/versions/MLP_V6.2.1/by_kind/table/funnel/processor_input_unchanged/unique_pages,3
ACTIVATION.json,/versions/MLP_V6.2.1/by_kind/table/funnel/processor_input_unchanged/page_denominator,1651
ACTIVATION.json,/versions/MLP_V6.2.1/by_kind/table/funnel/processor_input_unknown/regions,0
ACTIVATION.json,/versions/MLP_V6.2.1/by_kind/table/funnel/processor_input_unknown/unique_pages,0
ACTIVATION.json,/versions/MLP_V6.2.1/by_kind/table/funnel/processor_input_unknown/page_denominator,1651
ACTIVATION.json,/versions/MLP_V6.2.1/by_kind/table/funnel/ocr_requested/regions,670
ACTIVATION.json,/versions/MLP_V6.2.1/by_kind/table/funnel/ocr_requested/unique_pages,462
ACTIVATION.json,/versions/MLP_V6.2.1/by_kind/table/funnel/ocr_requested/page_denominator,1651
ACTIVATION.json,/versions/MLP_V6.2.1/by_kind/table/funnel/ocr_submitted/regions,668
ACTIVATION.json,/versions/MLP_V6.2.1/by_kind/table/funnel/ocr_submitted/unique_pages,461
ACTIVATION.json,/versions/MLP_V6.2.1/by_kind/table/funnel/ocr_submitted/page_denominator,1651
ACTIVATION.json,/versions/MLP_V6.2.1/by_kind/table/funnel/ocr_physically_completed/regions,668
ACTIVATION.json,/versions/MLP_V6.2.1/by_kind/table/funnel/ocr_physically_completed/unique_pages,461
ACTIVATION.json,/versions/MLP_V6.2.1/by_kind/table/funnel/ocr_physically_completed/page_denominator,1651
ACTIVATION.json,/versions/MLP_V6.2.1/by_kind/table/funnel/ocr_failed/regions,0
ACTIVATION.json,/versions/MLP_V6.2.1/by_kind/table/funnel/ocr_failed/unique_pages,0
ACTIVATION.json,/versions/MLP_V6.2.1/by_kind/table/funnel/ocr_failed/page_denominator,1651
ACTIVATION.json,/versions/MLP_V6.2.1/by_kind/table/funnel/ocr_submission_unknown/regions,0
ACTIVATION.json,/versions/MLP_V6.2.1/by_kind/table/funnel/ocr_submission_unknown/unique_pages,0
ACTIVATION.json,/versions/MLP_V6.2.1/by_kind/table/funnel/ocr_submission_unknown/page_denominator,1651
ACTIVATION.json,/versions/MLP_V6.2.1/by_kind/table/funnel/ocr_reused/regions,2
ACTIVATION.json,/versions/MLP_V6.2.1/by_kind/table/funnel/ocr_reused/unique_pages,2
ACTIVATION.json,/versions/MLP_V6.2.1/by_kind/table/funnel/ocr_reused/page_denominator,1651
ACTIVATION.json,/versions/MLP_V6.2.1/by_kind/table/funnel/actual_tensor_verified/regions,670
ACTIVATION.json,/versions/MLP_V6.2.1/by_kind/table/funnel/actual_tensor_verified/unique_pages,462
ACTIVATION.json,/versions/MLP_V6.2.1/by_kind/table/funnel/actual_tensor_verified/page_denominator,1651
ACTIVATION.json,/versions/MLP_V6.2.1/by_kind/table/funnel/valid_reread/regions,670
ACTIVATION.json,/versions/MLP_V6.2.1/by_kind/table/funnel/valid_reread/unique_pages,462
ACTIVATION.json,/versions/MLP_V6.2.1/by_kind/table/funnel/valid_reread/page_denominator,1651
ACTIVATION.json,/versions/MLP_V6.2.1/by_kind/table/funnel/candidate_canonical_changed/regions,185
ACTIVATION.json,/versions/MLP_V6.2.1/by_kind/table/funnel/candidate_canonical_changed/unique_pages,144
ACTIVATION.json,/versions/MLP_V6.2.1/by_kind/table/funnel/candidate_canonical_changed/page_denominator,1651
ACTIVATION.json,/versions/MLP_V6.2.1/by_kind/table/funnel/applied_canonical_edit/regions,185
ACTIVATION.json,/versions/MLP_V6.2.1/by_kind/table/funnel/applied_canonical_edit/unique_pages,144
ACTIVATION.json,/versions/MLP_V6.2.1/by_kind/table/funnel/applied_canonical_edit/page_denominator,1651
ACTIVATION.json,/versions/MLP_V6.2.1/by_kind/table/predict_api_calls,670
ACTIVATION.json,/versions/MLP_V6.2.1/by_kind/table/predict_batches,670
ACTIVATION.json,/versions/MLP_V6.2.1/by_kind/table/predicted_rows,670
ACTIVATION.json,/versions/MLP_V6.2.1/by_kind/table/physical_completed_ocr_requests,668
ACTIVATION.json,/versions/MLP_V6.2.1/by_kind/table/submitted_ocr_requests,668
ACTIVATION.json,/versions/MLP_V6.2.1/by_kind/table/failed_ocr_attempts,0
ACTIVATION.json,/versions/MLP_V6.2.1/by_kind/table/reused_actions,2
ACTIVATION.json,/versions/MLP_V6.2.1/by_kind/table/checkpoint_sha256/0,"""03eaff848403509577b210ae7ca24e82cb97ebd7598af5439044dc63058432d4"""
ACTIVATION.json,/versions/MLP_V6.2.1/by_kind/table/raw_log_scales/n,670
ACTIVATION.json,/versions/MLP_V6.2.1/by_kind/table/raw_log_scales/min,-0.6676447488265325
ACTIVATION.json,/versions/MLP_V6.2.1/by_kind/table/raw_log_scales/p50,0.001020948833771464
ACTIVATION.json,/versions/MLP_V6.2.1/by_kind/table/raw_log_scales/p90,0.07751775265017033
ACTIVATION.json,/versions/MLP_V6.2.1/by_kind/table/raw_log_scales/p95,0.10376309193100744
ACTIVATION.json,/versions/MLP_V6.2.1/by_kind/table/raw_log_scales/max,0.318779260053142
ACTIVATION.json,/versions/MLP_V6.2.1/by_kind/table/raw_log_scales/sum,-9.307997158036516
ACTIVATION.json,/versions/MLP_V6.2.1/by_kind/table/bounded_scales/n,670
ACTIVATION.json,/versions/MLP_V6.2.1/by_kind/table/bounded_scales/min,0.5129152004067365
ACTIVATION.json,/versions/MLP_V6.2.1/by_kind/table/bounded_scales/p50,1.001021499309374
ACTIVATION.json,/versions/MLP_V6.2.1/by_kind/table/bounded_scales/p90,1.0806014483637258
ACTIVATION.json,/versions/MLP_V6.2.1/by_kind/table/bounded_scales/p95,1.1093399672981943
ACTIVATION.json,/versions/MLP_V6.2.1/by_kind/table/bounded_scales/max,1.3754476751467386
ACTIVATION.json,/versions/MLP_V6.2.1/by_kind/table/bounded_scales/sum,663.6188706068931
ACTIVATION.json,/versions/MLP_V6.2.1/by_kind/table/controller_seconds/n,670
ACTIVATION.json,/versions/MLP_V6.2.1/by_kind/table/controller_seconds/min,0.00023955595679581165
ACTIVATION.json,/versions/MLP_V6.2.1/by_kind/table/controller_seconds/p50,0.00036686949897557497
ACTIVATION.json,/versions/MLP_V6.2.1/by_kind/table/controller_seconds/p90,0.0007619655458256603
ACTIVATION.json,/versions/MLP_V6.2.1/by_kind/table/controller_seconds/p95,0.0008195447502657761
ACTIVATION.json,/versions/MLP_V6.2.1/by_kind/table/controller_seconds/max,0.0015099740121513605
ACTIVATION.json,/versions/MLP_V6.2.1/by_kind/table/controller_seconds/sum,0.31957557378336787
ACTIVATION.json,/versions/MLP_V6.2.1/by_kind/table/resize_seconds/n,670
ACTIVATION.json,/versions/MLP_V6.2.1/by_kind/table/resize_seconds/min,0.0001296699047088623
ACTIVATION.json,/versions/MLP_V6.2.1/by_kind/table/resize_seconds/p50,0.04178359603974968
ACTIVATION.json,/versions/MLP_V6.2.1/by_kind/table/resize_seconds/p90,0.12262595419306312
ACTIVATION.json,/versions/MLP_V6.2.1/by_kind/table/resize_seconds/p95,0.1570050035021267
ACTIVATION.json,/versions/MLP_V6.2.1/by_kind/table/resize_seconds/max,0.2809959528967738
ACTIVATION.json,/versions/MLP_V6.2.1/by_kind/table/resize_seconds/sum,36.63852853816934
ACTIVATION.json,/versions/MLP_V6.2.1/by_kind/table/preview_seconds/n,670
ACTIVATION.json,/versions/MLP_V6.2.1/by_kind/table/preview_seconds/min,0.0031751981005072594
ACTIVATION.json,/versions/MLP_V6.2.1/by_kind/table/preview_seconds/p50,0.08971664437558502
ACTIVATION.json,/versions/MLP_V6.2.1/by_kind/table/preview_seconds/p90,0.48474528114311405
ACTIVATION.json,/versions/MLP_V6.2.1/by_kind/table/preview_seconds/p95,0.6944147694041016
ACTIVATION.json,/versions/MLP_V6.2.1/by_kind/table/preview_seconds/max,1.3684975090436637
ACTIVATION.json,/versions/MLP_V6.2.1/by_kind/table/preview_seconds/sum,114.80195040162653
ACTIVATION.json,/versions/MLP_V6.2.1/by_kind/table/physical_ocr_seconds/n,670
ACTIVATION.json,/versions/MLP_V6.2.1/by_kind/table/physical_ocr_seconds/min,0.0
ACTIVATION.json,/versions/MLP_V6.2.1/by_kind/table/physical_ocr_seconds/p50,1.1972109820926562
ACTIVATION.json,/versions/MLP_V6.2.1/by_kind/table/physical_ocr_seconds/p90,5.270749386819082
ACTIVATION.json,/versions/MLP_V6.2.1/by_kind/table/physical_ocr_seconds/p95,8.7153654731228
ACTIVATION.json,/versions/MLP_V6.2.1/by_kind/table/physical_ocr_seconds/max,26.45815499406308
ACTIVATION.json,/versions/MLP_V6.2.1/by_kind/table/physical_ocr_seconds/sum,1534.61682398431
ACTIVATION.json,/versions/MLP_V6.2.1/by_kind/table/requested_width/n,670
ACTIVATION.json,/versions/MLP_V6.2.1/by_kind/table/requested_width/min,144
ACTIVATION.json,/versions/MLP_V6.2.1/by_kind/table/requested_width/p50,1838.5
ACTIVATION.json,/versions/MLP_V6.2.1/by_kind/table/requested_width/p90,2303.2
ACTIVATION.json,/versions/MLP_V6.2.1/by_kind/table/requested_width/p95,2464.0
ACTIVATION.json,/versions/MLP_V6.2.1/by_kind/table/requested_width/max,3850
ACTIVATION.json,/versions/MLP_V6.2.1/by_kind/table/requested_width/sum,1086924
ACTIVATION.json,/versions/MLP_V6.2.1/by_kind/table/requested_height/n,670
ACTIVATION.json,/versions/MLP_V6.2.1/by_kind/table/requested_height/min,15
ACTIVATION.json,/versions/MLP_V6.2.1/by_kind/table/requested_height/p50,639.5
ACTIVATION.json,/versions/MLP_V6.2.1/by_kind/table/requested_height/p90,2062.3
ACTIVATION.json,/versions/MLP_V6.2.1/by_kind/table/requested_height/p95,2608.899999999999
ACTIVATION.json,/versions/MLP_V6.2.1/by_kind/table/requested_height/max,3938
ACTIVATION.json,/versions/MLP_V6.2.1/by_kind/table/requested_height/sum,593968
ACTIVATION.json,/versions/MLP_V6.2.1/by_kind/table/prepared_width/n,670
ACTIVATION.json,/versions/MLP_V6.2.1/by_kind/table/prepared_width/min,144
ACTIVATION.json,/versions/MLP_V6.2.1/by_kind/table/prepared_width/p50,1838.5
ACTIVATION.json,/versions/MLP_V6.2.1/by_kind/table/prepared_width/p90,2303.2
ACTIVATION.json,/versions/MLP_V6.2.1/by_kind/table/prepared_width/p95,2464.0
ACTIVATION.json,/versions/MLP_V6.2.1/by_kind/table/prepared_width/max,3850
ACTIVATION.json,/versions/MLP_V6.2.1/by_kind/table/prepared_width/sum,1087407
ACTIVATION.json,/versions/MLP_V6.2.1/by_kind/table/prepared_height/n,670
ACTIVATION.json,/versions/MLP_V6.2.1/by_kind/table/prepared_height/min,28
ACTIVATION.json,/versions/MLP_V6.2.1/by_kind/table/prepared_height/p50,639.5
ACTIVATION.json,/versions/MLP_V6.2.1/by_kind/table/prepared_height/p90,2062.3
ACTIVATION.json,/versions/MLP_V6.2.1/by_kind/table/prepared_height/p95,2608.899999999999
ACTIVATION.json,/versions/MLP_V6.2.1/by_kind/table/prepared_height/max,3938
ACTIVATION.json,/versions/MLP_V6.2.1/by_kind/table/prepared_height/sum,594006
ACTIVATION.json,/versions/MLP_V6.2.1/by_kind/table/pixel_tensor_rows/n,670
ACTIVATION.json,/versions/MLP_V6.2.1/by_kind/table/pixel_tensor_rows/min,24
ACTIVATION.json,/versions/MLP_V6.2.1/by_kind/table/pixel_tensor_rows/p50,5450.0
ACTIVATION.json,/versions/MLP_V6.2.1/by_kind/table/pixel_tensor_rows/p90,22080.0
ACTIVATION.json,/versions/MLP_V6.2.1/by_kind/table/pixel_tensor_rows/p95,29508.79999999998
ACTIVATION.json,/versions/MLP_V6.2.1/by_kind/table/pixel_tensor_rows/max,59220
ACTIVATION.json,/versions/MLP_V6.2.1/by_kind/table/pixel_tensor_rows/sum,5729056
ACTIVATION.json,/versions/MLP_V6.2.1/by_kind/table/grid_height/n,670
ACTIVATION.json,/versions/MLP_V6.2.1/by_kind/table/grid_height/min,2
ACTIVATION.json,/versions/MLP_V6.2.1/by_kind/table/grid_height/p50,46.0
ACTIVATION.json,/versions/MLP_V6.2.1/by_kind/table/grid_height/p90,148.0
ACTIVATION.json,/versions/MLP_V6.2.1/by_kind/table/grid_height/p95,186.0
ACTIVATION.json,/versions/MLP_V6.2.1/by_kind/table/grid_height/max,282
ACTIVATION.json,/versions/MLP_V6.2.1/by_kind/table/grid_height/sum,42420
ACTIVATION.json,/versions/MLP_V6.2.1/by_kind/table/grid_width/n,670
ACTIVATION.json,/versions/MLP_V6.2.1/by_kind/table/grid_width/min,10
ACTIVATION.json,/versions/MLP_V6.2.1/by_kind/table/grid_width/p50,132.0
ACTIVATION.json,/versions/MLP_V6.2.1/by_kind/table/grid_width/p90,164.0
ACTIVATION.json,/versions/MLP_V6.2.1/by_kind/table/grid_width/p95,176.0
ACTIVATION.json,/versions/MLP_V6.2.1/by_kind/table/grid_width/max,276
ACTIVATION.json,/versions/MLP_V6.2.1/by_kind/table/grid_width/sum,77682
ACTIVATION.json,/versions/MLP_V6.2.1/by_kind/table/rejections,{}
ACTIVATION.json,/versions/MLP_V6.2.1/by_kind/table/standalone_regional_seconds_estimate,1798.0951957455836
ACTIVATION.json,/versions/MLP_V6.2.1/combined_funnel/eligible/regions,670
ACTIVATION.json,/versions/MLP_V6.2.1/combined_funnel/eligible/unique_pages,462
ACTIVATION.json,/versions/MLP_V6.2.1/combined_funnel/eligible/page_denominator,1651
ACTIVATION.json,/versions/MLP_V6.2.1/combined_funnel/controller_evaluated/regions,670
ACTIVATION.json,/versions/MLP_V6.2.1/combined_funnel/controller_evaluated/unique_pages,462
ACTIVATION.json,/versions/MLP_V6.2.1/combined_funnel/controller_evaluated/page_denominator,1651
ACTIVATION.json,/versions/MLP_V6.2.1/combined_funnel/nominal_scale_changed/regions,670
ACTIVATION.json,/versions/MLP_V6.2.1/combined_funnel/nominal_scale_changed/unique_pages,462
ACTIVATION.json,/versions/MLP_V6.2.1/combined_funnel/nominal_scale_changed/page_denominator,1651
ACTIVATION.json,/versions/MLP_V6.2.1/combined_funnel/boundary_clipped/regions,0
ACTIVATION.json,/versions/MLP_V6.2.1/combined_funnel/boundary_clipped/unique_pages,0
ACTIVATION.json,/versions/MLP_V6.2.1/combined_funnel/boundary_clipped/page_denominator,1651
ACTIVATION.json,/versions/MLP_V6.2.1/combined_funnel/requested_dimensions_changed/regions,667
ACTIVATION.json,/versions/MLP_V6.2.1/combined_funnel/requested_dimensions_changed/unique_pages,462
ACTIVATION.json,/versions/MLP_V6.2.1/combined_funnel/requested_dimensions_changed/page_denominator,1651
ACTIVATION.json,/versions/MLP_V6.2.1/combined_funnel/processor_input_changed/regions,667
ACTIVATION.json,/versions/MLP_V6.2.1/combined_funnel/processor_input_changed/unique_pages,462
ACTIVATION.json,/versions/MLP_V6.2.1/combined_funnel/processor_input_changed/page_denominator,1651
ACTIVATION.json,/versions/MLP_V6.2.1/combined_funnel/processor_input_unchanged/regions,3
ACTIVATION.json,/versions/MLP_V6.2.1/combined_funnel/processor_input_unchanged/unique_pages,3
ACTIVATION.json,/versions/MLP_V6.2.1/combined_funnel/processor_input_unchanged/page_denominator,1651
ACTIVATION.json,/versions/MLP_V6.2.1/combined_funnel/processor_input_unknown/regions,0
ACTIVATION.json,/versions/MLP_V6.2.1/combined_funnel/processor_input_unknown/unique_pages,0
ACTIVATION.json,/versions/MLP_V6.2.1/combined_funnel/processor_input_unknown/page_denominator,1651
ACTIVATION.json,/versions/MLP_V6.2.1/combined_funnel/ocr_requested/regions,670
ACTIVATION.json,/versions/MLP_V6.2.1/combined_funnel/ocr_requested/unique_pages,462
ACTIVATION.json,/versions/MLP_V6.2.1/combined_funnel/ocr_requested/page_denominator,1651
ACTIVATION.json,/versions/MLP_V6.2.1/combined_funnel/ocr_submitted/regions,668
ACTIVATION.json,/versions/MLP_V6.2.1/combined_funnel/ocr_submitted/unique_pages,461
ACTIVATION.json,/versions/MLP_V6.2.1/combined_funnel/ocr_submitted/page_denominator,1651
ACTIVATION.json,/versions/MLP_V6.2.1/combined_funnel/ocr_physically_completed/regions,668
ACTIVATION.json,/versions/MLP_V6.2.1/combined_funnel/ocr_physically_completed/unique_pages,461
ACTIVATION.json,/versions/MLP_V6.2.1/combined_funnel/ocr_physically_completed/page_denominator,1651
ACTIVATION.json,/versions/MLP_V6.2.1/combined_funnel/ocr_failed/regions,0
ACTIVATION.json,/versions/MLP_V6.2.1/combined_funnel/ocr_failed/unique_pages,0
ACTIVATION.json,/versions/MLP_V6.2.1/combined_funnel/ocr_failed/page_denominator,1651
ACTIVATION.json,/versions/MLP_V6.2.1/combined_funnel/ocr_submission_unknown/regions,0
ACTIVATION.json,/versions/MLP_V6.2.1/combined_funnel/ocr_submission_unknown/unique_pages,0
ACTIVATION.json,/versions/MLP_V6.2.1/combined_funnel/ocr_submission_unknown/page_denominator,1651
ACTIVATION.json,/versions/MLP_V6.2.1/combined_funnel/ocr_reused/regions,2
ACTIVATION.json,/versions/MLP_V6.2.1/combined_funnel/ocr_reused/unique_pages,2
ACTIVATION.json,/versions/MLP_V6.2.1/combined_funnel/ocr_reused/page_denominator,1651
ACTIVATION.json,/versions/MLP_V6.2.1/combined_funnel/actual_tensor_verified/regions,670
ACTIVATION.json,/versions/MLP_V6.2.1/combined_funnel/actual_tensor_verified/unique_pages,462
ACTIVATION.json,/versions/MLP_V6.2.1/combined_funnel/actual_tensor_verified/page_denominator,1651
ACTIVATION.json,/versions/MLP_V6.2.1/combined_funnel/valid_reread/regions,670
ACTIVATION.json,/versions/MLP_V6.2.1/combined_funnel/valid_reread/unique_pages,462
ACTIVATION.json,/versions/MLP_V6.2.1/combined_funnel/valid_reread/page_denominator,1651
ACTIVATION.json,/versions/MLP_V6.2.1/combined_funnel/candidate_canonical_changed/regions,185
ACTIVATION.json,/versions/MLP_V6.2.1/combined_funnel/candidate_canonical_changed/unique_pages,144
ACTIVATION.json,/versions/MLP_V6.2.1/combined_funnel/candidate_canonical_changed/page_denominator,1651
ACTIVATION.json,/versions/MLP_V6.2.1/combined_funnel/applied_canonical_edit/regions,185
ACTIVATION.json,/versions/MLP_V6.2.1/combined_funnel/applied_canonical_edit/unique_pages,144
ACTIVATION.json,/versions/MLP_V6.2.1/combined_funnel/applied_canonical_edit/page_denominator,1651
ACTIVATION.json,/versions/MLP_V6.2.2/denominator,1651
ACTIVATION.json,/versions/MLP_V6.2.2/raw_changed_pages,183
ACTIVATION.json,/versions/MLP_V6.2.2/canonical_changed_pages,183
ACTIVATION.json,/versions/MLP_V6.2.2/empty_predictions,0
ACTIVATION.json,/versions/MLP_V6.2.2/shared_track_failed_pages,0
ACTIVATION.json,/versions/MLP_V6.2.2/shared_page_latency_seconds/n,1651
ACTIVATION.json,/versions/MLP_V6.2.2/shared_page_latency_seconds/min,1.5759937139227986
ACTIVATION.json,/versions/MLP_V6.2.2/shared_page_latency_seconds/p50,6.3102012041490525
ACTIVATION.json,/versions/MLP_V6.2.2/shared_page_latency_seconds/p90,15.329478790983558
ACTIVATION.json,/versions/MLP_V6.2.2/shared_page_latency_seconds/p95,20.71723154897336
ACTIVATION.json,/versions/MLP_V6.2.2/shared_page_latency_seconds/max,77.48090363200754
ACTIVATION.json,/versions/MLP_V6.2.2/shared_page_latency_seconds/sum,14126.199222808937
ACTIVATION.json,/versions/MLP_V6.2.2/standalone_seconds_estimate,9881.888673462126
ACTIVATION.json,/versions/MLP_V6.2.2/by_kind/equation/funnel/eligible/regions,2371
ACTIVATION.json,/versions/MLP_V6.2.2/by_kind/equation/funnel/eligible/unique_pages,324
ACTIVATION.json,/versions/MLP_V6.2.2/by_kind/equation/funnel/eligible/page_denominator,1651
ACTIVATION.json,/versions/MLP_V6.2.2/by_kind/equation/funnel/controller_evaluated/regions,2371
ACTIVATION.json,/versions/MLP_V6.2.2/by_kind/equation/funnel/controller_evaluated/unique_pages,324
ACTIVATION.json,/versions/MLP_V6.2.2/by_kind/equation/funnel/controller_evaluated/page_denominator,1651
ACTIVATION.json,/versions/MLP_V6.2.2/by_kind/equation/funnel/nominal_scale_changed/regions,2371
ACTIVATION.json,/versions/MLP_V6.2.2/by_kind/equation/funnel/nominal_scale_changed/unique_pages,324
ACTIVATION.json,/versions/MLP_V6.2.2/by_kind/equation/funnel/nominal_scale_changed/page_denominator,1651
ACTIVATION.json,/versions/MLP_V6.2.2/by_kind/equation/funnel/boundary_clipped/regions,0
ACTIVATION.json,/versions/MLP_V6.2.2/by_kind/equation/funnel/boundary_clipped/unique_pages,0
ACTIVATION.json,/versions/MLP_V6.2.2/by_kind/equation/funnel/boundary_clipped/page_denominator,1651
ACTIVATION.json,/versions/MLP_V6.2.2/by_kind/equation/funnel/requested_dimensions_changed/regions,2343
ACTIVATION.json,/versions/MLP_V6.2.2/by_kind/equation/funnel/requested_dimensions_changed/unique_pages,323
ACTIVATION.json,/versions/MLP_V6.2.2/by_kind/equation/funnel/requested_dimensions_changed/page_denominator,1651
ACTIVATION.json,/versions/MLP_V6.2.2/by_kind/equation/funnel/processor_input_changed/regions,2343
ACTIVATION.json,/versions/MLP_V6.2.2/by_kind/equation/funnel/processor_input_changed/unique_pages,323
ACTIVATION.json,/versions/MLP_V6.2.2/by_kind/equation/funnel/processor_input_changed/page_denominator,1651
ACTIVATION.json,/versions/MLP_V6.2.2/by_kind/equation/funnel/processor_input_unchanged/regions,28
ACTIVATION.json,/versions/MLP_V6.2.2/by_kind/equation/funnel/processor_input_unchanged/unique_pages,24
ACTIVATION.json,/versions/MLP_V6.2.2/by_kind/equation/funnel/processor_input_unchanged/page_denominator,1651
ACTIVATION.json,/versions/MLP_V6.2.2/by_kind/equation/funnel/processor_input_unknown/regions,0
ACTIVATION.json,/versions/MLP_V6.2.2/by_kind/equation/funnel/processor_input_unknown/unique_pages,0
ACTIVATION.json,/versions/MLP_V6.2.2/by_kind/equation/funnel/processor_input_unknown/page_denominator,1651
ACTIVATION.json,/versions/MLP_V6.2.2/by_kind/equation/funnel/ocr_requested/regions,2371
ACTIVATION.json,/versions/MLP_V6.2.2/by_kind/equation/funnel/ocr_requested/unique_pages,324
ACTIVATION.json,/versions/MLP_V6.2.2/by_kind/equation/funnel/ocr_requested/page_denominator,1651
ACTIVATION.json,/versions/MLP_V6.2.2/by_kind/equation/funnel/ocr_submitted/regions,2358
ACTIVATION.json,/versions/MLP_V6.2.2/by_kind/equation/funnel/ocr_submitted/unique_pages,323
ACTIVATION.json,/versions/MLP_V6.2.2/by_kind/equation/funnel/ocr_submitted/page_denominator,1651
ACTIVATION.json,/versions/MLP_V6.2.2/by_kind/equation/funnel/ocr_physically_completed/regions,2358
ACTIVATION.json,/versions/MLP_V6.2.2/by_kind/equation/funnel/ocr_physically_completed/unique_pages,323
ACTIVATION.json,/versions/MLP_V6.2.2/by_kind/equation/funnel/ocr_physically_completed/page_denominator,1651
ACTIVATION.json,/versions/MLP_V6.2.2/by_kind/equation/funnel/ocr_failed/regions,0
ACTIVATION.json,/versions/MLP_V6.2.2/by_kind/equation/funnel/ocr_failed/unique_pages,0
ACTIVATION.json,/versions/MLP_V6.2.2/by_kind/equation/funnel/ocr_failed/page_denominator,1651
ACTIVATION.json,/versions/MLP_V6.2.2/by_kind/equation/funnel/ocr_submission_unknown/regions,0
ACTIVATION.json,/versions/MLP_V6.2.2/by_kind/equation/funnel/ocr_submission_unknown/unique_pages,0
ACTIVATION.json,/versions/MLP_V6.2.2/by_kind/equation/funnel/ocr_submission_unknown/page_denominator,1651
ACTIVATION.json,/versions/MLP_V6.2.2/by_kind/equation/funnel/ocr_reused/regions,13
ACTIVATION.json,/versions/MLP_V6.2.2/by_kind/equation/funnel/ocr_reused/unique_pages,12
ACTIVATION.json,/versions/MLP_V6.2.2/by_kind/equation/funnel/ocr_reused/page_denominator,1651
ACTIVATION.json,/versions/MLP_V6.2.2/by_kind/equation/funnel/actual_tensor_verified/regions,2371
ACTIVATION.json,/versions/MLP_V6.2.2/by_kind/equation/funnel/actual_tensor_verified/unique_pages,324
ACTIVATION.json,/versions/MLP_V6.2.2/by_kind/equation/funnel/actual_tensor_verified/page_denominator,1651
ACTIVATION.json,/versions/MLP_V6.2.2/by_kind/equation/funnel/valid_reread/regions,2371
ACTIVATION.json,/versions/MLP_V6.2.2/by_kind/equation/funnel/valid_reread/unique_pages,324
ACTIVATION.json,/versions/MLP_V6.2.2/by_kind/equation/funnel/valid_reread/page_denominator,1651
ACTIVATION.json,/versions/MLP_V6.2.2/by_kind/equation/funnel/candidate_canonical_changed/regions,370
ACTIVATION.json,/versions/MLP_V6.2.2/by_kind/equation/funnel/candidate_canonical_changed/unique_pages,183
ACTIVATION.json,/versions/MLP_V6.2.2/by_kind/equation/funnel/candidate_canonical_changed/page_denominator,1651
ACTIVATION.json,/versions/MLP_V6.2.2/by_kind/equation/funnel/applied_canonical_edit/regions,368
ACTIVATION.json,/versions/MLP_V6.2.2/by_kind/equation/funnel/applied_canonical_edit/unique_pages,183
ACTIVATION.json,/versions/MLP_V6.2.2/by_kind/equation/funnel/applied_canonical_edit/page_denominator,1651
ACTIVATION.json,/versions/MLP_V6.2.2/by_kind/equation/predict_api_calls,2371
ACTIVATION.json,/versions/MLP_V6.2.2/by_kind/equation/predict_batches,2371
ACTIVATION.json,/versions/MLP_V6.2.2/by_kind/equation/predicted_rows,2371
ACTIVATION.json,/versions/MLP_V6.2.2/by_kind/equation/physical_completed_ocr_requests,2358
ACTIVATION.json,/versions/MLP_V6.2.2/by_kind/equation/submitted_ocr_requests,2358
ACTIVATION.json,/versions/MLP_V6.2.2/by_kind/equation/failed_ocr_attempts,0
ACTIVATION.json,/versions/MLP_V6.2.2/by_kind/equation/reused_actions,13
ACTIVATION.json,/versions/MLP_V6.2.2/by_kind/equation/checkpoint_sha256/0,"""91f4900cafdaa9dd5cdcd3d51386aace375cc7b6937dc715a92b5f51e49dd038"""
ACTIVATION.json,/versions/MLP_V6.2.2/by_kind/equation/raw_log_scales/n,2371
ACTIVATION.json,/versions/MLP_V6.2.2/by_kind/equation/raw_log_scales/min,-0.3497748708234088
ACTIVATION.json,/versions/MLP_V6.2.2/by_kind/equation/raw_log_scales/p50,-0.020861722053758257
ACTIVATION.json,/versions/MLP_V6.2.2/by_kind/equation/raw_log_scales/p90,0.014109386012811163
ACTIVATION.json,/versions/MLP_V6.2.2/by_kind/equation/raw_log_scales/p95,0.026026823917628512
ACTIVATION.json,/versions/MLP_V6.2.2/by_kind/equation/raw_log_scales/max,0.19386028512915202
ACTIVATION.json,/versions/MLP_V6.2.2/by_kind/equation/raw_log_scales/sum,-72.3413594625071
ACTIVATION.json,/versions/MLP_V6.2.2/by_kind/equation/bounded_scales/n,2371
ACTIVATION.json,/versions/MLP_V6.2.2/by_kind/equation/bounded_scales/min,0.7048467534273504
ACTIVATION.json,/versions/MLP_V6.2.2/by_kind/equation/bounded_scales/p50,0.979354378318953
ACTIVATION.json,/versions/MLP_V6.2.2/by_kind/equation/bounded_scales/p90,1.0142093931927307
ACTIVATION.json,/versions/MLP_V6.2.2/by_kind/equation/bounded_scales/p95,1.0263684793734056
ACTIVATION.json,/versions/MLP_V6.2.2/by_kind/equation/bounded_scales/max,1.2139266675000395
ACTIVATION.json,/versions/MLP_V6.2.2/by_kind/equation/bounded_scales/sum,2302.584415419163
ACTIVATION.json,/versions/MLP_V6.2.2/by_kind/equation/controller_seconds/n,2371
ACTIVATION.json,/versions/MLP_V6.2.2/by_kind/equation/controller_seconds/min,0.0001835471484810114
ACTIVATION.json,/versions/MLP_V6.2.2/by_kind/equation/controller_seconds/p50,0.0006914928089827299
ACTIVATION.json,/versions/MLP_V6.2.2/by_kind/equation/controller_seconds/p90,0.0007501409854739904
ACTIVATION.json,/versions/MLP_V6.2.2/by_kind/equation/controller_seconds/p95,0.0007711544167250395
ACTIVATION.json,/versions/MLP_V6.2.2/by_kind/equation/controller_seconds/max,0.004749929066747427
ACTIVATION.json,/versions/MLP_V6.2.2/by_kind/equation/controller_seconds/sum,1.3089245001319796
ACTIVATION.json,/versions/MLP_V6.2.2/by_kind/equation/resize_seconds/n,2371
ACTIVATION.json,/versions/MLP_V6.2.2/by_kind/equation/resize_seconds/min,3.687012940645218e-05
ACTIVATION.json,/versions/MLP_V6.2.2/by_kind/equation/resize_seconds/p50,0.004604229005053639
ACTIVATION.json,/versions/MLP_V6.2.2/by_kind/equation/resize_seconds/p90,0.017608298920094967
ACTIVATION.json,/versions/MLP_V6.2.2/by_kind/equation/resize_seconds/p95,0.02241009345743805
ACTIVATION.json,/versions/MLP_V6.2.2/by_kind/equation/resize_seconds/max,0.09682849701493979
ACTIVATION.json,/versions/MLP_V6.2.2/by_kind/equation/resize_seconds/sum,18.063983671134338
ACTIVATION.json,/versions/MLP_V6.2.2/by_kind/equation/preview_seconds/n,2371
ACTIVATION.json,/versions/MLP_V6.2.2/by_kind/equation/preview_seconds/min,0.0015264221001416445
ACTIVATION.json,/versions/MLP_V6.2.2/by_kind/equation/preview_seconds/p50,0.011193956015631557
ACTIVATION.json,/versions/MLP_V6.2.2/by_kind/equation/preview_seconds/p90,0.030427379999309778
ACTIVATION.json,/versions/MLP_V6.2.2/by_kind/equation/preview_seconds/p95,0.035706792026758194
ACTIVATION.json,/versions/MLP_V6.2.2/by_kind/equation/preview_seconds/max,0.36619035992771387
ACTIVATION.json,/versions/MLP_V6.2.2/by_kind/equation/preview_seconds/sum,36.022659107809886
ACTIVATION.json,/versions/MLP_V6.2.2/by_kind/equation/physical_ocr_seconds/n,2371
ACTIVATION.json,/versions/MLP_V6.2.2/by_kind/equation/physical_ocr_seconds/min,0.0
ACTIVATION.json,/versions/MLP_V6.2.2/by_kind/equation/physical_ocr_seconds/p50,0.20125642279163003
ACTIVATION.json,/versions/MLP_V6.2.2/by_kind/equation/physical_ocr_seconds/p90,0.49347332189790905
ACTIVATION.json,/versions/MLP_V6.2.2/by_kind/equation/physical_ocr_seconds/p95,0.589612475479953
ACTIVATION.json,/versions/MLP_V6.2.2/by_kind/equation/physical_ocr_seconds/max,2.4009538991376758
ACTIVATION.json,/versions/MLP_V6.2.2/by_kind/equation/physical_ocr_seconds/sum,616.2903635038529
ACTIVATION.json,/versions/MLP_V6.2.2/by_kind/equation/requested_width/n,2371
ACTIVATION.json,/versions/MLP_V6.2.2/by_kind/equation/requested_width/min,26
ACTIVATION.json,/versions/MLP_V6.2.2/by_kind/equation/requested_width/p50,795.0
ACTIVATION.json,/versions/MLP_V6.2.2/by_kind/equation/requested_width/p90,1597.0
ACTIVATION.json,/versions/MLP_V6.2.2/by_kind/equation/requested_width/p95,1760.5
ACTIVATION.json,/versions/MLP_V6.2.2/by_kind/equation/requested_width/max,3303
ACTIVATION.json,/versions/MLP_V6.2.2/by_kind/equation/requested_width/sum,2102397
ACTIVATION.json,/versions/MLP_V6.2.2/by_kind/equation/requested_height/n,2371
ACTIVATION.json,/versions/MLP_V6.2.2/by_kind/equation/requested_height/min,30
ACTIVATION.json,/versions/MLP_V6.2.2/by_kind/equation/requested_height/p50,106.0
ACTIVATION.json,/versions/MLP_V6.2.2/by_kind/equation/requested_height/p90,166.0
ACTIVATION.json,/versions/MLP_V6.2.2/by_kind/equation/requested_height/p95,235.0
ACTIVATION.json,/versions/MLP_V6.2.2/by_kind/equation/requested_height/max,1040
ACTIVATION.json,/versions/MLP_V6.2.2/by_kind/equation/requested_height/sum,273542
ACTIVATION.json,/versions/MLP_V6.2.2/by_kind/equation/prepared_width/n,2371
ACTIVATION.json,/versions/MLP_V6.2.2/by_kind/equation/prepared_width/min,28
ACTIVATION.json,/versions/MLP_V6.2.2/by_kind/equation/prepared_width/p50,795.0
ACTIVATION.json,/versions/MLP_V6.2.2/by_kind/equation/prepared_width/p90,1597.0
ACTIVATION.json,/versions/MLP_V6.2.2/by_kind/equation/prepared_width/p95,1760.5
ACTIVATION.json,/versions/MLP_V6.2.2/by_kind/equation/prepared_width/max,3303
ACTIVATION.json,/versions/MLP_V6.2.2/by_kind/equation/prepared_width/sum,2102399
ACTIVATION.json,/versions/MLP_V6.2.2/by_kind/equation/prepared_height/n,2371
ACTIVATION.json,/versions/MLP_V6.2.2/by_kind/equation/prepared_height/min,30
ACTIVATION.json,/versions/MLP_V6.2.2/by_kind/equation/prepared_height/p50,106.0
ACTIVATION.json,/versions/MLP_V6.2.2/by_kind/equation/prepared_height/p90,166.0
ACTIVATION.json,/versions/MLP_V6.2.2/by_kind/equation/prepared_height/p95,235.0
ACTIVATION.json,/versions/MLP_V6.2.2/by_kind/equation/prepared_height/max,1040
ACTIVATION.json,/versions/MLP_V6.2.2/by_kind/equation/prepared_height/sum,273547
ACTIVATION.json,/versions/MLP_V6.2.2/by_kind/equation/pixel_tensor_rows/n,2371
ACTIVATION.json,/versions/MLP_V6.2.2/by_kind/equation/pixel_tensor_rows/min,16
ACTIVATION.json,/versions/MLP_V6.2.2/by_kind/equation/pixel_tensor_rows/p50,384.0
ACTIVATION.json,/versions/MLP_V6.2.2/by_kind/equation/pixel_tensor_rows/p90,1176.0
ACTIVATION.json,/versions/MLP_V6.2.2/by_kind/equation/pixel_tensor_rows/p95,1582.0
ACTIVATION.json,/versions/MLP_V6.2.2/by_kind/equation/pixel_tensor_rows/max,17464
ACTIVATION.json,/versions/MLP_V6.2.2/by_kind/equation/pixel_tensor_rows/sum,1425244
ACTIVATION.json,/versions/MLP_V6.2.2/by_kind/equation/grid_height/n,2371
ACTIVATION.json,/versions/MLP_V6.2.2/by_kind/equation/grid_height/min,2
ACTIVATION.json,/versions/MLP_V6.2.2/by_kind/equation/grid_height/p50,8.0
ACTIVATION.json,/versions/MLP_V6.2.2/by_kind/equation/grid_height/p90,12.0
ACTIVATION.json,/versions/MLP_V6.2.2/by_kind/equation/grid_height/p95,16.0
ACTIVATION.json,/versions/MLP_V6.2.2/by_kind/equation/grid_height/max,74
ACTIVATION.json,/versions/MLP_V6.2.2/by_kind/equation/grid_height/sum,19514
ACTIVATION.json,/versions/MLP_V6.2.2/by_kind/equation/grid_width/n,2371
ACTIVATION.json,/versions/MLP_V6.2.2/by_kind/equation/grid_width/min,4
ACTIVATION.json,/versions/MLP_V6.2.2/by_kind/equation/grid_width/p50,56.0
ACTIVATION.json,/versions/MLP_V6.2.2/by_kind/equation/grid_width/p90,114.0
ACTIVATION.json,/versions/MLP_V6.2.2/by_kind/equation/grid_width/p95,126.0
ACTIVATION.json,/versions/MLP_V6.2.2/by_kind/equation/grid_width/max,236
ACTIVATION.json,/versions/MLP_V6.2.2/by_kind/equation/grid_width/sum,150146
ACTIVATION.json,/versions/MLP_V6.2.2/by_kind/equation/rejections,{}
ACTIVATION.json,/versions/MLP_V6.2.2/by_kind/equation/standalone_regional_seconds_estimate,699.3132417364977
ACTIVATION.json,/versions/MLP_V6.2.2/combined_funnel/eligible/regions,2371
ACTIVATION.json,/versions/MLP_V6.2.2/combined_funnel/eligible/unique_pages,324
ACTIVATION.json,/versions/MLP_V6.2.2/combined_funnel/eligible/page_denominator,1651
ACTIVATION.json,/versions/MLP_V6.2.2/combined_funnel/controller_evaluated/regions,2371
ACTIVATION.json,/versions/MLP_V6.2.2/combined_funnel/controller_evaluated/unique_pages,324
ACTIVATION.json,/versions/MLP_V6.2.2/combined_funnel/controller_evaluated/page_denominator,1651
ACTIVATION.json,/versions/MLP_V6.2.2/combined_funnel/nominal_scale_changed/regions,2371
ACTIVATION.json,/versions/MLP_V6.2.2/combined_funnel/nominal_scale_changed/unique_pages,324
ACTIVATION.json,/versions/MLP_V6.2.2/combined_funnel/nominal_scale_changed/page_denominator,1651
ACTIVATION.json,/versions/MLP_V6.2.2/combined_funnel/boundary_clipped/regions,0
ACTIVATION.json,/versions/MLP_V6.2.2/combined_funnel/boundary_clipped/unique_pages,0
ACTIVATION.json,/versions/MLP_V6.2.2/combined_funnel/boundary_clipped/page_denominator,1651
ACTIVATION.json,/versions/MLP_V6.2.2/combined_funnel/requested_dimensions_changed/regions,2343
ACTIVATION.json,/versions/MLP_V6.2.2/combined_funnel/requested_dimensions_changed/unique_pages,323
ACTIVATION.json,/versions/MLP_V6.2.2/combined_funnel/requested_dimensions_changed/page_denominator,1651
ACTIVATION.json,/versions/MLP_V6.2.2/combined_funnel/processor_input_changed/regions,2343
ACTIVATION.json,/versions/MLP_V6.2.2/combined_funnel/processor_input_changed/unique_pages,323
ACTIVATION.json,/versions/MLP_V6.2.2/combined_funnel/processor_input_changed/page_denominator,1651
ACTIVATION.json,/versions/MLP_V6.2.2/combined_funnel/processor_input_unchanged/regions,28
ACTIVATION.json,/versions/MLP_V6.2.2/combined_funnel/processor_input_unchanged/unique_pages,24
ACTIVATION.json,/versions/MLP_V6.2.2/combined_funnel/processor_input_unchanged/page_denominator,1651
ACTIVATION.json,/versions/MLP_V6.2.2/combined_funnel/processor_input_unknown/regions,0
ACTIVATION.json,/versions/MLP_V6.2.2/combined_funnel/processor_input_unknown/unique_pages,0
ACTIVATION.json,/versions/MLP_V6.2.2/combined_funnel/processor_input_unknown/page_denominator,1651
ACTIVATION.json,/versions/MLP_V6.2.2/combined_funnel/ocr_requested/regions,2371
ACTIVATION.json,/versions/MLP_V6.2.2/combined_funnel/ocr_requested/unique_pages,324
ACTIVATION.json,/versions/MLP_V6.2.2/combined_funnel/ocr_requested/page_denominator,1651
ACTIVATION.json,/versions/MLP_V6.2.2/combined_funnel/ocr_submitted/regions,2358
ACTIVATION.json,/versions/MLP_V6.2.2/combined_funnel/ocr_submitted/unique_pages,323
ACTIVATION.json,/versions/MLP_V6.2.2/combined_funnel/ocr_submitted/page_denominator,1651
ACTIVATION.json,/versions/MLP_V6.2.2/combined_funnel/ocr_physically_completed/regions,2358
ACTIVATION.json,/versions/MLP_V6.2.2/combined_funnel/ocr_physically_completed/unique_pages,323
ACTIVATION.json,/versions/MLP_V6.2.2/combined_funnel/ocr_physically_completed/page_denominator,1651
ACTIVATION.json,/versions/MLP_V6.2.2/combined_funnel/ocr_failed/regions,0
ACTIVATION.json,/versions/MLP_V6.2.2/combined_funnel/ocr_failed/unique_pages,0
ACTIVATION.json,/versions/MLP_V6.2.2/combined_funnel/ocr_failed/page_denominator,1651
ACTIVATION.json,/versions/MLP_V6.2.2/combined_funnel/ocr_submission_unknown/regions,0
ACTIVATION.json,/versions/MLP_V6.2.2/combined_funnel/ocr_submission_unknown/unique_pages,0
ACTIVATION.json,/versions/MLP_V6.2.2/combined_funnel/ocr_submission_unknown/page_denominator,1651
ACTIVATION.json,/versions/MLP_V6.2.2/combined_funnel/ocr_reused/regions,13
ACTIVATION.json,/versions/MLP_V6.2.2/combined_funnel/ocr_reused/unique_pages,12
ACTIVATION.json,/versions/MLP_V6.2.2/combined_funnel/ocr_reused/page_denominator,1651
ACTIVATION.json,/versions/MLP_V6.2.2/combined_funnel/actual_tensor_verified/regions,2371
ACTIVATION.json,/versions/MLP_V6.2.2/combined_funnel/actual_tensor_verified/unique_pages,324
ACTIVATION.json,/versions/MLP_V6.2.2/combined_funnel/actual_tensor_verified/page_denominator,1651
ACTIVATION.json,/versions/MLP_V6.2.2/combined_funnel/valid_reread/regions,2371
ACTIVATION.json,/versions/MLP_V6.2.2/combined_funnel/valid_reread/unique_pages,324
ACTIVATION.json,/versions/MLP_V6.2.2/combined_funnel/valid_reread/page_denominator,1651
ACTIVATION.json,/versions/MLP_V6.2.2/combined_funnel/candidate_canonical_changed/regions,370
ACTIVATION.json,/versions/MLP_V6.2.2/combined_funnel/candidate_canonical_changed/unique_pages,183
ACTIVATION.json,/versions/MLP_V6.2.2/combined_funnel/candidate_canonical_changed/page_denominator,1651
ACTIVATION.json,/versions/MLP_V6.2.2/combined_funnel/applied_canonical_edit/regions,368
ACTIVATION.json,/versions/MLP_V6.2.2/combined_funnel/applied_canonical_edit/unique_pages,183
ACTIVATION.json,/versions/MLP_V6.2.2/combined_funnel/applied_canonical_edit/page_denominator,1651
ACTIVATION.json,/versions/MLP_V6.2.3/denominator,1651
ACTIVATION.json,/versions/MLP_V6.2.3/raw_changed_pages,327
ACTIVATION.json,/versions/MLP_V6.2.3/canonical_changed_pages,327
ACTIVATION.json,/versions/MLP_V6.2.3/empty_predictions,0
ACTIVATION.json,/versions/MLP_V6.2.3/shared_track_failed_pages,0
ACTIVATION.json,/versions/MLP_V6.2.3/shared_page_latency_seconds/n,1651
ACTIVATION.json,/versions/MLP_V6.2.3/shared_page_latency_seconds/min,1.5759937139227986
ACTIVATION.json,/versions/MLP_V6.2.3/shared_page_latency_seconds/p50,6.3102012041490525
ACTIVATION.json,/versions/MLP_V6.2.3/shared_page_latency_seconds/p90,15.329478790983558
ACTIVATION.json,/versions/MLP_V6.2.3/shared_page_latency_seconds/p95,20.71723154897336
ACTIVATION.json,/versions/MLP_V6.2.3/shared_page_latency_seconds/max,77.48090363200754
ACTIVATION.json,/versions/MLP_V6.2.3/shared_page_latency_seconds/sum,14126.199222808937
ACTIVATION.json,/versions/MLP_V6.2.3/standalone_seconds_estimate,11679.98386920772
ACTIVATION.json,/versions/MLP_V6.2.3/by_kind/table/funnel/eligible/regions,670
ACTIVATION.json,/versions/MLP_V6.2.3/by_kind/table/funnel/eligible/unique_pages,462
ACTIVATION.json,/versions/MLP_V6.2.3/by_kind/table/funnel/eligible/page_denominator,1651
ACTIVATION.json,/versions/MLP_V6.2.3/by_kind/table/funnel/controller_evaluated/regions,670
ACTIVATION.json,/versions/MLP_V6.2.3/by_kind/table/funnel/controller_evaluated/unique_pages,462
ACTIVATION.json,/versions/MLP_V6.2.3/by_kind/table/funnel/controller_evaluated/page_denominator,1651
ACTIVATION.json,/versions/MLP_V6.2.3/by_kind/table/funnel/nominal_scale_changed/regions,670
ACTIVATION.json,/versions/MLP_V6.2.3/by_kind/table/funnel/nominal_scale_changed/unique_pages,462
ACTIVATION.json,/versions/MLP_V6.2.3/by_kind/table/funnel/nominal_scale_changed/page_denominator,1651
ACTIVATION.json,/versions/MLP_V6.2.3/by_kind/table/funnel/boundary_clipped/regions,0
ACTIVATION.json,/versions/MLP_V6.2.3/by_kind/table/funnel/boundary_clipped/unique_pages,0
ACTIVATION.json,/versions/MLP_V6.2.3/by_kind/table/funnel/boundary_clipped/page_denominator,1651
ACTIVATION.json,/versions/MLP_V6.2.3/by_kind/table/funnel/requested_dimensions_changed/regions,667
ACTIVATION.json,/versions/MLP_V6.2.3/by_kind/table/funnel/requested_dimensions_changed/unique_pages,462
ACTIVATION.json,/versions/MLP_V6.2.3/by_kind/table/funnel/requested_dimensions_changed/page_denominator,1651
ACTIVATION.json,/versions/MLP_V6.2.3/by_kind/table/funnel/processor_input_changed/regions,667
ACTIVATION.json,/versions/MLP_V6.2.3/by_kind/table/funnel/processor_input_changed/unique_pages,462
ACTIVATION.json,/versions/MLP_V6.2.3/by_kind/table/funnel/processor_input_changed/page_denominator,1651
ACTIVATION.json,/versions/MLP_V6.2.3/by_kind/table/funnel/processor_input_unchanged/regions,3
ACTIVATION.json,/versions/MLP_V6.2.3/by_kind/table/funnel/processor_input_unchanged/unique_pages,3
ACTIVATION.json,/versions/MLP_V6.2.3/by_kind/table/funnel/processor_input_unchanged/page_denominator,1651
ACTIVATION.json,/versions/MLP_V6.2.3/by_kind/table/funnel/processor_input_unknown/regions,0
ACTIVATION.json,/versions/MLP_V6.2.3/by_kind/table/funnel/processor_input_unknown/unique_pages,0
ACTIVATION.json,/versions/MLP_V6.2.3/by_kind/table/funnel/processor_input_unknown/page_denominator,1651
ACTIVATION.json,/versions/MLP_V6.2.3/by_kind/table/funnel/ocr_requested/regions,670
ACTIVATION.json,/versions/MLP_V6.2.3/by_kind/table/funnel/ocr_requested/unique_pages,462
ACTIVATION.json,/versions/MLP_V6.2.3/by_kind/table/funnel/ocr_requested/page_denominator,1651
ACTIVATION.json,/versions/MLP_V6.2.3/by_kind/table/funnel/ocr_submitted/regions,668
ACTIVATION.json,/versions/MLP_V6.2.3/by_kind/table/funnel/ocr_submitted/unique_pages,461
ACTIVATION.json,/versions/MLP_V6.2.3/by_kind/table/funnel/ocr_submitted/page_denominator,1651
ACTIVATION.json,/versions/MLP_V6.2.3/by_kind/table/funnel/ocr_physically_completed/regions,668
ACTIVATION.json,/versions/MLP_V6.2.3/by_kind/table/funnel/ocr_physically_completed/unique_pages,461
ACTIVATION.json,/versions/MLP_V6.2.3/by_kind/table/funnel/ocr_physically_completed/page_denominator,1651
ACTIVATION.json,/versions/MLP_V6.2.3/by_kind/table/funnel/ocr_failed/regions,0
ACTIVATION.json,/versions/MLP_V6.2.3/by_kind/table/funnel/ocr_failed/unique_pages,0
ACTIVATION.json,/versions/MLP_V6.2.3/by_kind/table/funnel/ocr_failed/page_denominator,1651
ACTIVATION.json,/versions/MLP_V6.2.3/by_kind/table/funnel/ocr_submission_unknown/regions,0
ACTIVATION.json,/versions/MLP_V6.2.3/by_kind/table/funnel/ocr_submission_unknown/unique_pages,0
ACTIVATION.json,/versions/MLP_V6.2.3/by_kind/table/funnel/ocr_submission_unknown/page_denominator,1651
ACTIVATION.json,/versions/MLP_V6.2.3/by_kind/table/funnel/ocr_reused/regions,2
ACTIVATION.json,/versions/MLP_V6.2.3/by_kind/table/funnel/ocr_reused/unique_pages,2
ACTIVATION.json,/versions/MLP_V6.2.3/by_kind/table/funnel/ocr_reused/page_denominator,1651
ACTIVATION.json,/versions/MLP_V6.2.3/by_kind/table/funnel/actual_tensor_verified/regions,670
ACTIVATION.json,/versions/MLP_V6.2.3/by_kind/table/funnel/actual_tensor_verified/unique_pages,462
ACTIVATION.json,/versions/MLP_V6.2.3/by_kind/table/funnel/actual_tensor_verified/page_denominator,1651
ACTIVATION.json,/versions/MLP_V6.2.3/by_kind/table/funnel/valid_reread/regions,670
ACTIVATION.json,/versions/MLP_V6.2.3/by_kind/table/funnel/valid_reread/unique_pages,462
ACTIVATION.json,/versions/MLP_V6.2.3/by_kind/table/funnel/valid_reread/page_denominator,1651
ACTIVATION.json,/versions/MLP_V6.2.3/by_kind/table/funnel/candidate_canonical_changed/regions,185
ACTIVATION.json,/versions/MLP_V6.2.3/by_kind/table/funnel/candidate_canonical_changed/unique_pages,144
ACTIVATION.json,/versions/MLP_V6.2.3/by_kind/table/funnel/candidate_canonical_changed/page_denominator,1651
ACTIVATION.json,/versions/MLP_V6.2.3/by_kind/table/funnel/applied_canonical_edit/regions,185
ACTIVATION.json,/versions/MLP_V6.2.3/by_kind/table/funnel/applied_canonical_edit/unique_pages,144
ACTIVATION.json,/versions/MLP_V6.2.3/by_kind/table/funnel/applied_canonical_edit/page_denominator,1651
ACTIVATION.json,/versions/MLP_V6.2.3/by_kind/table/predict_api_calls,670
ACTIVATION.json,/versions/MLP_V6.2.3/by_kind/table/predict_batches,670
ACTIVATION.json,/versions/MLP_V6.2.3/by_kind/table/predicted_rows,670
ACTIVATION.json,/versions/MLP_V6.2.3/by_kind/table/physical_completed_ocr_requests,668
ACTIVATION.json,/versions/MLP_V6.2.3/by_kind/table/submitted_ocr_requests,668
ACTIVATION.json,/versions/MLP_V6.2.3/by_kind/table/failed_ocr_attempts,0
ACTIVATION.json,/versions/MLP_V6.2.3/by_kind/table/reused_actions,2
ACTIVATION.json,/versions/MLP_V6.2.3/by_kind/table/checkpoint_sha256/0,"""03eaff848403509577b210ae7ca24e82cb97ebd7598af5439044dc63058432d4"""
ACTIVATION.json,/versions/MLP_V6.2.3/by_kind/table/raw_log_scales/n,670
ACTIVATION.json,/versions/MLP_V6.2.3/by_kind/table/raw_log_scales/min,-0.6676447488265325
ACTIVATION.json,/versions/MLP_V6.2.3/by_kind/table/raw_log_scales/p50,0.001020948833771464
ACTIVATION.json,/versions/MLP_V6.2.3/by_kind/table/raw_log_scales/p90,0.07751775265017033
ACTIVATION.json,/versions/MLP_V6.2.3/by_kind/table/raw_log_scales/p95,0.10376309193100744
ACTIVATION.json,/versions/MLP_V6.2.3/by_kind/table/raw_log_scales/max,0.318779260053142
ACTIVATION.json,/versions/MLP_V6.2.3/by_kind/table/raw_log_scales/sum,-9.307997158036516
ACTIVATION.json,/versions/MLP_V6.2.3/by_kind/table/bounded_scales/n,670
ACTIVATION.json,/versions/MLP_V6.2.3/by_kind/table/bounded_scales/min,0.5129152004067365
ACTIVATION.json,/versions/MLP_V6.2.3/by_kind/table/bounded_scales/p50,1.001021499309374
ACTIVATION.json,/versions/MLP_V6.2.3/by_kind/table/bounded_scales/p90,1.0806014483637258
ACTIVATION.json,/versions/MLP_V6.2.3/by_kind/table/bounded_scales/p95,1.1093399672981943
ACTIVATION.json,/versions/MLP_V6.2.3/by_kind/table/bounded_scales/max,1.3754476751467386
ACTIVATION.json,/versions/MLP_V6.2.3/by_kind/table/bounded_scales/sum,663.6188706068931
ACTIVATION.json,/versions/MLP_V6.2.3/by_kind/table/controller_seconds/n,670
ACTIVATION.json,/versions/MLP_V6.2.3/by_kind/table/controller_seconds/min,0.00023955595679581165
ACTIVATION.json,/versions/MLP_V6.2.3/by_kind/table/controller_seconds/p50,0.00036686949897557497
ACTIVATION.json,/versions/MLP_V6.2.3/by_kind/table/controller_seconds/p90,0.0007619655458256603
ACTIVATION.json,/versions/MLP_V6.2.3/by_kind/table/controller_seconds/p95,0.0008195447502657761
ACTIVATION.json,/versions/MLP_V6.2.3/by_kind/table/controller_seconds/max,0.0015099740121513605
ACTIVATION.json,/versions/MLP_V6.2.3/by_kind/table/controller_seconds/sum,0.31957557378336787
ACTIVATION.json,/versions/MLP_V6.2.3/by_kind/table/resize_seconds/n,670
ACTIVATION.json,/versions/MLP_V6.2.3/by_kind/table/resize_seconds/min,0.0001296699047088623
ACTIVATION.json,/versions/MLP_V6.2.3/by_kind/table/resize_seconds/p50,0.04178359603974968
ACTIVATION.json,/versions/MLP_V6.2.3/by_kind/table/resize_seconds/p90,0.12262595419306312
ACTIVATION.json,/versions/MLP_V6.2.3/by_kind/table/resize_seconds/p95,0.1570050035021267
ACTIVATION.json,/versions/MLP_V6.2.3/by_kind/table/resize_seconds/max,0.2809959528967738
ACTIVATION.json,/versions/MLP_V6.2.3/by_kind/table/resize_seconds/sum,36.63852853816934
ACTIVATION.json,/versions/MLP_V6.2.3/by_kind/table/preview_seconds/n,670
ACTIVATION.json,/versions/MLP_V6.2.3/by_kind/table/preview_seconds/min,0.0031751981005072594
ACTIVATION.json,/versions/MLP_V6.2.3/by_kind/table/preview_seconds/p50,0.08971664437558502
ACTIVATION.json,/versions/MLP_V6.2.3/by_kind/table/preview_seconds/p90,0.48474528114311405
ACTIVATION.json,/versions/MLP_V6.2.3/by_kind/table/preview_seconds/p95,0.6944147694041016
ACTIVATION.json,/versions/MLP_V6.2.3/by_kind/table/preview_seconds/max,1.3684975090436637
ACTIVATION.json,/versions/MLP_V6.2.3/by_kind/table/preview_seconds/sum,114.80195040162653
ACTIVATION.json,/versions/MLP_V6.2.3/by_kind/table/physical_ocr_seconds/n,670
ACTIVATION.json,/versions/MLP_V6.2.3/by_kind/table/physical_ocr_seconds/min,0.0
ACTIVATION.json,/versions/MLP_V6.2.3/by_kind/table/physical_ocr_seconds/p50,1.1972109820926562
ACTIVATION.json,/versions/MLP_V6.2.3/by_kind/table/physical_ocr_seconds/p90,5.270749386819082
ACTIVATION.json,/versions/MLP_V6.2.3/by_kind/table/physical_ocr_seconds/p95,8.7153654731228
ACTIVATION.json,/versions/MLP_V6.2.3/by_kind/table/physical_ocr_seconds/max,26.45815499406308
ACTIVATION.json,/versions/MLP_V6.2.3/by_kind/table/physical_ocr_seconds/sum,1534.61682398431
ACTIVATION.json,/versions/MLP_V6.2.3/by_kind/table/requested_width/n,670
ACTIVATION.json,/versions/MLP_V6.2.3/by_kind/table/requested_width/min,144
ACTIVATION.json,/versions/MLP_V6.2.3/by_kind/table/requested_width/p50,1838.5
ACTIVATION.json,/versions/MLP_V6.2.3/by_kind/table/requested_width/p90,2303.2
ACTIVATION.json,/versions/MLP_V6.2.3/by_kind/table/requested_width/p95,2464.0
ACTIVATION.json,/versions/MLP_V6.2.3/by_kind/table/requested_width/max,3850
ACTIVATION.json,/versions/MLP_V6.2.3/by_kind/table/requested_width/sum,1086924
ACTIVATION.json,/versions/MLP_V6.2.3/by_kind/table/requested_height/n,670
ACTIVATION.json,/versions/MLP_V6.2.3/by_kind/table/requested_height/min,15
ACTIVATION.json,/versions/MLP_V6.2.3/by_kind/table/requested_height/p50,639.5
ACTIVATION.json,/versions/MLP_V6.2.3/by_kind/table/requested_height/p90,2062.3
ACTIVATION.json,/versions/MLP_V6.2.3/by_kind/table/requested_height/p95,2608.899999999999
ACTIVATION.json,/versions/MLP_V6.2.3/by_kind/table/requested_height/max,3938
ACTIVATION.json,/versions/MLP_V6.2.3/by_kind/table/requested_height/sum,593968
ACTIVATION.json,/versions/MLP_V6.2.3/by_kind/table/prepared_width/n,670
ACTIVATION.json,/versions/MLP_V6.2.3/by_kind/table/prepared_width/min,144
ACTIVATION.json,/versions/MLP_V6.2.3/by_kind/table/prepared_width/p50,1838.5
ACTIVATION.json,/versions/MLP_V6.2.3/by_kind/table/prepared_width/p90,2303.2
ACTIVATION.json,/versions/MLP_V6.2.3/by_kind/table/prepared_width/p95,2464.0
ACTIVATION.json,/versions/MLP_V6.2.3/by_kind/table/prepared_width/max,3850
ACTIVATION.json,/versions/MLP_V6.2.3/by_kind/table/prepared_width/sum,1087407
ACTIVATION.json,/versions/MLP_V6.2.3/by_kind/table/prepared_height/n,670
ACTIVATION.json,/versions/MLP_V6.2.3/by_kind/table/prepared_height/min,28
ACTIVATION.json,/versions/MLP_V6.2.3/by_kind/table/prepared_height/p50,639.5
ACTIVATION.json,/versions/MLP_V6.2.3/by_kind/table/prepared_height/p90,2062.3
ACTIVATION.json,/versions/MLP_V6.2.3/by_kind/table/prepared_height/p95,2608.899999999999
ACTIVATION.json,/versions/MLP_V6.2.3/by_kind/table/prepared_height/max,3938
ACTIVATION.json,/versions/MLP_V6.2.3/by_kind/table/prepared_height/sum,594006
ACTIVATION.json,/versions/MLP_V6.2.3/by_kind/table/pixel_tensor_rows/n,670
ACTIVATION.json,/versions/MLP_V6.2.3/by_kind/table/pixel_tensor_rows/min,24
ACTIVATION.json,/versions/MLP_V6.2.3/by_kind/table/pixel_tensor_rows/p50,5450.0
ACTIVATION.json,/versions/MLP_V6.2.3/by_kind/table/pixel_tensor_rows/p90,22080.0
ACTIVATION.json,/versions/MLP_V6.2.3/by_kind/table/pixel_tensor_rows/p95,29508.79999999998
ACTIVATION.json,/versions/MLP_V6.2.3/by_kind/table/pixel_tensor_rows/max,59220
ACTIVATION.json,/versions/MLP_V6.2.3/by_kind/table/pixel_tensor_rows/sum,5729056
ACTIVATION.json,/versions/MLP_V6.2.3/by_kind/table/grid_height/n,670
ACTIVATION.json,/versions/MLP_V6.2.3/by_kind/table/grid_height/min,2
ACTIVATION.json,/versions/MLP_V6.2.3/by_kind/table/grid_height/p50,46.0
ACTIVATION.json,/versions/MLP_V6.2.3/by_kind/table/grid_height/p90,148.0
ACTIVATION.json,/versions/MLP_V6.2.3/by_kind/table/grid_height/p95,186.0
ACTIVATION.json,/versions/MLP_V6.2.3/by_kind/table/grid_height/max,282
ACTIVATION.json,/versions/MLP_V6.2.3/by_kind/table/grid_height/sum,42420
ACTIVATION.json,/versions/MLP_V6.2.3/by_kind/table/grid_width/n,670
ACTIVATION.json,/versions/MLP_V6.2.3/by_kind/table/grid_width/min,10
ACTIVATION.json,/versions/MLP_V6.2.3/by_kind/table/grid_width/p50,132.0
ACTIVATION.json,/versions/MLP_V6.2.3/by_kind/table/grid_width/p90,164.0
ACTIVATION.json,/versions/MLP_V6.2.3/by_kind/table/grid_width/p95,176.0
ACTIVATION.json,/versions/MLP_V6.2.3/by_kind/table/grid_width/max,276
ACTIVATION.json,/versions/MLP_V6.2.3/by_kind/table/grid_width/sum,77682
ACTIVATION.json,/versions/MLP_V6.2.3/by_kind/table/rejections,{}
ACTIVATION.json,/versions/MLP_V6.2.3/by_kind/table/standalone_regional_seconds_estimate,1798.0951957455836
ACTIVATION.json,/versions/MLP_V6.2.3/by_kind/equation/funnel/eligible/regions,2371
ACTIVATION.json,/versions/MLP_V6.2.3/by_kind/equation/funnel/eligible/unique_pages,324
ACTIVATION.json,/versions/MLP_V6.2.3/by_kind/equation/funnel/eligible/page_denominator,1651
ACTIVATION.json,/versions/MLP_V6.2.3/by_kind/equation/funnel/controller_evaluated/regions,2371
ACTIVATION.json,/versions/MLP_V6.2.3/by_kind/equation/funnel/controller_evaluated/unique_pages,324
ACTIVATION.json,/versions/MLP_V6.2.3/by_kind/equation/funnel/controller_evaluated/page_denominator,1651
ACTIVATION.json,/versions/MLP_V6.2.3/by_kind/equation/funnel/nominal_scale_changed/regions,2371
ACTIVATION.json,/versions/MLP_V6.2.3/by_kind/equation/funnel/nominal_scale_changed/unique_pages,324
ACTIVATION.json,/versions/MLP_V6.2.3/by_kind/equation/funnel/nominal_scale_changed/page_denominator,1651
ACTIVATION.json,/versions/MLP_V6.2.3/by_kind/equation/funnel/boundary_clipped/regions,0
ACTIVATION.json,/versions/MLP_V6.2.3/by_kind/equation/funnel/boundary_clipped/unique_pages,0
ACTIVATION.json,/versions/MLP_V6.2.3/by_kind/equation/funnel/boundary_clipped/page_denominator,1651
ACTIVATION.json,/versions/MLP_V6.2.3/by_kind/equation/funnel/requested_dimensions_changed/regions,2343
ACTIVATION.json,/versions/MLP_V6.2.3/by_kind/equation/funnel/requested_dimensions_changed/unique_pages,323
ACTIVATION.json,/versions/MLP_V6.2.3/by_kind/equation/funnel/requested_dimensions_changed/page_denominator,1651
ACTIVATION.json,/versions/MLP_V6.2.3/by_kind/equation/funnel/processor_input_changed/regions,2343
ACTIVATION.json,/versions/MLP_V6.2.3/by_kind/equation/funnel/processor_input_changed/unique_pages,323
ACTIVATION.json,/versions/MLP_V6.2.3/by_kind/equation/funnel/processor_input_changed/page_denominator,1651
ACTIVATION.json,/versions/MLP_V6.2.3/by_kind/equation/funnel/processor_input_unchanged/regions,28
ACTIVATION.json,/versions/MLP_V6.2.3/by_kind/equation/funnel/processor_input_unchanged/unique_pages,24
ACTIVATION.json,/versions/MLP_V6.2.3/by_kind/equation/funnel/processor_input_unchanged/page_denominator,1651
ACTIVATION.json,/versions/MLP_V6.2.3/by_kind/equation/funnel/processor_input_unknown/regions,0
ACTIVATION.json,/versions/MLP_V6.2.3/by_kind/equation/funnel/processor_input_unknown/unique_pages,0
ACTIVATION.json,/versions/MLP_V6.2.3/by_kind/equation/funnel/processor_input_unknown/page_denominator,1651
ACTIVATION.json,/versions/MLP_V6.2.3/by_kind/equation/funnel/ocr_requested/regions,2371
ACTIVATION.json,/versions/MLP_V6.2.3/by_kind/equation/funnel/ocr_requested/unique_pages,324
ACTIVATION.json,/versions/MLP_V6.2.3/by_kind/equation/funnel/ocr_requested/page_denominator,1651
ACTIVATION.json,/versions/MLP_V6.2.3/by_kind/equation/funnel/ocr_submitted/regions,2358
ACTIVATION.json,/versions/MLP_V6.2.3/by_kind/equation/funnel/ocr_submitted/unique_pages,323
ACTIVATION.json,/versions/MLP_V6.2.3/by_kind/equation/funnel/ocr_submitted/page_denominator,1651
ACTIVATION.json,/versions/MLP_V6.2.3/by_kind/equation/funnel/ocr_physically_completed/regions,2358
ACTIVATION.json,/versions/MLP_V6.2.3/by_kind/equation/funnel/ocr_physically_completed/unique_pages,323
ACTIVATION.json,/versions/MLP_V6.2.3/by_kind/equation/funnel/ocr_physically_completed/page_denominator,1651
ACTIVATION.json,/versions/MLP_V6.2.3/by_kind/equation/funnel/ocr_failed/regions,0
ACTIVATION.json,/versions/MLP_V6.2.3/by_kind/equation/funnel/ocr_failed/unique_pages,0
ACTIVATION.json,/versions/MLP_V6.2.3/by_kind/equation/funnel/ocr_failed/page_denominator,1651
ACTIVATION.json,/versions/MLP_V6.2.3/by_kind/equation/funnel/ocr_submission_unknown/regions,0
ACTIVATION.json,/versions/MLP_V6.2.3/by_kind/equation/funnel/ocr_submission_unknown/unique_pages,0
ACTIVATION.json,/versions/MLP_V6.2.3/by_kind/equation/funnel/ocr_submission_unknown/page_denominator,1651
ACTIVATION.json,/versions/MLP_V6.2.3/by_kind/equation/funnel/ocr_reused/regions,13
ACTIVATION.json,/versions/MLP_V6.2.3/by_kind/equation/funnel/ocr_reused/unique_pages,12
ACTIVATION.json,/versions/MLP_V6.2.3/by_kind/equation/funnel/ocr_reused/page_denominator,1651
ACTIVATION.json,/versions/MLP_V6.2.3/by_kind/equation/funnel/actual_tensor_verified/regions,2371
ACTIVATION.json,/versions/MLP_V6.2.3/by_kind/equation/funnel/actual_tensor_verified/unique_pages,324
ACTIVATION.json,/versions/MLP_V6.2.3/by_kind/equation/funnel/actual_tensor_verified/page_denominator,1651
ACTIVATION.json,/versions/MLP_V6.2.3/by_kind/equation/funnel/valid_reread/regions,2371
ACTIVATION.json,/versions/MLP_V6.2.3/by_kind/equation/funnel/valid_reread/unique_pages,324
ACTIVATION.json,/versions/MLP_V6.2.3/by_kind/equation/funnel/valid_reread/page_denominator,1651
ACTIVATION.json,/versions/MLP_V6.2.3/by_kind/equation/funnel/candidate_canonical_changed/regions,370
ACTIVATION.json,/versions/MLP_V6.2.3/by_kind/equation/funnel/candidate_canonical_changed/unique_pages,183
ACTIVATION.json,/versions/MLP_V6.2.3/by_kind/equation/funnel/candidate_canonical_changed/page_denominator,1651
ACTIVATION.json,/versions/MLP_V6.2.3/by_kind/equation/funnel/applied_canonical_edit/regions,368
ACTIVATION.json,/versions/MLP_V6.2.3/by_kind/equation/funnel/applied_canonical_edit/unique_pages,183
ACTIVATION.json,/versions/MLP_V6.2.3/by_kind/equation/funnel/applied_canonical_edit/page_denominator,1651
ACTIVATION.json,/versions/MLP_V6.2.3/by_kind/equation/predict_api_calls,2371
ACTIVATION.json,/versions/MLP_V6.2.3/by_kind/equation/predict_batches,2371
ACTIVATION.json,/versions/MLP_V6.2.3/by_kind/equation/predicted_rows,2371
ACTIVATION.json,/versions/MLP_V6.2.3/by_kind/equation/physical_completed_ocr_requests,2358
ACTIVATION.json,/versions/MLP_V6.2.3/by_kind/equation/submitted_ocr_requests,2358
ACTIVATION.json,/versions/MLP_V6.2.3/by_kind/equation/failed_ocr_attempts,0
ACTIVATION.json,/versions/MLP_V6.2.3/by_kind/equation/reused_actions,13
ACTIVATION.json,/versions/MLP_V6.2.3/by_kind/equation/checkpoint_sha256/0,"""91f4900cafdaa9dd5cdcd3d51386aace375cc7b6937dc715a92b5f51e49dd038"""
ACTIVATION.json,/versions/MLP_V6.2.3/by_kind/equation/raw_log_scales/n,2371
ACTIVATION.json,/versions/MLP_V6.2.3/by_kind/equation/raw_log_scales/min,-0.3497748708234088
ACTIVATION.json,/versions/MLP_V6.2.3/by_kind/equation/raw_log_scales/p50,-0.020861722053758257
ACTIVATION.json,/versions/MLP_V6.2.3/by_kind/equation/raw_log_scales/p90,0.014109386012811163
ACTIVATION.json,/versions/MLP_V6.2.3/by_kind/equation/raw_log_scales/p95,0.026026823917628512
ACTIVATION.json,/versions/MLP_V6.2.3/by_kind/equation/raw_log_scales/max,0.19386028512915202
ACTIVATION.json,/versions/MLP_V6.2.3/by_kind/equation/raw_log_scales/sum,-72.3413594625071
ACTIVATION.json,/versions/MLP_V6.2.3/by_kind/equation/bounded_scales/n,2371
ACTIVATION.json,/versions/MLP_V6.2.3/by_kind/equation/bounded_scales/min,0.7048467534273504
ACTIVATION.json,/versions/MLP_V6.2.3/by_kind/equation/bounded_scales/p50,0.979354378318953
ACTIVATION.json,/versions/MLP_V6.2.3/by_kind/equation/bounded_scales/p90,1.0142093931927307
ACTIVATION.json,/versions/MLP_V6.2.3/by_kind/equation/bounded_scales/p95,1.0263684793734056
ACTIVATION.json,/versions/MLP_V6.2.3/by_kind/equation/bounded_scales/max,1.2139266675000395
ACTIVATION.json,/versions/MLP_V6.2.3/by_kind/equation/bounded_scales/sum,2302.584415419163
ACTIVATION.json,/versions/MLP_V6.2.3/by_kind/equation/controller_seconds/n,2371
ACTIVATION.json,/versions/MLP_V6.2.3/by_kind/equation/controller_seconds/min,0.0001835471484810114
ACTIVATION.json,/versions/MLP_V6.2.3/by_kind/equation/controller_seconds/p50,0.0006914928089827299
ACTIVATION.json,/versions/MLP_V6.2.3/by_kind/equation/controller_seconds/p90,0.0007501409854739904
ACTIVATION.json,/versions/MLP_V6.2.3/by_kind/equation/controller_seconds/p95,0.0007711544167250395
ACTIVATION.json,/versions/MLP_V6.2.3/by_kind/equation/controller_seconds/max,0.004749929066747427
ACTIVATION.json,/versions/MLP_V6.2.3/by_kind/equation/controller_seconds/sum,1.3089245001319796
ACTIVATION.json,/versions/MLP_V6.2.3/by_kind/equation/resize_seconds/n,2371
ACTIVATION.json,/versions/MLP_V6.2.3/by_kind/equation/resize_seconds/min,3.687012940645218e-05
ACTIVATION.json,/versions/MLP_V6.2.3/by_kind/equation/resize_seconds/p50,0.004604229005053639
ACTIVATION.json,/versions/MLP_V6.2.3/by_kind/equation/resize_seconds/p90,0.017608298920094967
ACTIVATION.json,/versions/MLP_V6.2.3/by_kind/equation/resize_seconds/p95,0.02241009345743805
ACTIVATION.json,/versions/MLP_V6.2.3/by_kind/equation/resize_seconds/max,0.09682849701493979
ACTIVATION.json,/versions/MLP_V6.2.3/by_kind/equation/resize_seconds/sum,18.063983671134338
ACTIVATION.json,/versions/MLP_V6.2.3/by_kind/equation/preview_seconds/n,2371
ACTIVATION.json,/versions/MLP_V6.2.3/by_kind/equation/preview_seconds/min,0.0015264221001416445
ACTIVATION.json,/versions/MLP_V6.2.3/by_kind/equation/preview_seconds/p50,0.011193956015631557
ACTIVATION.json,/versions/MLP_V6.2.3/by_kind/equation/preview_seconds/p90,0.030427379999309778
ACTIVATION.json,/versions/MLP_V6.2.3/by_kind/equation/preview_seconds/p95,0.035706792026758194
ACTIVATION.json,/versions/MLP_V6.2.3/by_kind/equation/preview_seconds/max,0.36619035992771387
ACTIVATION.json,/versions/MLP_V6.2.3/by_kind/equation/preview_seconds/sum,36.022659107809886
ACTIVATION.json,/versions/MLP_V6.2.3/by_kind/equation/physical_ocr_seconds/n,2371
ACTIVATION.json,/versions/MLP_V6.2.3/by_kind/equation/physical_ocr_seconds/min,0.0
ACTIVATION.json,/versions/MLP_V6.2.3/by_kind/equation/physical_ocr_seconds/p50,0.20125642279163003
ACTIVATION.json,/versions/MLP_V6.2.3/by_kind/equation/physical_ocr_seconds/p90,0.49347332189790905
ACTIVATION.json,/versions/MLP_V6.2.3/by_kind/equation/physical_ocr_seconds/p95,0.589612475479953
ACTIVATION.json,/versions/MLP_V6.2.3/by_kind/equation/physical_ocr_seconds/max,2.4009538991376758
ACTIVATION.json,/versions/MLP_V6.2.3/by_kind/equation/physical_ocr_seconds/sum,616.2903635038529
ACTIVATION.json,/versions/MLP_V6.2.3/by_kind/equation/requested_width/n,2371
ACTIVATION.json,/versions/MLP_V6.2.3/by_kind/equation/requested_width/min,26
ACTIVATION.json,/versions/MLP_V6.2.3/by_kind/equation/requested_width/p50,795.0
ACTIVATION.json,/versions/MLP_V6.2.3/by_kind/equation/requested_width/p90,1597.0
ACTIVATION.json,/versions/MLP_V6.2.3/by_kind/equation/requested_width/p95,1760.5
ACTIVATION.json,/versions/MLP_V6.2.3/by_kind/equation/requested_width/max,3303
ACTIVATION.json,/versions/MLP_V6.2.3/by_kind/equation/requested_width/sum,2102397
ACTIVATION.json,/versions/MLP_V6.2.3/by_kind/equation/requested_height/n,2371
ACTIVATION.json,/versions/MLP_V6.2.3/by_kind/equation/requested_height/min,30
ACTIVATION.json,/versions/MLP_V6.2.3/by_kind/equation/requested_height/p50,106.0
ACTIVATION.json,/versions/MLP_V6.2.3/by_kind/equation/requested_height/p90,166.0
ACTIVATION.json,/versions/MLP_V6.2.3/by_kind/equation/requested_height/p95,235.0
ACTIVATION.json,/versions/MLP_V6.2.3/by_kind/equation/requested_height/max,1040
ACTIVATION.json,/versions/MLP_V6.2.3/by_kind/equation/requested_height/sum,273542
ACTIVATION.json,/versions/MLP_V6.2.3/by_kind/equation/prepared_width/n,2371
ACTIVATION.json,/versions/MLP_V6.2.3/by_kind/equation/prepared_width/min,28
ACTIVATION.json,/versions/MLP_V6.2.3/by_kind/equation/prepared_width/p50,795.0
ACTIVATION.json,/versions/MLP_V6.2.3/by_kind/equation/prepared_width/p90,1597.0
ACTIVATION.json,/versions/MLP_V6.2.3/by_kind/equation/prepared_width/p95,1760.5
ACTIVATION.json,/versions/MLP_V6.2.3/by_kind/equation/prepared_width/max,3303
ACTIVATION.json,/versions/MLP_V6.2.3/by_kind/equation/prepared_width/sum,2102399
ACTIVATION.json,/versions/MLP_V6.2.3/by_kind/equation/prepared_height/n,2371
ACTIVATION.json,/versions/MLP_V6.2.3/by_kind/equation/prepared_height/min,30
ACTIVATION.json,/versions/MLP_V6.2.3/by_kind/equation/prepared_height/p50,106.0
ACTIVATION.json,/versions/MLP_V6.2.3/by_kind/equation/prepared_height/p90,166.0
ACTIVATION.json,/versions/MLP_V6.2.3/by_kind/equation/prepared_height/p95,235.0
ACTIVATION.json,/versions/MLP_V6.2.3/by_kind/equation/prepared_height/max,1040
ACTIVATION.json,/versions/MLP_V6.2.3/by_kind/equation/prepared_height/sum,273547
ACTIVATION.json,/versions/MLP_V6.2.3/by_kind/equation/pixel_tensor_rows/n,2371
ACTIVATION.json,/versions/MLP_V6.2.3/by_kind/equation/pixel_tensor_rows/min,16
ACTIVATION.json,/versions/MLP_V6.2.3/by_kind/equation/pixel_tensor_rows/p50,384.0
ACTIVATION.json,/versions/MLP_V6.2.3/by_kind/equation/pixel_tensor_rows/p90,1176.0
ACTIVATION.json,/versions/MLP_V6.2.3/by_kind/equation/pixel_tensor_rows/p95,1582.0
ACTIVATION.json,/versions/MLP_V6.2.3/by_kind/equation/pixel_tensor_rows/max,17464
ACTIVATION.json,/versions/MLP_V6.2.3/by_kind/equation/pixel_tensor_rows/sum,1425244
ACTIVATION.json,/versions/MLP_V6.2.3/by_kind/equation/grid_height/n,2371
ACTIVATION.json,/versions/MLP_V6.2.3/by_kind/equation/grid_height/min,2
ACTIVATION.json,/versions/MLP_V6.2.3/by_kind/equation/grid_height/p50,8.0
ACTIVATION.json,/versions/MLP_V6.2.3/by_kind/equation/grid_height/p90,12.0
ACTIVATION.json,/versions/MLP_V6.2.3/by_kind/equation/grid_height/p95,16.0
ACTIVATION.json,/versions/MLP_V6.2.3/by_kind/equation/grid_height/max,74
ACTIVATION.json,/versions/MLP_V6.2.3/by_kind/equation/grid_height/sum,19514
ACTIVATION.json,/versions/MLP_V6.2.3/by_kind/equation/grid_width/n,2371
ACTIVATION.json,/versions/MLP_V6.2.3/by_kind/equation/grid_width/min,4
ACTIVATION.json,/versions/MLP_V6.2.3/by_kind/equation/grid_width/p50,56.0
ACTIVATION.json,/versions/MLP_V6.2.3/by_kind/equation/grid_width/p90,114.0
ACTIVATION.json,/versions/MLP_V6.2.3/by_kind/equation/grid_width/p95,126.0
ACTIVATION.json,/versions/MLP_V6.2.3/by_kind/equation/grid_width/max,236
ACTIVATION.json,/versions/MLP_V6.2.3/by_kind/equation/grid_width/sum,150146
ACTIVATION.json,/versions/MLP_V6.2.3/by_kind/equation/rejections,{}
ACTIVATION.json,/versions/MLP_V6.2.3/by_kind/equation/standalone_regional_seconds_estimate,699.3132417364977
ACTIVATION.json,/versions/MLP_V6.2.3/combined_funnel/eligible/regions,3041
ACTIVATION.json,/versions/MLP_V6.2.3/combined_funnel/eligible/unique_pages,757
ACTIVATION.json,/versions/MLP_V6.2.3/combined_funnel/eligible/page_denominator,1651
ACTIVATION.json,/versions/MLP_V6.2.3/combined_funnel/controller_evaluated/regions,3041
ACTIVATION.json,/versions/MLP_V6.2.3/combined_funnel/controller_evaluated/unique_pages,757
ACTIVATION.json,/versions/MLP_V6.2.3/combined_funnel/controller_evaluated/page_denominator,1651
ACTIVATION.json,/versions/MLP_V6.2.3/combined_funnel/nominal_scale_changed/regions,3041
ACTIVATION.json,/versions/MLP_V6.2.3/combined_funnel/nominal_scale_changed/unique_pages,757
ACTIVATION.json,/versions/MLP_V6.2.3/combined_funnel/nominal_scale_changed/page_denominator,1651
ACTIVATION.json,/versions/MLP_V6.2.3/combined_funnel/boundary_clipped/regions,0
ACTIVATION.json,/versions/MLP_V6.2.3/combined_funnel/boundary_clipped/unique_pages,0
ACTIVATION.json,/versions/MLP_V6.2.3/combined_funnel/boundary_clipped/page_denominator,1651
ACTIVATION.json,/versions/MLP_V6.2.3/combined_funnel/requested_dimensions_changed/regions,3010
ACTIVATION.json,/versions/MLP_V6.2.3/combined_funnel/requested_dimensions_changed/unique_pages,757
ACTIVATION.json,/versions/MLP_V6.2.3/combined_funnel/requested_dimensions_changed/page_denominator,1651
ACTIVATION.json,/versions/MLP_V6.2.3/combined_funnel/processor_input_changed/regions,3010
ACTIVATION.json,/versions/MLP_V6.2.3/combined_funnel/processor_input_changed/unique_pages,757
ACTIVATION.json,/versions/MLP_V6.2.3/combined_funnel/processor_input_changed/page_denominator,1651
ACTIVATION.json,/versions/MLP_V6.2.3/combined_funnel/processor_input_unchanged/regions,31
ACTIVATION.json,/versions/MLP_V6.2.3/combined_funnel/processor_input_unchanged/unique_pages,27
ACTIVATION.json,/versions/MLP_V6.2.3/combined_funnel/processor_input_unchanged/page_denominator,1651
ACTIVATION.json,/versions/MLP_V6.2.3/combined_funnel/processor_input_unknown/regions,0
ACTIVATION.json,/versions/MLP_V6.2.3/combined_funnel/processor_input_unknown/unique_pages,0
ACTIVATION.json,/versions/MLP_V6.2.3/combined_funnel/processor_input_unknown/page_denominator,1651
ACTIVATION.json,/versions/MLP_V6.2.3/combined_funnel/ocr_requested/regions,3041
ACTIVATION.json,/versions/MLP_V6.2.3/combined_funnel/ocr_requested/unique_pages,757
ACTIVATION.json,/versions/MLP_V6.2.3/combined_funnel/ocr_requested/page_denominator,1651
ACTIVATION.json,/versions/MLP_V6.2.3/combined_funnel/ocr_submitted/regions,3026
ACTIVATION.json,/versions/MLP_V6.2.3/combined_funnel/ocr_submitted/unique_pages,756
ACTIVATION.json,/versions/MLP_V6.2.3/combined_funnel/ocr_submitted/page_denominator,1651
ACTIVATION.json,/versions/MLP_V6.2.3/combined_funnel/ocr_physically_completed/regions,3026
ACTIVATION.json,/versions/MLP_V6.2.3/combined_funnel/ocr_physically_completed/unique_pages,756
ACTIVATION.json,/versions/MLP_V6.2.3/combined_funnel/ocr_physically_completed/page_denominator,1651
ACTIVATION.json,/versions/MLP_V6.2.3/combined_funnel/ocr_failed/regions,0
ACTIVATION.json,/versions/MLP_V6.2.3/combined_funnel/ocr_failed/unique_pages,0
ACTIVATION.json,/versions/MLP_V6.2.3/combined_funnel/ocr_failed/page_denominator,1651
ACTIVATION.json,/versions/MLP_V6.2.3/combined_funnel/ocr_submission_unknown/regions,0
ACTIVATION.json,/versions/MLP_V6.2.3/combined_funnel/ocr_submission_unknown/unique_pages,0
ACTIVATION.json,/versions/MLP_V6.2.3/combined_funnel/ocr_submission_unknown/page_denominator,1651
ACTIVATION.json,/versions/MLP_V6.2.3/combined_funnel/ocr_reused/regions,15
ACTIVATION.json,/versions/MLP_V6.2.3/combined_funnel/ocr_reused/unique_pages,14
ACTIVATION.json,/versions/MLP_V6.2.3/combined_funnel/ocr_reused/page_denominator,1651
ACTIVATION.json,/versions/MLP_V6.2.3/combined_funnel/actual_tensor_verified/regions,3041
ACTIVATION.json,/versions/MLP_V6.2.3/combined_funnel/actual_tensor_verified/unique_pages,757
ACTIVATION.json,/versions/MLP_V6.2.3/combined_funnel/actual_tensor_verified/page_denominator,1651
ACTIVATION.json,/versions/MLP_V6.2.3/combined_funnel/valid_reread/regions,3041
ACTIVATION.json,/versions/MLP_V6.2.3/combined_funnel/valid_reread/unique_pages,757
ACTIVATION.json,/versions/MLP_V6.2.3/combined_funnel/valid_reread/page_denominator,1651
ACTIVATION.json,/versions/MLP_V6.2.3/combined_funnel/candidate_canonical_changed/regions,555
ACTIVATION.json,/versions/MLP_V6.2.3/combined_funnel/candidate_canonical_changed/unique_pages,327
ACTIVATION.json,/versions/MLP_V6.2.3/combined_funnel/candidate_canonical_changed/page_denominator,1651
ACTIVATION.json,/versions/MLP_V6.2.3/combined_funnel/applied_canonical_edit/regions,553
ACTIVATION.json,/versions/MLP_V6.2.3/combined_funnel/applied_canonical_edit/unique_pages,327
ACTIVATION.json,/versions/MLP_V6.2.3/combined_funnel/applied_canonical_edit/page_denominator,1651
ACTIVATION.json,/reuse_note,"""Per-arm controller and OCR figures are logical attribution. Each family physically evaluates each eligible region once; table/formula/combined outputs reuse those decisions. Combined funnel page counts are unions. Cross-family OCR reuse is counted separately."""
ACTIVATION.json,/cost_note,"""Stage totals may overlap and are not elapsed wall time. Per-version standalone estimates reattribute shared feature/1x preprocessing and reused OCR, excluding unmeasured independent startup and failed partial work."""
ACTIVATION.json,/failure_accounting_note,"""Durable prediction, action-preparation and submission events retain failed-action evidence. Requested, successfully submitted, completed and failed requests are separate. Interrupted actions without a terminal event are marked unknown."""
ACTIVATION.json,/quality_outcomes,"""Completed offline paired official scoring analysis; see PAIRED_QUALITY.json"""
ACTIVATION.json,/family_physical_controller_totals/gbdt/predict_api_calls,3041
ACTIVATION.json,/family_physical_controller_totals/gbdt/predict_batches,3041
ACTIVATION.json,/family_physical_controller_totals/gbdt/predicted_rows,3041
ACTIVATION.json,/family_physical_controller_totals/gbdt/submitted_ocr_requests,3041
ACTIVATION.json,/family_physical_controller_totals/gbdt/physical_completed_ocr_requests,3041
ACTIVATION.json,/family_physical_controller_totals/gbdt/reused_actions,0
ACTIVATION.json,/family_physical_controller_totals/mlp/predict_api_calls,3041
ACTIVATION.json,/family_physical_controller_totals/mlp/predict_batches,3041
ACTIVATION.json,/family_physical_controller_totals/mlp/predicted_rows,3041
ACTIVATION.json,/family_physical_controller_totals/mlp/submitted_ocr_requests,3026
ACTIVATION.json,/family_physical_controller_totals/mlp/physical_completed_ocr_requests,3026
ACTIVATION.json,/family_physical_controller_totals/mlp/reused_actions,15
PAIRED_QUALITY.json,/at,"""2026-10-07T18:30:46.994132+00:00"""
PAIRED_QUALITY.json,/manifest_sha256,"""16b69e6d10658d8716355869f492dd683f31d071af997850c032e3384c13bec4"""
PAIRED_QUALITY.json,/page_denominator,1651
PAIRED_QUALITY.json,/comparison,"""Each version minus its shared D0"""
PAIRED_QUALITY.json,/ground_truth_use,"""Offline scoring only"""
PAIRED_QUALITY.json,/native_region_correspondence,"""Unique exact canonical native-prediction text to D0 official scored sample, same GT identity in version, and final prediction text must match expected retained region. Ambiguous/mixed/split cases remain unmatchable."""
PAIRED_QUALITY.json,/canonicalization,"""Line endings and outer whitespace; formula outer display delimiters; table outer html/body wrappers and whitespace between tags only"""
PAIRED_QUALITY.json,/page_metric_note,"""Saved official per-page edit metrics; TEDS/CDM page values are diagnostic means of emitted sample metrics. No page-level Overall is constructed."""
PAIRED_QUALITY.json,/versions/GBDT_V6.1.1/official_sample_outcomes/table/TEDS/outcomes/improved,56
PAIRED_QUALITY.json,/versions/GBDT_V6.1.1/official_sample_outcomes/table/TEDS/outcomes/worsened,112
PAIRED_QUALITY.json,/versions/GBDT_V6.1.1/official_sample_outcomes/table/TEDS/outcomes/tied,497
PAIRED_QUALITY.json,/versions/GBDT_V6.1.1/official_sample_outcomes/table/TEDS/outcomes/unmatchable,0
PAIRED_QUALITY.json,/versions/GBDT_V6.1.1/official_sample_outcomes/table/TEDS/unit_denominator,665
PAIRED_QUALITY.json,/versions/GBDT_V6.1.1/official_sample_outcomes/table/TEDS/baseline_scored_rows,665
PAIRED_QUALITY.json,/versions/GBDT_V6.1.1/official_sample_outcomes/table/TEDS/version_scored_rows,665
PAIRED_QUALITY.json,/versions/GBDT_V6.1.1/official_sample_outcomes/table/TEDS/mean_raw_delta_on_paired_units,-0.004674656111080834
PAIRED_QUALITY.json,/versions/GBDT_V6.1.1/official_sample_outcomes/table/TEDS/correspondence,"""Same page, exact GT-index group and GT-text hash; unique in both outputs"""
PAIRED_QUALITY.json,/versions/GBDT_V6.1.1/official_sample_outcomes/table/TEDS/direction,"""higher"""
PAIRED_QUALITY.json,/versions/GBDT_V6.1.1/official_sample_outcomes/table/TEDS/tie_tolerance,1e-06
PAIRED_QUALITY.json,/versions/GBDT_V6.1.1/official_sample_outcomes/table/TEDS_structure_only/outcomes/improved,14
PAIRED_QUALITY.json,/versions/GBDT_V6.1.1/official_sample_outcomes/table/TEDS_structure_only/outcomes/worsened,35
PAIRED_QUALITY.json,/versions/GBDT_V6.1.1/official_sample_outcomes/table/TEDS_structure_only/outcomes/tied,616
PAIRED_QUALITY.json,/versions/GBDT_V6.1.1/official_sample_outcomes/table/TEDS_structure_only/outcomes/unmatchable,0
PAIRED_QUALITY.json,/versions/GBDT_V6.1.1/official_sample_outcomes/table/TEDS_structure_only/unit_denominator,665
PAIRED_QUALITY.json,/versions/GBDT_V6.1.1/official_sample_outcomes/table/TEDS_structure_only/baseline_scored_rows,665
PAIRED_QUALITY.json,/versions/GBDT_V6.1.1/official_sample_outcomes/table/TEDS_structure_only/version_scored_rows,665
PAIRED_QUALITY.json,/versions/GBDT_V6.1.1/official_sample_outcomes/table/TEDS_structure_only/mean_raw_delta_on_paired_units,-0.0040276880932367245
PAIRED_QUALITY.json,/versions/GBDT_V6.1.1/official_sample_outcomes/table/TEDS_structure_only/correspondence,"""Same page, exact GT-index group and GT-text hash; unique in both outputs"""
PAIRED_QUALITY.json,/versions/GBDT_V6.1.1/official_sample_outcomes/table/TEDS_structure_only/direction,"""higher"""
PAIRED_QUALITY.json,/versions/GBDT_V6.1.1/official_sample_outcomes/table/TEDS_structure_only/tie_tolerance,1e-06
PAIRED_QUALITY.json,/versions/GBDT_V6.1.1/official_sample_outcomes/table/Edit_dist/outcomes/improved,61
PAIRED_QUALITY.json,/versions/GBDT_V6.1.1/official_sample_outcomes/table/Edit_dist/outcomes/worsened,107
PAIRED_QUALITY.json,/versions/GBDT_V6.1.1/official_sample_outcomes/table/Edit_dist/outcomes/tied,497
PAIRED_QUALITY.json,/versions/GBDT_V6.1.1/official_sample_outcomes/table/Edit_dist/outcomes/unmatchable,0
PAIRED_QUALITY.json,/versions/GBDT_V6.1.1/official_sample_outcomes/table/Edit_dist/unit_denominator,665
PAIRED_QUALITY.json,/versions/GBDT_V6.1.1/official_sample_outcomes/table/Edit_dist/baseline_scored_rows,665
PAIRED_QUALITY.json,/versions/GBDT_V6.1.1/official_sample_outcomes/table/Edit_dist/version_scored_rows,665
PAIRED_QUALITY.json,/versions/GBDT_V6.1.1/official_sample_outcomes/table/Edit_dist/mean_raw_delta_on_paired_units,0.003005919860161253
PAIRED_QUALITY.json,/versions/GBDT_V6.1.1/official_sample_outcomes/table/Edit_dist/correspondence,"""Same page, exact GT-index group and GT-text hash; unique in both outputs"""
PAIRED_QUALITY.json,/versions/GBDT_V6.1.1/official_sample_outcomes/table/Edit_dist/direction,"""lower"""
PAIRED_QUALITY.json,/versions/GBDT_V6.1.1/official_sample_outcomes/table/Edit_dist/tie_tolerance,1e-06
PAIRED_QUALITY.json,/versions/GBDT_V6.1.1/official_sample_outcomes/equation/CDM/outcomes/improved,0
PAIRED_QUALITY.json,/versions/GBDT_V6.1.1/official_sample_outcomes/equation/CDM/outcomes/worsened,0
PAIRED_QUALITY.json,/versions/GBDT_V6.1.1/official_sample_outcomes/equation/CDM/outcomes/tied,2352
PAIRED_QUALITY.json,/versions/GBDT_V6.1.1/official_sample_outcomes/equation/CDM/outcomes/unmatchable,0
PAIRED_QUALITY.json,/versions/GBDT_V6.1.1/official_sample_outcomes/equation/CDM/unit_denominator,2352
PAIRED_QUALITY.json,/versions/GBDT_V6.1.1/official_sample_outcomes/equation/CDM/baseline_scored_rows,2352
PAIRED_QUALITY.json,/versions/GBDT_V6.1.1/official_sample_outcomes/equation/CDM/version_scored_rows,2352
PAIRED_QUALITY.json,/versions/GBDT_V6.1.1/official_sample_outcomes/equation/CDM/mean_raw_delta_on_paired_units,0.0
PAIRED_QUALITY.json,/versions/GBDT_V6.1.1/official_sample_outcomes/equation/CDM/correspondence,"""Same page, exact GT-index group and GT-text hash; unique in both outputs"""
PAIRED_QUALITY.json,/versions/GBDT_V6.1.1/official_sample_outcomes/equation/CDM/direction,"""higher"""
PAIRED_QUALITY.json,/versions/GBDT_V6.1.1/official_sample_outcomes/equation/CDM/tie_tolerance,1e-06
PAIRED_QUALITY.json,/versions/GBDT_V6.1.1/official_sample_outcomes/equation/Edit_dist/outcomes/improved,0
PAIRED_QUALITY.json,/versions/GBDT_V6.1.1/official_sample_outcomes/equation/Edit_dist/outcomes/worsened,0
PAIRED_QUALITY.json,/versions/GBDT_V6.1.1/official_sample_outcomes/equation/Edit_dist/outcomes/tied,2352
PAIRED_QUALITY.json,/versions/GBDT_V6.1.1/official_sample_outcomes/equation/Edit_dist/outcomes/unmatchable,0
PAIRED_QUALITY.json,/versions/GBDT_V6.1.1/official_sample_outcomes/equation/Edit_dist/unit_denominator,2352
PAIRED_QUALITY.json,/versions/GBDT_V6.1.1/official_sample_outcomes/equation/Edit_dist/baseline_scored_rows,2352
PAIRED_QUALITY.json,/versions/GBDT_V6.1.1/official_sample_outcomes/equation/Edit_dist/version_scored_rows,2352
PAIRED_QUALITY.json,/versions/GBDT_V6.1.1/official_sample_outcomes/equation/Edit_dist/mean_raw_delta_on_paired_units,0.0
PAIRED_QUALITY.json,/versions/GBDT_V6.1.1/official_sample_outcomes/equation/Edit_dist/correspondence,"""Same page, exact GT-index group and GT-text hash; unique in both outputs"""
PAIRED_QUALITY.json,/versions/GBDT_V6.1.1/official_sample_outcomes/equation/Edit_dist/direction,"""lower"""
PAIRED_QUALITY.json,/versions/GBDT_V6.1.1/official_sample_outcomes/equation/Edit_dist/tie_tolerance,1e-06
PAIRED_QUALITY.json,/versions/GBDT_V6.1.1/page_outcomes/text_block_edit/outcomes/improved,0
PAIRED_QUALITY.json,/versions/GBDT_V6.1.1/page_outcomes/text_block_edit/outcomes/worsened,0
PAIRED_QUALITY.json,/versions/GBDT_V6.1.1/page_outcomes/text_block_edit/outcomes/tied,1557
PAIRED_QUALITY.json,/versions/GBDT_V6.1.1/page_outcomes/text_block_edit/outcomes/unmatchable,94
PAIRED_QUALITY.json,/versions/GBDT_V6.1.1/page_outcomes/text_block_edit/page_denominator,1651
PAIRED_QUALITY.json,/versions/GBDT_V6.1.1/page_outcomes/text_block_edit/tie_tolerance,1e-06
PAIRED_QUALITY.json,/versions/GBDT_V6.1.1/page_outcomes/display_formula_edit/outcomes/improved,0
PAIRED_QUALITY.json,/versions/GBDT_V6.1.1/page_outcomes/display_formula_edit/outcomes/worsened,0
PAIRED_QUALITY.json,/versions/GBDT_V6.1.1/page_outcomes/display_formula_edit/outcomes/tied,313
PAIRED_QUALITY.json,/versions/GBDT_V6.1.1/page_outcomes/display_formula_edit/outcomes/unmatchable,1338
PAIRED_QUALITY.json,/versions/GBDT_V6.1.1/page_outcomes/display_formula_edit/page_denominator,1651
PAIRED_QUALITY.json,/versions/GBDT_V6.1.1/page_outcomes/display_formula_edit/tie_tolerance,1e-06
PAIRED_QUALITY.json,/versions/GBDT_V6.1.1/page_outcomes/table_edit/outcomes/improved,49
PAIRED_QUALITY.json,/versions/GBDT_V6.1.1/page_outcomes/table_edit/outcomes/worsened,81
PAIRED_QUALITY.json,/versions/GBDT_V6.1.1/page_outcomes/table_edit/outcomes/tied,328
PAIRED_QUALITY.json,/versions/GBDT_V6.1.1/page_outcomes/table_edit/outcomes/unmatchable,1193
PAIRED_QUALITY.json,/versions/GBDT_V6.1.1/page_outcomes/table_edit/page_denominator,1651
PAIRED_QUALITY.json,/versions/GBDT_V6.1.1/page_outcomes/table_edit/tie_tolerance,1e-06
PAIRED_QUALITY.json,/versions/GBDT_V6.1.1/page_outcomes/reading_order_edit/outcomes/improved,0
PAIRED_QUALITY.json,/versions/GBDT_V6.1.1/page_outcomes/reading_order_edit/outcomes/worsened,0
PAIRED_QUALITY.json,/versions/GBDT_V6.1.1/page_outcomes/reading_order_edit/outcomes/tied,1638
PAIRED_QUALITY.json,/versions/GBDT_V6.1.1/page_outcomes/reading_order_edit/outcomes/unmatchable,13
PAIRED_QUALITY.json,/versions/GBDT_V6.1.1/page_outcomes/reading_order_edit/page_denominator,1651
PAIRED_QUALITY.json,/versions/GBDT_V6.1.1/page_outcomes/reading_order_edit/tie_tolerance,1e-06
PAIRED_QUALITY.json,/versions/GBDT_V6.1.1/page_outcomes/table_TEDS/outcomes/improved,47
PAIRED_QUALITY.json,/versions/GBDT_V6.1.1/page_outcomes/table_TEDS/outcomes/worsened,84
PAIRED_QUALITY.json,/versions/GBDT_V6.1.1/page_outcomes/table_TEDS/outcomes/tied,327
PAIRED_QUALITY.json,/versions/GBDT_V6.1.1/page_outcomes/table_TEDS/outcomes/unmatchable,1193
PAIRED_QUALITY.json,/versions/GBDT_V6.1.1/page_outcomes/table_TEDS/page_denominator,1651
PAIRED_QUALITY.json,/versions/GBDT_V6.1.1/page_outcomes/table_TEDS/tie_tolerance,1e-06
PAIRED_QUALITY.json,/versions/GBDT_V6.1.1/page_outcomes/table_TEDS_structure_only/outcomes/improved,13
PAIRED_QUALITY.json,/versions/GBDT_V6.1.1/page_outcomes/table_TEDS_structure_only/outcomes/worsened,31
PAIRED_QUALITY.json,/versions/GBDT_V6.1.1/page_outcomes/table_TEDS_structure_only/outcomes/tied,414
PAIRED_QUALITY.json,/versions/GBDT_V6.1.1/page_outcomes/table_TEDS_structure_only/outcomes/unmatchable,1193
PAIRED_QUALITY.json,/versions/GBDT_V6.1.1/page_outcomes/table_TEDS_structure_only/page_denominator,1651
PAIRED_QUALITY.json,/versions/GBDT_V6.1.1/page_outcomes/table_TEDS_structure_only/tie_tolerance,1e-06
PAIRED_QUALITY.json,/versions/GBDT_V6.1.1/page_outcomes/equation_CDM/outcomes/improved,0
PAIRED_QUALITY.json,/versions/GBDT_V6.1.1/page_outcomes/equation_CDM/outcomes/worsened,0
PAIRED_QUALITY.json,/versions/GBDT_V6.1.1/page_outcomes/equation_CDM/outcomes/tied,313
PAIRED_QUALITY.json,/versions/GBDT_V6.1.1/page_outcomes/equation_CDM/outcomes/unmatchable,1338
PAIRED_QUALITY.json,/versions/GBDT_V6.1.1/page_outcomes/equation_CDM/page_denominator,1651
PAIRED_QUALITY.json,/versions/GBDT_V6.1.1/page_outcomes/equation_CDM/tie_tolerance,1e-06
PAIRED_QUALITY.json,/versions/GBDT_V6.1.1/eligible_native_region_outcomes/table/TEDS/regions/improved,56
PAIRED_QUALITY.json,/versions/GBDT_V6.1.1/eligible_native_region_outcomes/table/TEDS/regions/worsened,112
PAIRED_QUALITY.json,/versions/GBDT_V6.1.1/eligible_native_region_outcomes/table/TEDS/regions/tied,491
PAIRED_QUALITY.json,/versions/GBDT_V6.1.1/eligible_native_region_outcomes/table/TEDS/regions/unmatchable,11
PAIRED_QUALITY.json,/versions/GBDT_V6.1.1/eligible_native_region_outcomes/table/TEDS/unique_pages_by_outcome/improved,51
PAIRED_QUALITY.json,/versions/GBDT_V6.1.1/eligible_native_region_outcomes/table/TEDS/unique_pages_by_outcome/worsened,87
PAIRED_QUALITY.json,/versions/GBDT_V6.1.1/eligible_native_region_outcomes/table/TEDS/unique_pages_by_outcome/tied,357
PAIRED_QUALITY.json,/versions/GBDT_V6.1.1/eligible_native_region_outcomes/table/TEDS/unique_pages_by_outcome/unmatchable,8
PAIRED_QUALITY.json,/versions/GBDT_V6.1.1/eligible_native_region_outcomes/table/TEDS/region_denominator,670
PAIRED_QUALITY.json,/versions/GBDT_V6.1.1/eligible_native_region_outcomes/table/TEDS/page_denominator,1651
PAIRED_QUALITY.json,/versions/GBDT_V6.1.1/eligible_native_region_outcomes/table/TEDS/page_note,"""A page can contain both improved and worsened regions; outcome page sets are not mutually exclusive."""
PAIRED_QUALITY.json,/versions/GBDT_V6.1.1/eligible_native_region_outcomes/table/TEDS_structure_only/regions/improved,14
PAIRED_QUALITY.json,/versions/GBDT_V6.1.1/eligible_native_region_outcomes/table/TEDS_structure_only/regions/worsened,35
PAIRED_QUALITY.json,/versions/GBDT_V6.1.1/eligible_native_region_outcomes/table/TEDS_structure_only/regions/tied,610
PAIRED_QUALITY.json,/versions/GBDT_V6.1.1/eligible_native_region_outcomes/table/TEDS_structure_only/regions/unmatchable,11
PAIRED_QUALITY.json,/versions/GBDT_V6.1.1/eligible_native_region_outcomes/table/TEDS_structure_only/unique_pages_by_outcome/improved,14
PAIRED_QUALITY.json,/versions/GBDT_V6.1.1/eligible_native_region_outcomes/table/TEDS_structure_only/unique_pages_by_outcome/worsened,31
PAIRED_QUALITY.json,/versions/GBDT_V6.1.1/eligible_native_region_outcomes/table/TEDS_structure_only/unique_pages_by_outcome/tied,424
PAIRED_QUALITY.json,/versions/GBDT_V6.1.1/eligible_native_region_outcomes/table/TEDS_structure_only/unique_pages_by_outcome/unmatchable,8
PAIRED_QUALITY.json,/versions/GBDT_V6.1.1/eligible_native_region_outcomes/table/TEDS_structure_only/region_denominator,670
PAIRED_QUALITY.json,/versions/GBDT_V6.1.1/eligible_native_region_outcomes/table/TEDS_structure_only/page_denominator,1651
PAIRED_QUALITY.json,/versions/GBDT_V6.1.1/eligible_native_region_outcomes/table/TEDS_structure_only/page_note,"""A page can contain both improved and worsened regions; outcome page sets are not mutually exclusive."""
PAIRED_QUALITY.json,/versions/GBDT_V6.1.1/eligible_native_region_outcomes/table/Edit_dist/regions/improved,61
PAIRED_QUALITY.json,/versions/GBDT_V6.1.1/eligible_native_region_outcomes/table/Edit_dist/regions/worsened,107
PAIRED_QUALITY.json,/versions/GBDT_V6.1.1/eligible_native_region_outcomes/table/Edit_dist/regions/tied,491
PAIRED_QUALITY.json,/versions/GBDT_V6.1.1/eligible_native_region_outcomes/table/Edit_dist/regions/unmatchable,11
PAIRED_QUALITY.json,/versions/GBDT_V6.1.1/eligible_native_region_outcomes/table/Edit_dist/unique_pages_by_outcome/improved,53
PAIRED_QUALITY.json,/versions/GBDT_V6.1.1/eligible_native_region_outcomes/table/Edit_dist/unique_pages_by_outcome/worsened,83
PAIRED_QUALITY.json,/versions/GBDT_V6.1.1/eligible_native_region_outcomes/table/Edit_dist/unique_pages_by_outcome/tied,357
PAIRED_QUALITY.json,/versions/GBDT_V6.1.1/eligible_native_region_outcomes/table/Edit_dist/unique_pages_by_outcome/unmatchable,8
PAIRED_QUALITY.json,/versions/GBDT_V6.1.1/eligible_native_region_outcomes/table/Edit_dist/region_denominator,670
PAIRED_QUALITY.json,/versions/GBDT_V6.1.1/eligible_native_region_outcomes/table/Edit_dist/page_denominator,1651
PAIRED_QUALITY.json,/versions/GBDT_V6.1.1/eligible_native_region_outcomes/table/Edit_dist/page_note,"""A page can contain both improved and worsened regions; outcome page sets are not mutually exclusive."""
PAIRED_QUALITY.json,/versions/GBDT_V6.1.1/combined_primary_component_outcomes/regions/improved,56
PAIRED_QUALITY.json,/versions/GBDT_V6.1.1/combined_primary_component_outcomes/regions/worsened,112
PAIRED_QUALITY.json,/versions/GBDT_V6.1.1/combined_primary_component_outcomes/regions/tied,491
PAIRED_QUALITY.json,/versions/GBDT_V6.1.1/combined_primary_component_outcomes/regions/unmatchable,11
PAIRED_QUALITY.json,/versions/GBDT_V6.1.1/combined_primary_component_outcomes/unique_pages_by_outcome/improved,51
PAIRED_QUALITY.json,/versions/GBDT_V6.1.1/combined_primary_component_outcomes/unique_pages_by_outcome/worsened,87
PAIRED_QUALITY.json,/versions/GBDT_V6.1.1/combined_primary_component_outcomes/unique_pages_by_outcome/tied,357
PAIRED_QUALITY.json,/versions/GBDT_V6.1.1/combined_primary_component_outcomes/unique_pages_by_outcome/unmatchable,8
PAIRED_QUALITY.json,/versions/GBDT_V6.1.1/combined_primary_component_outcomes/region_denominator,670
PAIRED_QUALITY.json,/versions/GBDT_V6.1.1/combined_primary_component_outcomes/page_denominator,1651
PAIRED_QUALITY.json,/versions/GBDT_V6.1.1/combined_primary_component_outcomes/definition,"""Union across tables by TEDS and formulas by CDM; diagnostic outcome counts, not a composite quality score. Page outcome sets can overlap."""
PAIRED_QUALITY.json,/versions/GBDT_V6.1.1/applied_canonical_region_outcomes/table/TEDS/regions/improved,56
PAIRED_QUALITY.json,/versions/GBDT_V6.1.1/applied_canonical_region_outcomes/table/TEDS/regions/worsened,112
PAIRED_QUALITY.json,/versions/GBDT_V6.1.1/applied_canonical_region_outcomes/table/TEDS/regions/tied,20
PAIRED_QUALITY.json,/versions/GBDT_V6.1.1/applied_canonical_region_outcomes/table/TEDS/regions/unmatchable,3
PAIRED_QUALITY.json,/versions/GBDT_V6.1.1/applied_canonical_region_outcomes/table/TEDS/unique_pages_by_outcome/improved,51
PAIRED_QUALITY.json,/versions/GBDT_V6.1.1/applied_canonical_region_outcomes/table/TEDS/unique_pages_by_outcome/worsened,87
PAIRED_QUALITY.json,/versions/GBDT_V6.1.1/applied_canonical_region_outcomes/table/TEDS/unique_pages_by_outcome/tied,20
PAIRED_QUALITY.json,/versions/GBDT_V6.1.1/applied_canonical_region_outcomes/table/TEDS/unique_pages_by_outcome/unmatchable,3
PAIRED_QUALITY.json,/versions/GBDT_V6.1.1/applied_canonical_region_outcomes/table/TEDS/region_denominator,191
PAIRED_QUALITY.json,/versions/GBDT_V6.1.1/applied_canonical_region_outcomes/table/TEDS/page_denominator,1651
PAIRED_QUALITY.json,/versions/GBDT_V6.1.1/applied_canonical_region_outcomes/table/TEDS_structure_only/regions/improved,14
PAIRED_QUALITY.json,/versions/GBDT_V6.1.1/applied_canonical_region_outcomes/table/TEDS_structure_only/regions/worsened,35
PAIRED_QUALITY.json,/versions/GBDT_V6.1.1/applied_canonical_region_outcomes/table/TEDS_structure_only/regions/tied,139
PAIRED_QUALITY.json,/versions/GBDT_V6.1.1/applied_canonical_region_outcomes/table/TEDS_structure_only/regions/unmatchable,3
PAIRED_QUALITY.json,/versions/GBDT_V6.1.1/applied_canonical_region_outcomes/table/TEDS_structure_only/unique_pages_by_outcome/improved,14
PAIRED_QUALITY.json,/versions/GBDT_V6.1.1/applied_canonical_region_outcomes/table/TEDS_structure_only/unique_pages_by_outcome/worsened,31
PAIRED_QUALITY.json,/versions/GBDT_V6.1.1/applied_canonical_region_outcomes/table/TEDS_structure_only/unique_pages_by_outcome/tied,109
PAIRED_QUALITY.json,/versions/GBDT_V6.1.1/applied_canonical_region_outcomes/table/TEDS_structure_only/unique_pages_by_outcome/unmatchable,3
PAIRED_QUALITY.json,/versions/GBDT_V6.1.1/applied_canonical_region_outcomes/table/TEDS_structure_only/region_denominator,191
PAIRED_QUALITY.json,/versions/GBDT_V6.1.1/applied_canonical_region_outcomes/table/TEDS_structure_only/page_denominator,1651
PAIRED_QUALITY.json,/versions/GBDT_V6.1.1/applied_canonical_region_outcomes/table/Edit_dist/regions/improved,61
PAIRED_QUALITY.json,/versions/GBDT_V6.1.1/applied_canonical_region_outcomes/table/Edit_dist/regions/worsened,107
PAIRED_QUALITY.json,/versions/GBDT_V6.1.1/applied_canonical_region_outcomes/table/Edit_dist/regions/tied,20
PAIRED_QUALITY.json,/versions/GBDT_V6.1.1/applied_canonical_region_outcomes/table/Edit_dist/regions/unmatchable,3
PAIRED_QUALITY.json,/versions/GBDT_V6.1.1/applied_canonical_region_outcomes/table/Edit_dist/unique_pages_by_outcome/improved,53
PAIRED_QUALITY.json,/versions/GBDT_V6.1.1/applied_canonical_region_outcomes/table/Edit_dist/unique_pages_by_outcome/worsened,83
PAIRED_QUALITY.json,/versions/GBDT_V6.1.1/applied_canonical_region_outcomes/table/Edit_dist/unique_pages_by_outcome/tied,20
PAIRED_QUALITY.json,/versions/GBDT_V6.1.1/applied_canonical_region_outcomes/table/Edit_dist/unique_pages_by_outcome/unmatchable,3
PAIRED_QUALITY.json,/versions/GBDT_V6.1.1/applied_canonical_region_outcomes/table/Edit_dist/region_denominator,191
PAIRED_QUALITY.json,/versions/GBDT_V6.1.1/applied_canonical_region_outcomes/table/Edit_dist/page_denominator,1651
PAIRED_QUALITY.json,/versions/GBDT_V6.1.1/applied_canonical_combined_primary_outcomes/regions/improved,56
PAIRED_QUALITY.json,/versions/GBDT_V6.1.1/applied_canonical_combined_primary_outcomes/regions/worsened,112
PAIRED_QUALITY.json,/versions/GBDT_V6.1.1/applied_canonical_combined_primary_outcomes/regions/tied,20
PAIRED_QUALITY.json,/versions/GBDT_V6.1.1/applied_canonical_combined_primary_outcomes/regions/unmatchable,3
PAIRED_QUALITY.json,/versions/GBDT_V6.1.1/applied_canonical_combined_primary_outcomes/unique_pages_by_outcome/improved,51
PAIRED_QUALITY.json,/versions/GBDT_V6.1.1/applied_canonical_combined_primary_outcomes/unique_pages_by_outcome/worsened,87
PAIRED_QUALITY.json,/versions/GBDT_V6.1.1/applied_canonical_combined_primary_outcomes/unique_pages_by_outcome/tied,20
PAIRED_QUALITY.json,/versions/GBDT_V6.1.1/applied_canonical_combined_primary_outcomes/unique_pages_by_outcome/unmatchable,3
PAIRED_QUALITY.json,/versions/GBDT_V6.1.1/applied_canonical_combined_primary_outcomes/region_denominator,191
PAIRED_QUALITY.json,/versions/GBDT_V6.1.1/applied_canonical_combined_primary_outcomes/page_denominator,1651
PAIRED_QUALITY.json,/versions/GBDT_V6.1.1/applied_canonical_combined_primary_outcomes/definition,"""Applied canonical output edits only; table TEDS/formula CDM labels. Diagnostic counts, not a composite score. Page sets can overlap."""
PAIRED_QUALITY.json,/versions/GBDT_V6.1.2/official_sample_outcomes/table/TEDS/outcomes/improved,0
PAIRED_QUALITY.json,/versions/GBDT_V6.1.2/official_sample_outcomes/table/TEDS/outcomes/worsened,0
PAIRED_QUALITY.json,/versions/GBDT_V6.1.2/official_sample_outcomes/table/TEDS/outcomes/tied,665
PAIRED_QUALITY.json,/versions/GBDT_V6.1.2/official_sample_outcomes/table/TEDS/outcomes/unmatchable,0
PAIRED_QUALITY.json,/versions/GBDT_V6.1.2/official_sample_outcomes/table/TEDS/unit_denominator,665
PAIRED_QUALITY.json,/versions/GBDT_V6.1.2/official_sample_outcomes/table/TEDS/baseline_scored_rows,665
PAIRED_QUALITY.json,/versions/GBDT_V6.1.2/official_sample_outcomes/table/TEDS/version_scored_rows,665
PAIRED_QUALITY.json,/versions/GBDT_V6.1.2/official_sample_outcomes/table/TEDS/mean_raw_delta_on_paired_units,0.0
PAIRED_QUALITY.json,/versions/GBDT_V6.1.2/official_sample_outcomes/table/TEDS/correspondence,"""Same page, exact GT-index group and GT-text hash; unique in both outputs"""
PAIRED_QUALITY.json,/versions/GBDT_V6.1.2/official_sample_outcomes/table/TEDS/direction,"""higher"""
PAIRED_QUALITY.json,/versions/GBDT_V6.1.2/official_sample_outcomes/table/TEDS/tie_tolerance,1e-06
PAIRED_QUALITY.json,/versions/GBDT_V6.1.2/official_sample_outcomes/table/TEDS_structure_only/outcomes/improved,0
PAIRED_QUALITY.json,/versions/GBDT_V6.1.2/official_sample_outcomes/table/TEDS_structure_only/outcomes/worsened,0
PAIRED_QUALITY.json,/versions/GBDT_V6.1.2/official_sample_outcomes/table/TEDS_structure_only/outcomes/tied,665
PAIRED_QUALITY.json,/versions/GBDT_V6.1.2/official_sample_outcomes/table/TEDS_structure_only/outcomes/unmatchable,0
PAIRED_QUALITY.json,/versions/GBDT_V6.1.2/official_sample_outcomes/table/TEDS_structure_only/unit_denominator,665
PAIRED_QUALITY.json,/versions/GBDT_V6.1.2/official_sample_outcomes/table/TEDS_structure_only/baseline_scored_rows,665
PAIRED_QUALITY.json,/versions/GBDT_V6.1.2/official_sample_outcomes/table/TEDS_structure_only/version_scored_rows,665
PAIRED_QUALITY.json,/versions/GBDT_V6.1.2/official_sample_outcomes/table/TEDS_structure_only/mean_raw_delta_on_paired_units,0.0
PAIRED_QUALITY.json,/versions/GBDT_V6.1.2/official_sample_outcomes/table/TEDS_structure_only/correspondence,"""Same page, exact GT-index group and GT-text hash; unique in both outputs"""
PAIRED_QUALITY.json,/versions/GBDT_V6.1.2/official_sample_outcomes/table/TEDS_structure_only/direction,"""higher"""
PAIRED_QUALITY.json,/versions/GBDT_V6.1.2/official_sample_outcomes/table/TEDS_structure_only/tie_tolerance,1e-06
PAIRED_QUALITY.json,/versions/GBDT_V6.1.2/official_sample_outcomes/table/Edit_dist/outcomes/improved,0
PAIRED_QUALITY.json,/versions/GBDT_V6.1.2/official_sample_outcomes/table/Edit_dist/outcomes/worsened,0
PAIRED_QUALITY.json,/versions/GBDT_V6.1.2/official_sample_outcomes/table/Edit_dist/outcomes/tied,665
PAIRED_QUALITY.json,/versions/GBDT_V6.1.2/official_sample_outcomes/table/Edit_dist/outcomes/unmatchable,0
PAIRED_QUALITY.json,/versions/GBDT_V6.1.2/official_sample_outcomes/table/Edit_dist/unit_denominator,665
PAIRED_QUALITY.json,/versions/GBDT_V6.1.2/official_sample_outcomes/table/Edit_dist/baseline_scored_rows,665
PAIRED_QUALITY.json,/versions/GBDT_V6.1.2/official_sample_outcomes/table/Edit_dist/version_scored_rows,665
PAIRED_QUALITY.json,/versions/GBDT_V6.1.2/official_sample_outcomes/table/Edit_dist/mean_raw_delta_on_paired_units,0.0
PAIRED_QUALITY.json,/versions/GBDT_V6.1.2/official_sample_outcomes/table/Edit_dist/correspondence,"""Same page, exact GT-index group and GT-text hash; unique in both outputs"""
PAIRED_QUALITY.json,/versions/GBDT_V6.1.2/official_sample_outcomes/table/Edit_dist/direction,"""lower"""
PAIRED_QUALITY.json,/versions/GBDT_V6.1.2/official_sample_outcomes/table/Edit_dist/tie_tolerance,1e-06
PAIRED_QUALITY.json,/versions/GBDT_V6.1.2/official_sample_outcomes/equation/CDM/outcomes/improved,28
PAIRED_QUALITY.json,/versions/GBDT_V6.1.2/official_sample_outcomes/equation/CDM/outcomes/worsened,48
PAIRED_QUALITY.json,/versions/GBDT_V6.1.2/official_sample_outcomes/equation/CDM/outcomes/tied,2264
PAIRED_QUALITY.json,/versions/GBDT_V6.1.2/official_sample_outcomes/equation/CDM/outcomes/unmatchable,24
PAIRED_QUALITY.json,/versions/GBDT_V6.1.2/official_sample_outcomes/equation/CDM/unit_denominator,2364
PAIRED_QUALITY.json,/versions/GBDT_V6.1.2/official_sample_outcomes/equation/CDM/baseline_scored_rows,2352
PAIRED_QUALITY.json,/versions/GBDT_V6.1.2/official_sample_outcomes/equation/CDM/version_scored_rows,2352
PAIRED_QUALITY.json,/versions/GBDT_V6.1.2/official_sample_outcomes/equation/CDM/mean_raw_delta_on_paired_units,-0.00013931623931623957
PAIRED_QUALITY.json,/versions/GBDT_V6.1.2/official_sample_outcomes/equation/CDM/correspondence,"""Same page, exact GT-index group and GT-text hash; unique in both outputs"""
PAIRED_QUALITY.json,/versions/GBDT_V6.1.2/official_sample_outcomes/equation/CDM/direction,"""higher"""
PAIRED_QUALITY.json,/versions/GBDT_V6.1.2/official_sample_outcomes/equation/CDM/tie_tolerance,1e-06
PAIRED_QUALITY.json,/versions/GBDT_V6.1.2/official_sample_outcomes/equation/Edit_dist/outcomes/improved,76
PAIRED_QUALITY.json,/versions/GBDT_V6.1.2/official_sample_outcomes/equation/Edit_dist/outcomes/worsened,82
PAIRED_QUALITY.json,/versions/GBDT_V6.1.2/official_sample_outcomes/equation/Edit_dist/outcomes/tied,2182
PAIRED_QUALITY.json,/versions/GBDT_V6.1.2/official_sample_outcomes/equation/Edit_dist/outcomes/unmatchable,24
PAIRED_QUALITY.json,/versions/GBDT_V6.1.2/official_sample_outcomes/equation/Edit_dist/unit_denominator,2364
PAIRED_QUALITY.json,/versions/GBDT_V6.1.2/official_sample_outcomes/equation/Edit_dist/baseline_scored_rows,2352
PAIRED_QUALITY.json,/versions/GBDT_V6.1.2/official_sample_outcomes/equation/Edit_dist/version_scored_rows,2352
PAIRED_QUALITY.json,/versions/GBDT_V6.1.2/official_sample_outcomes/equation/Edit_dist/mean_raw_delta_on_paired_units,0.00025438892655594165
PAIRED_QUALITY.json,/versions/GBDT_V6.1.2/official_sample_outcomes/equation/Edit_dist/correspondence,"""Same page, exact GT-index group and GT-text hash; unique in both outputs"""
PAIRED_QUALITY.json,/versions/GBDT_V6.1.2/official_sample_outcomes/equation/Edit_dist/direction,"""lower"""
PAIRED_QUALITY.json,/versions/GBDT_V6.1.2/official_sample_outcomes/equation/Edit_dist/tie_tolerance,1e-06
PAIRED_QUALITY.json,/versions/GBDT_V6.1.2/page_outcomes/text_block_edit/outcomes/improved,4
PAIRED_QUALITY.json,/versions/GBDT_V6.1.2/page_outcomes/text_block_edit/outcomes/worsened,2
PAIRED_QUALITY.json,/versions/GBDT_V6.1.2/page_outcomes/text_block_edit/outcomes/tied,1551
PAIRED_QUALITY.json,/versions/GBDT_V6.1.2/page_outcomes/text_block_edit/outcomes/unmatchable,94
PAIRED_QUALITY.json,/versions/GBDT_V6.1.2/page_outcomes/text_block_edit/page_denominator,1651
PAIRED_QUALITY.json,/versions/GBDT_V6.1.2/page_outcomes/text_block_edit/tie_tolerance,1e-06
PAIRED_QUALITY.json,/versions/GBDT_V6.1.2/page_outcomes/display_formula_edit/outcomes/improved,44
PAIRED_QUALITY.json,/versions/GBDT_V6.1.2/page_outcomes/display_formula_edit/outcomes/worsened,49
PAIRED_QUALITY.json,/versions/GBDT_V6.1.2/page_outcomes/display_formula_edit/outcomes/tied,220
PAIRED_QUALITY.json,/versions/GBDT_V6.1.2/page_outcomes/display_formula_edit/outcomes/unmatchable,1338
PAIRED_QUALITY.json,/versions/GBDT_V6.1.2/page_outcomes/display_formula_edit/page_denominator,1651
PAIRED_QUALITY.json,/versions/GBDT_V6.1.2/page_outcomes/display_formula_edit/tie_tolerance,1e-06
PAIRED_QUALITY.json,/versions/GBDT_V6.1.2/page_outcomes/table_edit/outcomes/improved,0
PAIRED_QUALITY.json,/versions/GBDT_V6.1.2/page_outcomes/table_edit/outcomes/worsened,0
PAIRED_QUALITY.json,/versions/GBDT_V6.1.2/page_outcomes/table_edit/outcomes/tied,458
PAIRED_QUALITY.json,/versions/GBDT_V6.1.2/page_outcomes/table_edit/outcomes/unmatchable,1193
PAIRED_QUALITY.json,/versions/GBDT_V6.1.2/page_outcomes/table_edit/page_denominator,1651
PAIRED_QUALITY.json,/versions/GBDT_V6.1.2/page_outcomes/table_edit/tie_tolerance,1e-06
PAIRED_QUALITY.json,/versions/GBDT_V6.1.2/page_outcomes/reading_order_edit/outcomes/improved,1
PAIRED_QUALITY.json,/versions/GBDT_V6.1.2/page_outcomes/reading_order_edit/outcomes/worsened,3
PAIRED_QUALITY.json,/versions/GBDT_V6.1.2/page_outcomes/reading_order_edit/outcomes/tied,1634
PAIRED_QUALITY.json,/versions/GBDT_V6.1.2/page_outcomes/reading_order_edit/outcomes/unmatchable,13
PAIRED_QUALITY.json,/versions/GBDT_V6.1.2/page_outcomes/reading_order_edit/page_denominator,1651
PAIRED_QUALITY.json,/versions/GBDT_V6.1.2/page_outcomes/reading_order_edit/tie_tolerance,1e-06
PAIRED_QUALITY.json,/versions/GBDT_V6.1.2/page_outcomes/table_TEDS/outcomes/improved,0
PAIRED_QUALITY.json,/versions/GBDT_V6.1.2/page_outcomes/table_TEDS/outcomes/worsened,0
PAIRED_QUALITY.json,/versions/GBDT_V6.1.2/page_outcomes/table_TEDS/outcomes/tied,458
PAIRED_QUALITY.json,/versions/GBDT_V6.1.2/page_outcomes/table_TEDS/outcomes/unmatchable,1193
PAIRED_QUALITY.json,/versions/GBDT_V6.1.2/page_outcomes/table_TEDS/page_denominator,1651
PAIRED_QUALITY.json,/versions/GBDT_V6.1.2/page_outcomes/table_TEDS/tie_tolerance,1e-06
PAIRED_QUALITY.json,/versions/GBDT_V6.1.2/page_outcomes/table_TEDS_structure_only/outcomes/improved,0
PAIRED_QUALITY.json,/versions/GBDT_V6.1.2/page_outcomes/table_TEDS_structure_only/outcomes/worsened,0
PAIRED_QUALITY.json,/versions/GBDT_V6.1.2/page_outcomes/table_TEDS_structure_only/outcomes/tied,458
PAIRED_QUALITY.json,/versions/GBDT_V6.1.2/page_outcomes/table_TEDS_structure_only/outcomes/unmatchable,1193
PAIRED_QUALITY.json,/versions/GBDT_V6.1.2/page_outcomes/table_TEDS_structure_only/page_denominator,1651
PAIRED_QUALITY.json,/versions/GBDT_V6.1.2/page_outcomes/table_TEDS_structure_only/tie_tolerance,1e-06
PAIRED_QUALITY.json,/versions/GBDT_V6.1.2/page_outcomes/equation_CDM/outcomes/improved,19
PAIRED_QUALITY.json,/versions/GBDT_V6.1.2/page_outcomes/equation_CDM/outcomes/worsened,33
PAIRED_QUALITY.json,/versions/GBDT_V6.1.2/page_outcomes/equation_CDM/outcomes/tied,261
PAIRED_QUALITY.json,/versions/GBDT_V6.1.2/page_outcomes/equation_CDM/outcomes/unmatchable,1338
PAIRED_QUALITY.json,/versions/GBDT_V6.1.2/page_outcomes/equation_CDM/page_denominator,1651
PAIRED_QUALITY.json,/versions/GBDT_V6.1.2/page_outcomes/equation_CDM/tie_tolerance,1e-06
PAIRED_QUALITY.json,/versions/GBDT_V6.1.2/eligible_native_region_outcomes/equation/CDM/regions/improved,22
PAIRED_QUALITY.json,/versions/GBDT_V6.1.2/eligible_native_region_outcomes/equation/CDM/regions/worsened,45
PAIRED_QUALITY.json,/versions/GBDT_V6.1.2/eligible_native_region_outcomes/equation/CDM/regions/tied,1948
PAIRED_QUALITY.json,/versions/GBDT_V6.1.2/eligible_native_region_outcomes/equation/CDM/regions/unmatchable,356
PAIRED_QUALITY.json,/versions/GBDT_V6.1.2/eligible_native_region_outcomes/equation/CDM/unique_pages_by_outcome/improved,20
PAIRED_QUALITY.json,/versions/GBDT_V6.1.2/eligible_native_region_outcomes/equation/CDM/unique_pages_by_outcome/worsened,34
PAIRED_QUALITY.json,/versions/GBDT_V6.1.2/eligible_native_region_outcomes/equation/CDM/unique_pages_by_outcome/tied,298
PAIRED_QUALITY.json,/versions/GBDT_V6.1.2/eligible_native_region_outcomes/equation/CDM/unique_pages_by_outcome/unmatchable,116
PAIRED_QUALITY.json,/versions/GBDT_V6.1.2/eligible_native_region_outcomes/equation/CDM/region_denominator,2371
PAIRED_QUALITY.json,/versions/GBDT_V6.1.2/eligible_native_region_outcomes/equation/CDM/page_denominator,1651
PAIRED_QUALITY.json,/versions/GBDT_V6.1.2/eligible_native_region_outcomes/equation/CDM/page_note,"""A page can contain both improved and worsened regions; outcome page sets are not mutually exclusive."""
PAIRED_QUALITY.json,/versions/GBDT_V6.1.2/eligible_native_region_outcomes/equation/Edit_dist/regions/improved,73
PAIRED_QUALITY.json,/versions/GBDT_V6.1.2/eligible_native_region_outcomes/equation/Edit_dist/regions/worsened,74
PAIRED_QUALITY.json,/versions/GBDT_V6.1.2/eligible_native_region_outcomes/equation/Edit_dist/regions/tied,1868
PAIRED_QUALITY.json,/versions/GBDT_V6.1.2/eligible_native_region_outcomes/equation/Edit_dist/regions/unmatchable,356
PAIRED_QUALITY.json,/versions/GBDT_V6.1.2/eligible_native_region_outcomes/equation/Edit_dist/unique_pages_by_outcome/improved,57
PAIRED_QUALITY.json,/versions/GBDT_V6.1.2/eligible_native_region_outcomes/equation/Edit_dist/unique_pages_by_outcome/worsened,56
PAIRED_QUALITY.json,/versions/GBDT_V6.1.2/eligible_native_region_outcomes/equation/Edit_dist/unique_pages_by_outcome/tied,299
PAIRED_QUALITY.json,/versions/GBDT_V6.1.2/eligible_native_region_outcomes/equation/Edit_dist/unique_pages_by_outcome/unmatchable,116
PAIRED_QUALITY.json,/versions/GBDT_V6.1.2/eligible_native_region_outcomes/equation/Edit_dist/region_denominator,2371
PAIRED_QUALITY.json,/versions/GBDT_V6.1.2/eligible_native_region_outcomes/equation/Edit_dist/page_denominator,1651
PAIRED_QUALITY.json,/versions/GBDT_V6.1.2/eligible_native_region_outcomes/equation/Edit_dist/page_note,"""A page can contain both improved and worsened regions; outcome page sets are not mutually exclusive."""
PAIRED_QUALITY.json,/versions/GBDT_V6.1.2/combined_primary_component_outcomes/regions/improved,22
PAIRED_QUALITY.json,/versions/GBDT_V6.1.2/combined_primary_component_outcomes/regions/worsened,45
PAIRED_QUALITY.json,/versions/GBDT_V6.1.2/combined_primary_component_outcomes/regions/tied,1948
PAIRED_QUALITY.json,/versions/GBDT_V6.1.2/combined_primary_component_outcomes/regions/unmatchable,356
PAIRED_QUALITY.json,/versions/GBDT_V6.1.2/combined_primary_component_outcomes/unique_pages_by_outcome/improved,20
PAIRED_QUALITY.json,/versions/GBDT_V6.1.2/combined_primary_component_outcomes/unique_pages_by_outcome/worsened,34
PAIRED_QUALITY.json,/versions/GBDT_V6.1.2/combined_primary_component_outcomes/unique_pages_by_outcome/tied,298
PAIRED_QUALITY.json,/versions/GBDT_V6.1.2/combined_primary_component_outcomes/unique_pages_by_outcome/unmatchable,116
PAIRED_QUALITY.json,/versions/GBDT_V6.1.2/combined_primary_component_outcomes/region_denominator,2371
PAIRED_QUALITY.json,/versions/GBDT_V6.1.2/combined_primary_component_outcomes/page_denominator,1651
PAIRED_QUALITY.json,/versions/GBDT_V6.1.2/combined_primary_component_outcomes/definition,"""Union across tables by TEDS and formulas by CDM; diagnostic outcome counts, not a composite quality score. Page outcome sets can overlap."""
PAIRED_QUALITY.json,/versions/GBDT_V6.1.2/applied_canonical_region_outcomes/equation/CDM/regions/improved,22
PAIRED_QUALITY.json,/versions/GBDT_V6.1.2/applied_canonical_region_outcomes/equation/CDM/regions/worsened,45
PAIRED_QUALITY.json,/versions/GBDT_V6.1.2/applied_canonical_region_outcomes/equation/CDM/regions/tied,208
PAIRED_QUALITY.json,/versions/GBDT_V6.1.2/applied_canonical_region_outcomes/equation/CDM/regions/unmatchable,64
PAIRED_QUALITY.json,/versions/GBDT_V6.1.2/applied_canonical_region_outcomes/equation/CDM/unique_pages_by_outcome/improved,20
PAIRED_QUALITY.json,/versions/GBDT_V6.1.2/applied_canonical_region_outcomes/equation/CDM/unique_pages_by_outcome/worsened,34
PAIRED_QUALITY.json,/versions/GBDT_V6.1.2/applied_canonical_region_outcomes/equation/CDM/unique_pages_by_outcome/tied,121
PAIRED_QUALITY.json,/versions/GBDT_V6.1.2/applied_canonical_region_outcomes/equation/CDM/unique_pages_by_outcome/unmatchable,40
PAIRED_QUALITY.json,/versions/GBDT_V6.1.2/applied_canonical_region_outcomes/equation/CDM/region_denominator,339
PAIRED_QUALITY.json,/versions/GBDT_V6.1.2/applied_canonical_region_outcomes/equation/CDM/page_denominator,1651
PAIRED_QUALITY.json,/versions/GBDT_V6.1.2/applied_canonical_region_outcomes/equation/Edit_dist/regions/improved,73
PAIRED_QUALITY.json,/versions/GBDT_V6.1.2/applied_canonical_region_outcomes/equation/Edit_dist/regions/worsened,74
PAIRED_QUALITY.json,/versions/GBDT_V6.1.2/applied_canonical_region_outcomes/equation/Edit_dist/regions/tied,128
PAIRED_QUALITY.json,/versions/GBDT_V6.1.2/applied_canonical_region_outcomes/equation/Edit_dist/regions/unmatchable,64
PAIRED_QUALITY.json,/versions/GBDT_V6.1.2/applied_canonical_region_outcomes/equation/Edit_dist/unique_pages_by_outcome/improved,57
PAIRED_QUALITY.json,/versions/GBDT_V6.1.2/applied_canonical_region_outcomes/equation/Edit_dist/unique_pages_by_outcome/worsened,56
PAIRED_QUALITY.json,/versions/GBDT_V6.1.2/applied_canonical_region_outcomes/equation/Edit_dist/unique_pages_by_outcome/tied,88
PAIRED_QUALITY.json,/versions/GBDT_V6.1.2/applied_canonical_region_outcomes/equation/Edit_dist/unique_pages_by_outcome/unmatchable,40
PAIRED_QUALITY.json,/versions/GBDT_V6.1.2/applied_canonical_region_outcomes/equation/Edit_dist/region_denominator,339
PAIRED_QUALITY.json,/versions/GBDT_V6.1.2/applied_canonical_region_outcomes/equation/Edit_dist/page_denominator,1651
PAIRED_QUALITY.json,/versions/GBDT_V6.1.2/applied_canonical_combined_primary_outcomes/regions/improved,22
PAIRED_QUALITY.json,/versions/GBDT_V6.1.2/applied_canonical_combined_primary_outcomes/regions/worsened,45
PAIRED_QUALITY.json,/versions/GBDT_V6.1.2/applied_canonical_combined_primary_outcomes/regions/tied,208
PAIRED_QUALITY.json,/versions/GBDT_V6.1.2/applied_canonical_combined_primary_outcomes/regions/unmatchable,64
PAIRED_QUALITY.json,/versions/GBDT_V6.1.2/applied_canonical_combined_primary_outcomes/unique_pages_by_outcome/improved,20
PAIRED_QUALITY.json,/versions/GBDT_V6.1.2/applied_canonical_combined_primary_outcomes/unique_pages_by_outcome/worsened,34
PAIRED_QUALITY.json,/versions/GBDT_V6.1.2/applied_canonical_combined_primary_outcomes/unique_pages_by_outcome/tied,121
PAIRED_QUALITY.json,/versions/GBDT_V6.1.2/applied_canonical_combined_primary_outcomes/unique_pages_by_outcome/unmatchable,40
PAIRED_QUALITY.json,/versions/GBDT_V6.1.2/applied_canonical_combined_primary_outcomes/region_denominator,339
PAIRED_QUALITY.json,/versions/GBDT_V6.1.2/applied_canonical_combined_primary_outcomes/page_denominator,1651
PAIRED_QUALITY.json,/versions/GBDT_V6.1.2/applied_canonical_combined_primary_outcomes/definition,"""Applied canonical output edits only; table TEDS/formula CDM labels. Diagnostic counts, not a composite score. Page sets can overlap."""
PAIRED_QUALITY.json,/versions/GBDT_V6.1.3/official_sample_outcomes/table/TEDS/outcomes/improved,56
PAIRED_QUALITY.json,/versions/GBDT_V6.1.3/official_sample_outcomes/table/TEDS/outcomes/worsened,112
PAIRED_QUALITY.json,/versions/GBDT_V6.1.3/official_sample_outcomes/table/TEDS/outcomes/tied,497
PAIRED_QUALITY.json,/versions/GBDT_V6.1.3/official_sample_outcomes/table/TEDS/outcomes/unmatchable,0
PAIRED_QUALITY.json,/versions/GBDT_V6.1.3/official_sample_outcomes/table/TEDS/unit_denominator,665
PAIRED_QUALITY.json,/versions/GBDT_V6.1.3/official_sample_outcomes/table/TEDS/baseline_scored_rows,665
PAIRED_QUALITY.json,/versions/GBDT_V6.1.3/official_sample_outcomes/table/TEDS/version_scored_rows,665
PAIRED_QUALITY.json,/versions/GBDT_V6.1.3/official_sample_outcomes/table/TEDS/mean_raw_delta_on_paired_units,-0.004674656111080834
PAIRED_QUALITY.json,/versions/GBDT_V6.1.3/official_sample_outcomes/table/TEDS/correspondence,"""Same page, exact GT-index group and GT-text hash; unique in both outputs"""
PAIRED_QUALITY.json,/versions/GBDT_V6.1.3/official_sample_outcomes/table/TEDS/direction,"""higher"""
PAIRED_QUALITY.json,/versions/GBDT_V6.1.3/official_sample_outcomes/table/TEDS/tie_tolerance,1e-06
PAIRED_QUALITY.json,/versions/GBDT_V6.1.3/official_sample_outcomes/table/TEDS_structure_only/outcomes/improved,14
PAIRED_QUALITY.json,/versions/GBDT_V6.1.3/official_sample_outcomes/table/TEDS_structure_only/outcomes/worsened,35
PAIRED_QUALITY.json,/versions/GBDT_V6.1.3/official_sample_outcomes/table/TEDS_structure_only/outcomes/tied,616
PAIRED_QUALITY.json,/versions/GBDT_V6.1.3/official_sample_outcomes/table/TEDS_structure_only/outcomes/unmatchable,0
PAIRED_QUALITY.json,/versions/GBDT_V6.1.3/official_sample_outcomes/table/TEDS_structure_only/unit_denominator,665
PAIRED_QUALITY.json,/versions/GBDT_V6.1.3/official_sample_outcomes/table/TEDS_structure_only/baseline_scored_rows,665
PAIRED_QUALITY.json,/versions/GBDT_V6.1.3/official_sample_outcomes/table/TEDS_structure_only/version_scored_rows,665
PAIRED_QUALITY.json,/versions/GBDT_V6.1.3/official_sample_outcomes/table/TEDS_structure_only/mean_raw_delta_on_paired_units,-0.0040276880932367245
PAIRED_QUALITY.json,/versions/GBDT_V6.1.3/official_sample_outcomes/table/TEDS_structure_only/correspondence,"""Same page, exact GT-index group and GT-text hash; unique in both outputs"""
PAIRED_QUALITY.json,/versions/GBDT_V6.1.3/official_sample_outcomes/table/TEDS_structure_only/direction,"""higher"""
PAIRED_QUALITY.json,/versions/GBDT_V6.1.3/official_sample_outcomes/table/TEDS_structure_only/tie_tolerance,1e-06
PAIRED_QUALITY.json,/versions/GBDT_V6.1.3/official_sample_outcomes/table/Edit_dist/outcomes/improved,61
PAIRED_QUALITY.json,/versions/GBDT_V6.1.3/official_sample_outcomes/table/Edit_dist/outcomes/worsened,107
PAIRED_QUALITY.json,/versions/GBDT_V6.1.3/official_sample_outcomes/table/Edit_dist/outcomes/tied,497
PAIRED_QUALITY.json,/versions/GBDT_V6.1.3/official_sample_outcomes/table/Edit_dist/outcomes/unmatchable,0
PAIRED_QUALITY.json,/versions/GBDT_V6.1.3/official_sample_outcomes/table/Edit_dist/unit_denominator,665
PAIRED_QUALITY.json,/versions/GBDT_V6.1.3/official_sample_outcomes/table/Edit_dist/baseline_scored_rows,665
PAIRED_QUALITY.json,/versions/GBDT_V6.1.3/official_sample_outcomes/table/Edit_dist/version_scored_rows,665
PAIRED_QUALITY.json,/versions/GBDT_V6.1.3/official_sample_outcomes/table/Edit_dist/mean_raw_delta_on_paired_units,0.003005919860161253
PAIRED_QUALITY.json,/versions/GBDT_V6.1.3/official_sample_outcomes/table/Edit_dist/correspondence,"""Same page, exact GT-index group and GT-text hash; unique in both outputs"""
PAIRED_QUALITY.json,/versions/GBDT_V6.1.3/official_sample_outcomes/table/Edit_dist/direction,"""lower"""
PAIRED_QUALITY.json,/versions/GBDT_V6.1.3/official_sample_outcomes/table/Edit_dist/tie_tolerance,1e-06
PAIRED_QUALITY.json,/versions/GBDT_V6.1.3/official_sample_outcomes/equation/CDM/outcomes/improved,28
PAIRED_QUALITY.json,/versions/GBDT_V6.1.3/official_sample_outcomes/equation/CDM/outcomes/worsened,48
PAIRED_QUALITY.json,/versions/GBDT_V6.1.3/official_sample_outcomes/equation/CDM/outcomes/tied,2264
PAIRED_QUALITY.json,/versions/GBDT_V6.1.3/official_sample_outcomes/equation/CDM/outcomes/unmatchable,24
PAIRED_QUALITY.json,/versions/GBDT_V6.1.3/official_sample_outcomes/equation/CDM/unit_denominator,2364
PAIRED_QUALITY.json,/versions/GBDT_V6.1.3/official_sample_outcomes/equation/CDM/baseline_scored_rows,2352
PAIRED_QUALITY.json,/versions/GBDT_V6.1.3/official_sample_outcomes/equation/CDM/version_scored_rows,2352
PAIRED_QUALITY.json,/versions/GBDT_V6.1.3/official_sample_outcomes/equation/CDM/mean_raw_delta_on_paired_units,-0.00013931623931623957
PAIRED_QUALITY.json,/versions/GBDT_V6.1.3/official_sample_outcomes/equation/CDM/correspondence,"""Same page, exact GT-index group and GT-text hash; unique in both outputs"""
PAIRED_QUALITY.json,/versions/GBDT_V6.1.3/official_sample_outcomes/equation/CDM/direction,"""higher"""
PAIRED_QUALITY.json,/versions/GBDT_V6.1.3/official_sample_outcomes/equation/CDM/tie_tolerance,1e-06
PAIRED_QUALITY.json,/versions/GBDT_V6.1.3/official_sample_outcomes/equation/Edit_dist/outcomes/improved,76
PAIRED_QUALITY.json,/versions/GBDT_V6.1.3/official_sample_outcomes/equation/Edit_dist/outcomes/worsened,81
PAIRED_QUALITY.json,/versions/GBDT_V6.1.3/official_sample_outcomes/equation/Edit_dist/outcomes/tied,2183
PAIRED_QUALITY.json,/versions/GBDT_V6.1.3/official_sample_outcomes/equation/Edit_dist/outcomes/unmatchable,24
PAIRED_QUALITY.json,/versions/GBDT_V6.1.3/official_sample_outcomes/equation/Edit_dist/unit_denominator,2364
PAIRED_QUALITY.json,/versions/GBDT_V6.1.3/official_sample_outcomes/equation/Edit_dist/baseline_scored_rows,2352
PAIRED_QUALITY.json,/versions/GBDT_V6.1.3/official_sample_outcomes/equation/Edit_dist/version_scored_rows,2352
PAIRED_QUALITY.json,/versions/GBDT_V6.1.3/official_sample_outcomes/equation/Edit_dist/mean_raw_delta_on_paired_units,0.00022589889806591315
PAIRED_QUALITY.json,/versions/GBDT_V6.1.3/official_sample_outcomes/equation/Edit_dist/correspondence,"""Same page, exact GT-index group and GT-text hash; unique in both outputs"""
PAIRED_QUALITY.json,/versions/GBDT_V6.1.3/official_sample_outcomes/equation/Edit_dist/direction,"""lower"""
PAIRED_QUALITY.json,/versions/GBDT_V6.1.3/official_sample_outcomes/equation/Edit_dist/tie_tolerance,1e-06
PAIRED_QUALITY.json,/versions/GBDT_V6.1.3/page_outcomes/text_block_edit/outcomes/improved,4
PAIRED_QUALITY.json,/versions/GBDT_V6.1.3/page_outcomes/text_block_edit/outcomes/worsened,2
PAIRED_QUALITY.json,/versions/GBDT_V6.1.3/page_outcomes/text_block_edit/outcomes/tied,1551
PAIRED_QUALITY.json,/versions/GBDT_V6.1.3/page_outcomes/text_block_edit/outcomes/unmatchable,94
PAIRED_QUALITY.json,/versions/GBDT_V6.1.3/page_outcomes/text_block_edit/page_denominator,1651
PAIRED_QUALITY.json,/versions/GBDT_V6.1.3/page_outcomes/text_block_edit/tie_tolerance,1e-06
PAIRED_QUALITY.json,/versions/GBDT_V6.1.3/page_outcomes/display_formula_edit/outcomes/improved,44
PAIRED_QUALITY.json,/versions/GBDT_V6.1.3/page_outcomes/display_formula_edit/outcomes/worsened,48
PAIRED_QUALITY.json,/versions/GBDT_V6.1.3/page_outcomes/display_formula_edit/outcomes/tied,221
PAIRED_QUALITY.json,/versions/GBDT_V6.1.3/page_outcomes/display_formula_edit/outcomes/unmatchable,1338
PAIRED_QUALITY.json,/versions/GBDT_V6.1.3/page_outcomes/display_formula_edit/page_denominator,1651
PAIRED_QUALITY.json,/versions/GBDT_V6.1.3/page_outcomes/display_formula_edit/tie_tolerance,1e-06
PAIRED_QUALITY.json,/versions/GBDT_V6.1.3/page_outcomes/table_edit/outcomes/improved,49
PAIRED_QUALITY.json,/versions/GBDT_V6.1.3/page_outcomes/table_edit/outcomes/worsened,81
PAIRED_QUALITY.json,/versions/GBDT_V6.1.3/page_outcomes/table_edit/outcomes/tied,328
PAIRED_QUALITY.json,/versions/GBDT_V6.1.3/page_outcomes/table_edit/outcomes/unmatchable,1193
PAIRED_QUALITY.json,/versions/GBDT_V6.1.3/page_outcomes/table_edit/page_denominator,1651
PAIRED_QUALITY.json,/versions/GBDT_V6.1.3/page_outcomes/table_edit/tie_tolerance,1e-06
PAIRED_QUALITY.json,/versions/GBDT_V6.1.3/page_outcomes/reading_order_edit/outcomes/improved,1
PAIRED_QUALITY.json,/versions/GBDT_V6.1.3/page_outcomes/reading_order_edit/outcomes/worsened,3
PAIRED_QUALITY.json,/versions/GBDT_V6.1.3/page_outcomes/reading_order_edit/outcomes/tied,1634
PAIRED_QUALITY.json,/versions/GBDT_V6.1.3/page_outcomes/reading_order_edit/outcomes/unmatchable,13
PAIRED_QUALITY.json,/versions/GBDT_V6.1.3/page_outcomes/reading_order_edit/page_denominator,1651
PAIRED_QUALITY.json,/versions/GBDT_V6.1.3/page_outcomes/reading_order_edit/tie_tolerance,1e-06
PAIRED_QUALITY.json,/versions/GBDT_V6.1.3/page_outcomes/table_TEDS/outcomes/improved,47
PAIRED_QUALITY.json,/versions/GBDT_V6.1.3/page_outcomes/table_TEDS/outcomes/worsened,84
PAIRED_QUALITY.json,/versions/GBDT_V6.1.3/page_outcomes/table_TEDS/outcomes/tied,327
PAIRED_QUALITY.json,/versions/GBDT_V6.1.3/page_outcomes/table_TEDS/outcomes/unmatchable,1193
PAIRED_QUALITY.json,/versions/GBDT_V6.1.3/page_outcomes/table_TEDS/page_denominator,1651
PAIRED_QUALITY.json,/versions/GBDT_V6.1.3/page_outcomes/table_TEDS/tie_tolerance,1e-06
PAIRED_QUALITY.json,/versions/GBDT_V6.1.3/page_outcomes/table_TEDS_structure_only/outcomes/improved,13
PAIRED_QUALITY.json,/versions/GBDT_V6.1.3/page_outcomes/table_TEDS_structure_only/outcomes/worsened,31
PAIRED_QUALITY.json,/versions/GBDT_V6.1.3/page_outcomes/table_TEDS_structure_only/outcomes/tied,414
PAIRED_QUALITY.json,/versions/GBDT_V6.1.3/page_outcomes/table_TEDS_structure_only/outcomes/unmatchable,1193
PAIRED_QUALITY.json,/versions/GBDT_V6.1.3/page_outcomes/table_TEDS_structure_only/page_denominator,1651
PAIRED_QUALITY.json,/versions/GBDT_V6.1.3/page_outcomes/table_TEDS_structure_only/tie_tolerance,1e-06
PAIRED_QUALITY.json,/versions/GBDT_V6.1.3/page_outcomes/equation_CDM/outcomes/improved,19
PAIRED_QUALITY.json,/versions/GBDT_V6.1.3/page_outcomes/equation_CDM/outcomes/worsened,33
PAIRED_QUALITY.json,/versions/GBDT_V6.1.3/page_outcomes/equation_CDM/outcomes/tied,261
PAIRED_QUALITY.json,/versions/GBDT_V6.1.3/page_outcomes/equation_CDM/outcomes/unmatchable,1338
PAIRED_QUALITY.json,/versions/GBDT_V6.1.3/page_outcomes/equation_CDM/page_denominator,1651
PAIRED_QUALITY.json,/versions/GBDT_V6.1.3/page_outcomes/equation_CDM/tie_tolerance,1e-06
PAIRED_QUALITY.json,/versions/GBDT_V6.1.3/eligible_native_region_outcomes/table/TEDS/regions/improved,56
PAIRED_QUALITY.json,/versions/GBDT_V6.1.3/eligible_native_region_outcomes/table/TEDS/regions/worsened,112
PAIRED_QUALITY.json,/versions/GBDT_V6.1.3/eligible_native_region_outcomes/table/TEDS/regions/tied,491
PAIRED_QUALITY.json,/versions/GBDT_V6.1.3/eligible_native_region_outcomes/table/TEDS/regions/unmatchable,11
PAIRED_QUALITY.json,/versions/GBDT_V6.1.3/eligible_native_region_outcomes/table/TEDS/unique_pages_by_outcome/improved,51
PAIRED_QUALITY.json,/versions/GBDT_V6.1.3/eligible_native_region_outcomes/table/TEDS/unique_pages_by_outcome/worsened,87
PAIRED_QUALITY.json,/versions/GBDT_V6.1.3/eligible_native_region_outcomes/table/TEDS/unique_pages_by_outcome/tied,357
PAIRED_QUALITY.json,/versions/GBDT_V6.1.3/eligible_native_region_outcomes/table/TEDS/unique_pages_by_outcome/unmatchable,8
PAIRED_QUALITY.json,/versions/GBDT_V6.1.3/eligible_native_region_outcomes/table/TEDS/region_denominator,670
PAIRED_QUALITY.json,/versions/GBDT_V6.1.3/eligible_native_region_outcomes/table/TEDS/page_denominator,1651
PAIRED_QUALITY.json,/versions/GBDT_V6.1.3/eligible_native_region_outcomes/table/TEDS/page_note,"""A page can contain both improved and worsened regions; outcome page sets are not mutually exclusive."""
PAIRED_QUALITY.json,/versions/GBDT_V6.1.3/eligible_native_region_outcomes/table/TEDS_structure_only/regions/improved,14
PAIRED_QUALITY.json,/versions/GBDT_V6.1.3/eligible_native_region_outcomes/table/TEDS_structure_only/regions/worsened,35
PAIRED_QUALITY.json,/versions/GBDT_V6.1.3/eligible_native_region_outcomes/table/TEDS_structure_only/regions/tied,610
PAIRED_QUALITY.json,/versions/GBDT_V6.1.3/eligible_native_region_outcomes/table/TEDS_structure_only/regions/unmatchable,11
PAIRED_QUALITY.json,/versions/GBDT_V6.1.3/eligible_native_region_outcomes/table/TEDS_structure_only/unique_pages_by_outcome/improved,14
PAIRED_QUALITY.json,/versions/GBDT_V6.1.3/eligible_native_region_outcomes/table/TEDS_structure_only/unique_pages_by_outcome/worsened,31
PAIRED_QUALITY.json,/versions/GBDT_V6.1.3/eligible_native_region_outcomes/table/TEDS_structure_only/unique_pages_by_outcome/tied,424
PAIRED_QUALITY.json,/versions/GBDT_V6.1.3/eligible_native_region_outcomes/table/TEDS_structure_only/unique_pages_by_outcome/unmatchable,8
PAIRED_QUALITY.json,/versions/GBDT_V6.1.3/eligible_native_region_outcomes/table/TEDS_structure_only/region_denominator,670
PAIRED_QUALITY.json,/versions/GBDT_V6.1.3/eligible_native_region_outcomes/table/TEDS_structure_only/page_denominator,1651
PAIRED_QUALITY.json,/versions/GBDT_V6.1.3/eligible_native_region_outcomes/table/TEDS_structure_only/page_note,"""A page can contain both improved and worsened regions; outcome page sets are not mutually exclusive."""
PAIRED_QUALITY.json,/versions/GBDT_V6.1.3/eligible_native_region_outcomes/table/Edit_dist/regions/improved,61
PAIRED_QUALITY.json,/versions/GBDT_V6.1.3/eligible_native_region_outcomes/table/Edit_dist/regions/worsened,107
PAIRED_QUALITY.json,/versions/GBDT_V6.1.3/eligible_native_region_outcomes/table/Edit_dist/regions/tied,491
PAIRED_QUALITY.json,/versions/GBDT_V6.1.3/eligible_native_region_outcomes/table/Edit_dist/regions/unmatchable,11
PAIRED_QUALITY.json,/versions/GBDT_V6.1.3/eligible_native_region_outcomes/table/Edit_dist/unique_pages_by_outcome/improved,53
PAIRED_QUALITY.json,/versions/GBDT_V6.1.3/eligible_native_region_outcomes/table/Edit_dist/unique_pages_by_outcome/worsened,83
PAIRED_QUALITY.json,/versions/GBDT_V6.1.3/eligible_native_region_outcomes/table/Edit_dist/unique_pages_by_outcome/tied,357
PAIRED_QUALITY.json,/versions/GBDT_V6.1.3/eligible_native_region_outcomes/table/Edit_dist/unique_pages_by_outcome/unmatchable,8
PAIRED_QUALITY.json,/versions/GBDT_V6.1.3/eligible_native_region_outcomes/table/Edit_dist/region_denominator,670
PAIRED_QUALITY.json,/versions/GBDT_V6.1.3/eligible_native_region_outcomes/table/Edit_dist/page_denominator,1651
PAIRED_QUALITY.json,/versions/GBDT_V6.1.3/eligible_native_region_outcomes/table/Edit_dist/page_note,"""A page can contain both improved and worsened regions; outcome page sets are not mutually exclusive."""
PAIRED_QUALITY.json,/versions/GBDT_V6.1.3/eligible_native_region_outcomes/equation/CDM/regions/improved,22
PAIRED_QUALITY.json,/versions/GBDT_V6.1.3/eligible_native_region_outcomes/equation/CDM/regions/worsened,45
PAIRED_QUALITY.json,/versions/GBDT_V6.1.3/eligible_native_region_outcomes/equation/CDM/regions/tied,1948
PAIRED_QUALITY.json,/versions/GBDT_V6.1.3/eligible_native_region_outcomes/equation/CDM/regions/unmatchable,356
PAIRED_QUALITY.json,/versions/GBDT_V6.1.3/eligible_native_region_outcomes/equation/CDM/unique_pages_by_outcome/improved,20
PAIRED_QUALITY.json,/versions/GBDT_V6.1.3/eligible_native_region_outcomes/equation/CDM/unique_pages_by_outcome/worsened,34
PAIRED_QUALITY.json,/versions/GBDT_V6.1.3/eligible_native_region_outcomes/equation/CDM/unique_pages_by_outcome/tied,298
PAIRED_QUALITY.json,/versions/GBDT_V6.1.3/eligible_native_region_outcomes/equation/CDM/unique_pages_by_outcome/unmatchable,116
PAIRED_QUALITY.json,/versions/GBDT_V6.1.3/eligible_native_region_outcomes/equation/CDM/region_denominator,2371
PAIRED_QUALITY.json,/versions/GBDT_V6.1.3/eligible_native_region_outcomes/equation/CDM/page_denominator,1651
PAIRED_QUALITY.json,/versions/GBDT_V6.1.3/eligible_native_region_outcomes/equation/CDM/page_note,"""A page can contain both improved and worsened regions; outcome page sets are not mutually exclusive."""
PAIRED_QUALITY.json,/versions/GBDT_V6.1.3/eligible_native_region_outcomes/equation/Edit_dist/regions/improved,73
PAIRED_QUALITY.json,/versions/GBDT_V6.1.3/eligible_native_region_outcomes/equation/Edit_dist/regions/worsened,73
PAIRED_QUALITY.json,/versions/GBDT_V6.1.3/eligible_native_region_outcomes/equation/Edit_dist/regions/tied,1869
PAIRED_QUALITY.json,/versions/GBDT_V6.1.3/eligible_native_region_outcomes/equation/Edit_dist/regions/unmatchable,356
PAIRED_QUALITY.json,/versions/GBDT_V6.1.3/eligible_native_region_outcomes/equation/Edit_dist/unique_pages_by_outcome/improved,57
PAIRED_QUALITY.json,/versions/GBDT_V6.1.3/eligible_native_region_outcomes/equation/Edit_dist/unique_pages_by_outcome/worsened,55
PAIRED_QUALITY.json,/versions/GBDT_V6.1.3/eligible_native_region_outcomes/equation/Edit_dist/unique_pages_by_outcome/tied,299
PAIRED_QUALITY.json,/versions/GBDT_V6.1.3/eligible_native_region_outcomes/equation/Edit_dist/unique_pages_by_outcome/unmatchable,116
PAIRED_QUALITY.json,/versions/GBDT_V6.1.3/eligible_native_region_outcomes/equation/Edit_dist/region_denominator,2371
PAIRED_QUALITY.json,/versions/GBDT_V6.1.3/eligible_native_region_outcomes/equation/Edit_dist/page_denominator,1651
PAIRED_QUALITY.json,/versions/GBDT_V6.1.3/eligible_native_region_outcomes/equation/Edit_dist/page_note,"""A page can contain both improved and worsened regions; outcome page sets are not mutually exclusive."""
PAIRED_QUALITY.json,/versions/GBDT_V6.1.3/combined_primary_component_outcomes/regions/improved,78
PAIRED_QUALITY.json,/versions/GBDT_V6.1.3/combined_primary_component_outcomes/regions/worsened,157
PAIRED_QUALITY.json,/versions/GBDT_V6.1.3/combined_primary_component_outcomes/regions/tied,2439
PAIRED_QUALITY.json,/versions/GBDT_V6.1.3/combined_primary_component_outcomes/regions/unmatchable,367
PAIRED_QUALITY.json,/versions/GBDT_V6.1.3/combined_primary_component_outcomes/unique_pages_by_outcome/improved,70
PAIRED_QUALITY.json,/versions/GBDT_V6.1.3/combined_primary_component_outcomes/unique_pages_by_outcome/worsened,121
PAIRED_QUALITY.json,/versions/GBDT_V6.1.3/combined_primary_component_outcomes/unique_pages_by_outcome/tied,637
PAIRED_QUALITY.json,/versions/GBDT_V6.1.3/combined_primary_component_outcomes/unique_pages_by_outcome/unmatchable,124
PAIRED_QUALITY.json,/versions/GBDT_V6.1.3/combined_primary_component_outcomes/region_denominator,3041
PAIRED_QUALITY.json,/versions/GBDT_V6.1.3/combined_primary_component_outcomes/page_denominator,1651
PAIRED_QUALITY.json,/versions/GBDT_V6.1.3/combined_primary_component_outcomes/definition,"""Union across tables by TEDS and formulas by CDM; diagnostic outcome counts, not a composite quality score. Page outcome sets can overlap."""
PAIRED_QUALITY.json,/versions/GBDT_V6.1.3/applied_canonical_region_outcomes/table/TEDS/regions/improved,56
PAIRED_QUALITY.json,/versions/GBDT_V6.1.3/applied_canonical_region_outcomes/table/TEDS/regions/worsened,112
PAIRED_QUALITY.json,/versions/GBDT_V6.1.3/applied_canonical_region_outcomes/table/TEDS/regions/tied,20
PAIRED_QUALITY.json,/versions/GBDT_V6.1.3/applied_canonical_region_outcomes/table/TEDS/regions/unmatchable,3
PAIRED_QUALITY.json,/versions/GBDT_V6.1.3/applied_canonical_region_outcomes/table/TEDS/unique_pages_by_outcome/improved,51
PAIRED_QUALITY.json,/versions/GBDT_V6.1.3/applied_canonical_region_outcomes/table/TEDS/unique_pages_by_outcome/worsened,87
PAIRED_QUALITY.json,/versions/GBDT_V6.1.3/applied_canonical_region_outcomes/table/TEDS/unique_pages_by_outcome/tied,20
PAIRED_QUALITY.json,/versions/GBDT_V6.1.3/applied_canonical_region_outcomes/table/TEDS/unique_pages_by_outcome/unmatchable,3
PAIRED_QUALITY.json,/versions/GBDT_V6.1.3/applied_canonical_region_outcomes/table/TEDS/region_denominator,191
PAIRED_QUALITY.json,/versions/GBDT_V6.1.3/applied_canonical_region_outcomes/table/TEDS/page_denominator,1651
PAIRED_QUALITY.json,/versions/GBDT_V6.1.3/applied_canonical_region_outcomes/table/TEDS_structure_only/regions/improved,14
PAIRED_QUALITY.json,/versions/GBDT_V6.1.3/applied_canonical_region_outcomes/table/TEDS_structure_only/regions/worsened,35
PAIRED_QUALITY.json,/versions/GBDT_V6.1.3/applied_canonical_region_outcomes/table/TEDS_structure_only/regions/tied,139
PAIRED_QUALITY.json,/versions/GBDT_V6.1.3/applied_canonical_region_outcomes/table/TEDS_structure_only/regions/unmatchable,3
PAIRED_QUALITY.json,/versions/GBDT_V6.1.3/applied_canonical_region_outcomes/table/TEDS_structure_only/unique_pages_by_outcome/improved,14
PAIRED_QUALITY.json,/versions/GBDT_V6.1.3/applied_canonical_region_outcomes/table/TEDS_structure_only/unique_pages_by_outcome/worsened,31
PAIRED_QUALITY.json,/versions/GBDT_V6.1.3/applied_canonical_region_outcomes/table/TEDS_structure_only/unique_pages_by_outcome/tied,109
PAIRED_QUALITY.json,/versions/GBDT_V6.1.3/applied_canonical_region_outcomes/table/TEDS_structure_only/unique_pages_by_outcome/unmatchable,3
PAIRED_QUALITY.json,/versions/GBDT_V6.1.3/applied_canonical_region_outcomes/table/TEDS_structure_only/region_denominator,191
PAIRED_QUALITY.json,/versions/GBDT_V6.1.3/applied_canonical_region_outcomes/table/TEDS_structure_only/page_denominator,1651
PAIRED_QUALITY.json,/versions/GBDT_V6.1.3/applied_canonical_region_outcomes/table/Edit_dist/regions/improved,61
PAIRED_QUALITY.json,/versions/GBDT_V6.1.3/applied_canonical_region_outcomes/table/Edit_dist/regions/worsened,107
PAIRED_QUALITY.json,/versions/GBDT_V6.1.3/applied_canonical_region_outcomes/table/Edit_dist/regions/tied,20
PAIRED_QUALITY.json,/versions/GBDT_V6.1.3/applied_canonical_region_outcomes/table/Edit_dist/regions/unmatchable,3
PAIRED_QUALITY.json,/versions/GBDT_V6.1.3/applied_canonical_region_outcomes/table/Edit_dist/unique_pages_by_outcome/improved,53
PAIRED_QUALITY.json,/versions/GBDT_V6.1.3/applied_canonical_region_outcomes/table/Edit_dist/unique_pages_by_outcome/worsened,83
PAIRED_QUALITY.json,/versions/GBDT_V6.1.3/applied_canonical_region_outcomes/table/Edit_dist/unique_pages_by_outcome/tied,20
PAIRED_QUALITY.json,/versions/GBDT_V6.1.3/applied_canonical_region_outcomes/table/Edit_dist/unique_pages_by_outcome/unmatchable,3
PAIRED_QUALITY.json,/versions/GBDT_V6.1.3/applied_canonical_region_outcomes/table/Edit_dist/region_denominator,191
PAIRED_QUALITY.json,/versions/GBDT_V6.1.3/applied_canonical_region_outcomes/table/Edit_dist/page_denominator,1651
PAIRED_QUALITY.json,/versions/GBDT_V6.1.3/applied_canonical_region_outcomes/equation/CDM/regions/improved,22
PAIRED_QUALITY.json,/versions/GBDT_V6.1.3/applied_canonical_region_outcomes/equation/CDM/regions/worsened,45
PAIRED_QUALITY.json,/versions/GBDT_V6.1.3/applied_canonical_region_outcomes/equation/CDM/regions/tied,207
PAIRED_QUALITY.json,/versions/GBDT_V6.1.3/applied_canonical_region_outcomes/equation/CDM/regions/unmatchable,64
PAIRED_QUALITY.json,/versions/GBDT_V6.1.3/applied_canonical_region_outcomes/equation/CDM/unique_pages_by_outcome/improved,20
PAIRED_QUALITY.json,/versions/GBDT_V6.1.3/applied_canonical_region_outcomes/equation/CDM/unique_pages_by_outcome/worsened,34
PAIRED_QUALITY.json,/versions/GBDT_V6.1.3/applied_canonical_region_outcomes/equation/CDM/unique_pages_by_outcome/tied,120
PAIRED_QUALITY.json,/versions/GBDT_V6.1.3/applied_canonical_region_outcomes/equation/CDM/unique_pages_by_outcome/unmatchable,40
PAIRED_QUALITY.json,/versions/GBDT_V6.1.3/applied_canonical_region_outcomes/equation/CDM/region_denominator,338
PAIRED_QUALITY.json,/versions/GBDT_V6.1.3/applied_canonical_region_outcomes/equation/CDM/page_denominator,1651
PAIRED_QUALITY.json,/versions/GBDT_V6.1.3/applied_canonical_region_outcomes/equation/Edit_dist/regions/improved,73
PAIRED_QUALITY.json,/versions/GBDT_V6.1.3/applied_canonical_region_outcomes/equation/Edit_dist/regions/worsened,73
PAIRED_QUALITY.json,/versions/GBDT_V6.1.3/applied_canonical_region_outcomes/equation/Edit_dist/regions/tied,128
PAIRED_QUALITY.json,/versions/GBDT_V6.1.3/applied_canonical_region_outcomes/equation/Edit_dist/regions/unmatchable,64
PAIRED_QUALITY.json,/versions/GBDT_V6.1.3/applied_canonical_region_outcomes/equation/Edit_dist/unique_pages_by_outcome/improved,57
PAIRED_QUALITY.json,/versions/GBDT_V6.1.3/applied_canonical_region_outcomes/equation/Edit_dist/unique_pages_by_outcome/worsened,55
PAIRED_QUALITY.json,/versions/GBDT_V6.1.3/applied_canonical_region_outcomes/equation/Edit_dist/unique_pages_by_outcome/tied,88
PAIRED_QUALITY.json,/versions/GBDT_V6.1.3/applied_canonical_region_outcomes/equation/Edit_dist/unique_pages_by_outcome/unmatchable,40
PAIRED_QUALITY.json,/versions/GBDT_V6.1.3/applied_canonical_region_outcomes/equation/Edit_dist/region_denominator,338
PAIRED_QUALITY.json,/versions/GBDT_V6.1.3/applied_canonical_region_outcomes/equation/Edit_dist/page_denominator,1651
PAIRED_QUALITY.json,/versions/GBDT_V6.1.3/applied_canonical_combined_primary_outcomes/regions/improved,78
PAIRED_QUALITY.json,/versions/GBDT_V6.1.3/applied_canonical_combined_primary_outcomes/regions/worsened,157
PAIRED_QUALITY.json,/versions/GBDT_V6.1.3/applied_canonical_combined_primary_outcomes/regions/tied,227
PAIRED_QUALITY.json,/versions/GBDT_V6.1.3/applied_canonical_combined_primary_outcomes/regions/unmatchable,67
PAIRED_QUALITY.json,/versions/GBDT_V6.1.3/applied_canonical_combined_primary_outcomes/unique_pages_by_outcome/improved,70
PAIRED_QUALITY.json,/versions/GBDT_V6.1.3/applied_canonical_combined_primary_outcomes/unique_pages_by_outcome/worsened,121
PAIRED_QUALITY.json,/versions/GBDT_V6.1.3/applied_canonical_combined_primary_outcomes/unique_pages_by_outcome/tied,140
PAIRED_QUALITY.json,/versions/GBDT_V6.1.3/applied_canonical_combined_primary_outcomes/unique_pages_by_outcome/unmatchable,43
PAIRED_QUALITY.json,/versions/GBDT_V6.1.3/applied_canonical_combined_primary_outcomes/region_denominator,529
PAIRED_QUALITY.json,/versions/GBDT_V6.1.3/applied_canonical_combined_primary_outcomes/page_denominator,1651
PAIRED_QUALITY.json,/versions/GBDT_V6.1.3/applied_canonical_combined_primary_outcomes/definition,"""Applied canonical output edits only; table TEDS/formula CDM labels. Diagnostic counts, not a composite score. Page sets can overlap."""
PAIRED_QUALITY.json,/versions/MLP_V6.2.1/official_sample_outcomes/table/TEDS/outcomes/improved,55
PAIRED_QUALITY.json,/versions/MLP_V6.2.1/official_sample_outcomes/table/TEDS/outcomes/worsened,105
PAIRED_QUALITY.json,/versions/MLP_V6.2.1/official_sample_outcomes/table/TEDS/outcomes/tied,505
PAIRED_QUALITY.json,/versions/MLP_V6.2.1/official_sample_outcomes/table/TEDS/outcomes/unmatchable,0
PAIRED_QUALITY.json,/versions/MLP_V6.2.1/official_sample_outcomes/table/TEDS/unit_denominator,665
PAIRED_QUALITY.json,/versions/MLP_V6.2.1/official_sample_outcomes/table/TEDS/baseline_scored_rows,665
PAIRED_QUALITY.json,/versions/MLP_V6.2.1/official_sample_outcomes/table/TEDS/version_scored_rows,665
PAIRED_QUALITY.json,/versions/MLP_V6.2.1/official_sample_outcomes/table/TEDS/mean_raw_delta_on_paired_units,-0.012352966945972084
PAIRED_QUALITY.json,/versions/MLP_V6.2.1/official_sample_outcomes/table/TEDS/correspondence,"""Same page, exact GT-index group and GT-text hash; unique in both outputs"""
PAIRED_QUALITY.json,/versions/MLP_V6.2.1/official_sample_outcomes/table/TEDS/direction,"""higher"""
PAIRED_QUALITY.json,/versions/MLP_V6.2.1/official_sample_outcomes/table/TEDS/tie_tolerance,1e-06
PAIRED_QUALITY.json,/versions/MLP_V6.2.1/official_sample_outcomes/table/TEDS_structure_only/outcomes/improved,15
PAIRED_QUALITY.json,/versions/MLP_V6.2.1/official_sample_outcomes/table/TEDS_structure_only/outcomes/worsened,41
PAIRED_QUALITY.json,/versions/MLP_V6.2.1/official_sample_outcomes/table/TEDS_structure_only/outcomes/tied,609
PAIRED_QUALITY.json,/versions/MLP_V6.2.1/official_sample_outcomes/table/TEDS_structure_only/outcomes/unmatchable,0
PAIRED_QUALITY.json,/versions/MLP_V6.2.1/official_sample_outcomes/table/TEDS_structure_only/unit_denominator,665
PAIRED_QUALITY.json,/versions/MLP_V6.2.1/official_sample_outcomes/table/TEDS_structure_only/baseline_scored_rows,665
PAIRED_QUALITY.json,/versions/MLP_V6.2.1/official_sample_outcomes/table/TEDS_structure_only/version_scored_rows,665
PAIRED_QUALITY.json,/versions/MLP_V6.2.1/official_sample_outcomes/table/TEDS_structure_only/mean_raw_delta_on_paired_units,-0.0070970625696409086
PAIRED_QUALITY.json,/versions/MLP_V6.2.1/official_sample_outcomes/table/TEDS_structure_only/correspondence,"""Same page, exact GT-index group and GT-text hash; unique in both outputs"""
PAIRED_QUALITY.json,/versions/MLP_V6.2.1/official_sample_outcomes/table/TEDS_structure_only/direction,"""higher"""
PAIRED_QUALITY.json,/versions/MLP_V6.2.1/official_sample_outcomes/table/TEDS_structure_only/tie_tolerance,1e-06
PAIRED_QUALITY.json,/versions/MLP_V6.2.1/official_sample_outcomes/table/Edit_dist/outcomes/improved,56
PAIRED_QUALITY.json,/versions/MLP_V6.2.1/official_sample_outcomes/table/Edit_dist/outcomes/worsened,103
PAIRED_QUALITY.json,/versions/MLP_V6.2.1/official_sample_outcomes/table/Edit_dist/outcomes/tied,506
PAIRED_QUALITY.json,/versions/MLP_V6.2.1/official_sample_outcomes/table/Edit_dist/outcomes/unmatchable,0
PAIRED_QUALITY.json,/versions/MLP_V6.2.1/official_sample_outcomes/table/Edit_dist/unit_denominator,665
PAIRED_QUALITY.json,/versions/MLP_V6.2.1/official_sample_outcomes/table/Edit_dist/baseline_scored_rows,665
PAIRED_QUALITY.json,/versions/MLP_V6.2.1/official_sample_outcomes/table/Edit_dist/version_scored_rows,665
PAIRED_QUALITY.json,/versions/MLP_V6.2.1/official_sample_outcomes/table/Edit_dist/mean_raw_delta_on_paired_units,0.006263898375265546
PAIRED_QUALITY.json,/versions/MLP_V6.2.1/official_sample_outcomes/table/Edit_dist/correspondence,"""Same page, exact GT-index group and GT-text hash; unique in both outputs"""
PAIRED_QUALITY.json,/versions/MLP_V6.2.1/official_sample_outcomes/table/Edit_dist/direction,"""lower"""
PAIRED_QUALITY.json,/versions/MLP_V6.2.1/official_sample_outcomes/table/Edit_dist/tie_tolerance,1e-06
PAIRED_QUALITY.json,/versions/MLP_V6.2.1/official_sample_outcomes/equation/CDM/outcomes/improved,0
PAIRED_QUALITY.json,/versions/MLP_V6.2.1/official_sample_outcomes/equation/CDM/outcomes/worsened,0
PAIRED_QUALITY.json,/versions/MLP_V6.2.1/official_sample_outcomes/equation/CDM/outcomes/tied,2352
PAIRED_QUALITY.json,/versions/MLP_V6.2.1/official_sample_outcomes/equation/CDM/outcomes/unmatchable,0
PAIRED_QUALITY.json,/versions/MLP_V6.2.1/official_sample_outcomes/equation/CDM/unit_denominator,2352
PAIRED_QUALITY.json,/versions/MLP_V6.2.1/official_sample_outcomes/equation/CDM/baseline_scored_rows,2352
PAIRED_QUALITY.json,/versions/MLP_V6.2.1/official_sample_outcomes/equation/CDM/version_scored_rows,2352
PAIRED_QUALITY.json,/versions/MLP_V6.2.1/official_sample_outcomes/equation/CDM/mean_raw_delta_on_paired_units,0.0
PAIRED_QUALITY.json,/versions/MLP_V6.2.1/official_sample_outcomes/equation/CDM/correspondence,"""Same page, exact GT-index group and GT-text hash; unique in both outputs"""
PAIRED_QUALITY.json,/versions/MLP_V6.2.1/official_sample_outcomes/equation/CDM/direction,"""higher"""
PAIRED_QUALITY.json,/versions/MLP_V6.2.1/official_sample_outcomes/equation/CDM/tie_tolerance,1e-06
PAIRED_QUALITY.json,/versions/MLP_V6.2.1/official_sample_outcomes/equation/Edit_dist/outcomes/improved,0
PAIRED_QUALITY.json,/versions/MLP_V6.2.1/official_sample_outcomes/equation/Edit_dist/outcomes/worsened,0
PAIRED_QUALITY.json,/versions/MLP_V6.2.1/official_sample_outcomes/equation/Edit_dist/outcomes/tied,2352
PAIRED_QUALITY.json,/versions/MLP_V6.2.1/official_sample_outcomes/equation/Edit_dist/outcomes/unmatchable,0
PAIRED_QUALITY.json,/versions/MLP_V6.2.1/official_sample_outcomes/equation/Edit_dist/unit_denominator,2352
PAIRED_QUALITY.json,/versions/MLP_V6.2.1/official_sample_outcomes/equation/Edit_dist/baseline_scored_rows,2352
PAIRED_QUALITY.json,/versions/MLP_V6.2.1/official_sample_outcomes/equation/Edit_dist/version_scored_rows,2352
PAIRED_QUALITY.json,/versions/MLP_V6.2.1/official_sample_outcomes/equation/Edit_dist/mean_raw_delta_on_paired_units,0.0
PAIRED_QUALITY.json,/versions/MLP_V6.2.1/official_sample_outcomes/equation/Edit_dist/correspondence,"""Same page, exact GT-index group and GT-text hash; unique in both outputs"""
PAIRED_QUALITY.json,/versions/MLP_V6.2.1/official_sample_outcomes/equation/Edit_dist/direction,"""lower"""
PAIRED_QUALITY.json,/versions/MLP_V6.2.1/official_sample_outcomes/equation/Edit_dist/tie_tolerance,1e-06
PAIRED_QUALITY.json,/versions/MLP_V6.2.1/page_outcomes/text_block_edit/outcomes/improved,0
PAIRED_QUALITY.json,/versions/MLP_V6.2.1/page_outcomes/text_block_edit/outcomes/worsened,0
PAIRED_QUALITY.json,/versions/MLP_V6.2.1/page_outcomes/text_block_edit/outcomes/tied,1557
PAIRED_QUALITY.json,/versions/MLP_V6.2.1/page_outcomes/text_block_edit/outcomes/unmatchable,94
PAIRED_QUALITY.json,/versions/MLP_V6.2.1/page_outcomes/text_block_edit/page_denominator,1651
PAIRED_QUALITY.json,/versions/MLP_V6.2.1/page_outcomes/text_block_edit/tie_tolerance,1e-06
PAIRED_QUALITY.json,/versions/MLP_V6.2.1/page_outcomes/display_formula_edit/outcomes/improved,0
PAIRED_QUALITY.json,/versions/MLP_V6.2.1/page_outcomes/display_formula_edit/outcomes/worsened,0
PAIRED_QUALITY.json,/versions/MLP_V6.2.1/page_outcomes/display_formula_edit/outcomes/tied,313
PAIRED_QUALITY.json,/versions/MLP_V6.2.1/page_outcomes/display_formula_edit/outcomes/unmatchable,1338
PAIRED_QUALITY.json,/versions/MLP_V6.2.1/page_outcomes/display_formula_edit/page_denominator,1651
PAIRED_QUALITY.json,/versions/MLP_V6.2.1/page_outcomes/display_formula_edit/tie_tolerance,1e-06
PAIRED_QUALITY.json,/versions/MLP_V6.2.1/page_outcomes/table_edit/outcomes/improved,50
PAIRED_QUALITY.json,/versions/MLP_V6.2.1/page_outcomes/table_edit/outcomes/worsened,71
PAIRED_QUALITY.json,/versions/MLP_V6.2.1/page_outcomes/table_edit/outcomes/tied,337
PAIRED_QUALITY.json,/versions/MLP_V6.2.1/page_outcomes/table_edit/outcomes/unmatchable,1193
PAIRED_QUALITY.json,/versions/MLP_V6.2.1/page_outcomes/table_edit/page_denominator,1651
PAIRED_QUALITY.json,/versions/MLP_V6.2.1/page_outcomes/table_edit/tie_tolerance,1e-06
PAIRED_QUALITY.json,/versions/MLP_V6.2.1/page_outcomes/reading_order_edit/outcomes/improved,0
PAIRED_QUALITY.json,/versions/MLP_V6.2.1/page_outcomes/reading_order_edit/outcomes/worsened,0
PAIRED_QUALITY.json,/versions/MLP_V6.2.1/page_outcomes/reading_order_edit/outcomes/tied,1638
PAIRED_QUALITY.json,/versions/MLP_V6.2.1/page_outcomes/reading_order_edit/outcomes/unmatchable,13
PAIRED_QUALITY.json,/versions/MLP_V6.2.1/page_outcomes/reading_order_edit/page_denominator,1651
PAIRED_QUALITY.json,/versions/MLP_V6.2.1/page_outcomes/reading_order_edit/tie_tolerance,1e-06
PAIRED_QUALITY.json,/versions/MLP_V6.2.1/page_outcomes/table_TEDS/outcomes/improved,48
PAIRED_QUALITY.json,/versions/MLP_V6.2.1/page_outcomes/table_TEDS/outcomes/worsened,75
PAIRED_QUALITY.json,/versions/MLP_V6.2.1/page_outcomes/table_TEDS/outcomes/tied,335
PAIRED_QUALITY.json,/versions/MLP_V6.2.1/page_outcomes/table_TEDS/outcomes/unmatchable,1193
PAIRED_QUALITY.json,/versions/MLP_V6.2.1/page_outcomes/table_TEDS/page_denominator,1651
PAIRED_QUALITY.json,/versions/MLP_V6.2.1/page_outcomes/table_TEDS/tie_tolerance,1e-06
PAIRED_QUALITY.json,/versions/MLP_V6.2.1/page_outcomes/table_TEDS_structure_only/outcomes/improved,14
PAIRED_QUALITY.json,/versions/MLP_V6.2.1/page_outcomes/table_TEDS_structure_only/outcomes/worsened,35
PAIRED_QUALITY.json,/versions/MLP_V6.2.1/page_outcomes/table_TEDS_structure_only/outcomes/tied,409
PAIRED_QUALITY.json,/versions/MLP_V6.2.1/page_outcomes/table_TEDS_structure_only/outcomes/unmatchable,1193
PAIRED_QUALITY.json,/versions/MLP_V6.2.1/page_outcomes/table_TEDS_structure_only/page_denominator,1651
PAIRED_QUALITY.json,/versions/MLP_V6.2.1/page_outcomes/table_TEDS_structure_only/tie_tolerance,1e-06
PAIRED_QUALITY.json,/versions/MLP_V6.2.1/page_outcomes/equation_CDM/outcomes/improved,0
PAIRED_QUALITY.json,/versions/MLP_V6.2.1/page_outcomes/equation_CDM/outcomes/worsened,0
PAIRED_QUALITY.json,/versions/MLP_V6.2.1/page_outcomes/equation_CDM/outcomes/tied,313
PAIRED_QUALITY.json,/versions/MLP_V6.2.1/page_outcomes/equation_CDM/outcomes/unmatchable,1338
PAIRED_QUALITY.json,/versions/MLP_V6.2.1/page_outcomes/equation_CDM/page_denominator,1651
PAIRED_QUALITY.json,/versions/MLP_V6.2.1/page_outcomes/equation_CDM/tie_tolerance,1e-06
PAIRED_QUALITY.json,/versions/MLP_V6.2.1/eligible_native_region_outcomes/table/TEDS/regions/improved,55
PAIRED_QUALITY.json,/versions/MLP_V6.2.1/eligible_native_region_outcomes/table/TEDS/regions/worsened,105
PAIRED_QUALITY.json,/versions/MLP_V6.2.1/eligible_native_region_outcomes/table/TEDS/regions/tied,499
PAIRED_QUALITY.json,/versions/MLP_V6.2.1/eligible_native_region_outcomes/table/TEDS/regions/unmatchable,11
PAIRED_QUALITY.json,/versions/MLP_V6.2.1/eligible_native_region_outcomes/table/TEDS/unique_pages_by_outcome/improved,50
PAIRED_QUALITY.json,/versions/MLP_V6.2.1/eligible_native_region_outcomes/table/TEDS/unique_pages_by_outcome/worsened,77
PAIRED_QUALITY.json,/versions/MLP_V6.2.1/eligible_native_region_outcomes/table/TEDS/unique_pages_by_outcome/tied,362
PAIRED_QUALITY.json,/versions/MLP_V6.2.1/eligible_native_region_outcomes/table/TEDS/unique_pages_by_outcome/unmatchable,8
PAIRED_QUALITY.json,/versions/MLP_V6.2.1/eligible_native_region_outcomes/table/TEDS/region_denominator,670
PAIRED_QUALITY.json,/versions/MLP_V6.2.1/eligible_native_region_outcomes/table/TEDS/page_denominator,1651
PAIRED_QUALITY.json,/versions/MLP_V6.2.1/eligible_native_region_outcomes/table/TEDS/page_note,"""A page can contain both improved and worsened regions; outcome page sets are not mutually exclusive."""
PAIRED_QUALITY.json,/versions/MLP_V6.2.1/eligible_native_region_outcomes/table/TEDS_structure_only/regions/improved,15
PAIRED_QUALITY.json,/versions/MLP_V6.2.1/eligible_native_region_outcomes/table/TEDS_structure_only/regions/worsened,41
PAIRED_QUALITY.json,/versions/MLP_V6.2.1/eligible_native_region_outcomes/table/TEDS_structure_only/regions/tied,603
PAIRED_QUALITY.json,/versions/MLP_V6.2.1/eligible_native_region_outcomes/table/TEDS_structure_only/regions/unmatchable,11
PAIRED_QUALITY.json,/versions/MLP_V6.2.1/eligible_native_region_outcomes/table/TEDS_structure_only/unique_pages_by_outcome/improved,14
PAIRED_QUALITY.json,/versions/MLP_V6.2.1/eligible_native_region_outcomes/table/TEDS_structure_only/unique_pages_by_outcome/worsened,37
PAIRED_QUALITY.json,/versions/MLP_V6.2.1/eligible_native_region_outcomes/table/TEDS_structure_only/unique_pages_by_outcome/tied,417
PAIRED_QUALITY.json,/versions/MLP_V6.2.1/eligible_native_region_outcomes/table/TEDS_structure_only/unique_pages_by_outcome/unmatchable,8
PAIRED_QUALITY.json,/versions/MLP_V6.2.1/eligible_native_region_outcomes/table/TEDS_structure_only/region_denominator,670
PAIRED_QUALITY.json,/versions/MLP_V6.2.1/eligible_native_region_outcomes/table/TEDS_structure_only/page_denominator,1651
PAIRED_QUALITY.json,/versions/MLP_V6.2.1/eligible_native_region_outcomes/table/TEDS_structure_only/page_note,"""A page can contain both improved and worsened regions; outcome page sets are not mutually exclusive."""
PAIRED_QUALITY.json,/versions/MLP_V6.2.1/eligible_native_region_outcomes/table/Edit_dist/regions/improved,56
PAIRED_QUALITY.json,/versions/MLP_V6.2.1/eligible_native_region_outcomes/table/Edit_dist/regions/worsened,103
PAIRED_QUALITY.json,/versions/MLP_V6.2.1/eligible_native_region_outcomes/table/Edit_dist/regions/tied,500
PAIRED_QUALITY.json,/versions/MLP_V6.2.1/eligible_native_region_outcomes/table/Edit_dist/regions/unmatchable,11
PAIRED_QUALITY.json,/versions/MLP_V6.2.1/eligible_native_region_outcomes/table/Edit_dist/unique_pages_by_outcome/improved,51
PAIRED_QUALITY.json,/versions/MLP_V6.2.1/eligible_native_region_outcomes/table/Edit_dist/unique_pages_by_outcome/worsened,74
PAIRED_QUALITY.json,/versions/MLP_V6.2.1/eligible_native_region_outcomes/table/Edit_dist/unique_pages_by_outcome/tied,363
PAIRED_QUALITY.json,/versions/MLP_V6.2.1/eligible_native_region_outcomes/table/Edit_dist/unique_pages_by_outcome/unmatchable,8
PAIRED_QUALITY.json,/versions/MLP_V6.2.1/eligible_native_region_outcomes/table/Edit_dist/region_denominator,670
PAIRED_QUALITY.json,/versions/MLP_V6.2.1/eligible_native_region_outcomes/table/Edit_dist/page_denominator,1651
PAIRED_QUALITY.json,/versions/MLP_V6.2.1/eligible_native_region_outcomes/table/Edit_dist/page_note,"""A page can contain both improved and worsened regions; outcome page sets are not mutually exclusive."""
PAIRED_QUALITY.json,/versions/MLP_V6.2.1/combined_primary_component_outcomes/regions/improved,55
PAIRED_QUALITY.json,/versions/MLP_V6.2.1/combined_primary_component_outcomes/regions/worsened,105
PAIRED_QUALITY.json,/versions/MLP_V6.2.1/combined_primary_component_outcomes/regions/tied,499
PAIRED_QUALITY.json,/versions/MLP_V6.2.1/combined_primary_component_outcomes/regions/unmatchable,11
PAIRED_QUALITY.json,/versions/MLP_V6.2.1/combined_primary_component_outcomes/unique_pages_by_outcome/improved,50
PAIRED_QUALITY.json,/versions/MLP_V6.2.1/combined_primary_component_outcomes/unique_pages_by_outcome/worsened,77
PAIRED_QUALITY.json,/versions/MLP_V6.2.1/combined_primary_component_outcomes/unique_pages_by_outcome/tied,362
PAIRED_QUALITY.json,/versions/MLP_V6.2.1/combined_primary_component_outcomes/unique_pages_by_outcome/unmatchable,8
PAIRED_QUALITY.json,/versions/MLP_V6.2.1/combined_primary_component_outcomes/region_denominator,670
PAIRED_QUALITY.json,/versions/MLP_V6.2.1/combined_primary_component_outcomes/page_denominator,1651
PAIRED_QUALITY.json,/versions/MLP_V6.2.1/combined_primary_component_outcomes/definition,"""Union across tables by TEDS and formulas by CDM; diagnostic outcome counts, not a composite quality score. Page outcome sets can overlap."""
PAIRED_QUALITY.json,/versions/MLP_V6.2.1/applied_canonical_region_outcomes/table/TEDS/regions/improved,55
PAIRED_QUALITY.json,/versions/MLP_V6.2.1/applied_canonical_region_outcomes/table/TEDS/regions/worsened,105
PAIRED_QUALITY.json,/versions/MLP_V6.2.1/applied_canonical_region_outcomes/table/TEDS/regions/tied,23
PAIRED_QUALITY.json,/versions/MLP_V6.2.1/applied_canonical_region_outcomes/table/TEDS/regions/unmatchable,2
PAIRED_QUALITY.json,/versions/MLP_V6.2.1/applied_canonical_region_outcomes/table/TEDS/unique_pages_by_outcome/improved,50
PAIRED_QUALITY.json,/versions/MLP_V6.2.1/applied_canonical_region_outcomes/table/TEDS/unique_pages_by_outcome/worsened,77
PAIRED_QUALITY.json,/versions/MLP_V6.2.1/applied_canonical_region_outcomes/table/TEDS/unique_pages_by_outcome/tied,22
PAIRED_QUALITY.json,/versions/MLP_V6.2.1/applied_canonical_region_outcomes/table/TEDS/unique_pages_by_outcome/unmatchable,2
PAIRED_QUALITY.json,/versions/MLP_V6.2.1/applied_canonical_region_outcomes/table/TEDS/region_denominator,185
PAIRED_QUALITY.json,/versions/MLP_V6.2.1/applied_canonical_region_outcomes/table/TEDS/page_denominator,1651
PAIRED_QUALITY.json,/versions/MLP_V6.2.1/applied_canonical_region_outcomes/table/TEDS_structure_only/regions/improved,15
PAIRED_QUALITY.json,/versions/MLP_V6.2.1/applied_canonical_region_outcomes/table/TEDS_structure_only/regions/worsened,41
PAIRED_QUALITY.json,/versions/MLP_V6.2.1/applied_canonical_region_outcomes/table/TEDS_structure_only/regions/tied,127
PAIRED_QUALITY.json,/versions/MLP_V6.2.1/applied_canonical_region_outcomes/table/TEDS_structure_only/regions/unmatchable,2
PAIRED_QUALITY.json,/versions/MLP_V6.2.1/applied_canonical_region_outcomes/table/TEDS_structure_only/unique_pages_by_outcome/improved,14
PAIRED_QUALITY.json,/versions/MLP_V6.2.1/applied_canonical_region_outcomes/table/TEDS_structure_only/unique_pages_by_outcome/worsened,37
PAIRED_QUALITY.json,/versions/MLP_V6.2.1/applied_canonical_region_outcomes/table/TEDS_structure_only/unique_pages_by_outcome/tied,100
PAIRED_QUALITY.json,/versions/MLP_V6.2.1/applied_canonical_region_outcomes/table/TEDS_structure_only/unique_pages_by_outcome/unmatchable,2
PAIRED_QUALITY.json,/versions/MLP_V6.2.1/applied_canonical_region_outcomes/table/TEDS_structure_only/region_denominator,185
PAIRED_QUALITY.json,/versions/MLP_V6.2.1/applied_canonical_region_outcomes/table/TEDS_structure_only/page_denominator,1651
PAIRED_QUALITY.json,/versions/MLP_V6.2.1/applied_canonical_region_outcomes/table/Edit_dist/regions/improved,56
PAIRED_QUALITY.json,/versions/MLP_V6.2.1/applied_canonical_region_outcomes/table/Edit_dist/regions/worsened,103
PAIRED_QUALITY.json,/versions/MLP_V6.2.1/applied_canonical_region_outcomes/table/Edit_dist/regions/tied,24
PAIRED_QUALITY.json,/versions/MLP_V6.2.1/applied_canonical_region_outcomes/table/Edit_dist/regions/unmatchable,2
PAIRED_QUALITY.json,/versions/MLP_V6.2.1/applied_canonical_region_outcomes/table/Edit_dist/unique_pages_by_outcome/improved,51
PAIRED_QUALITY.json,/versions/MLP_V6.2.1/applied_canonical_region_outcomes/table/Edit_dist/unique_pages_by_outcome/worsened,74
PAIRED_QUALITY.json,/versions/MLP_V6.2.1/applied_canonical_region_outcomes/table/Edit_dist/unique_pages_by_outcome/tied,23
PAIRED_QUALITY.json,/versions/MLP_V6.2.1/applied_canonical_region_outcomes/table/Edit_dist/unique_pages_by_outcome/unmatchable,2
PAIRED_QUALITY.json,/versions/MLP_V6.2.1/applied_canonical_region_outcomes/table/Edit_dist/region_denominator,185
PAIRED_QUALITY.json,/versions/MLP_V6.2.1/applied_canonical_region_outcomes/table/Edit_dist/page_denominator,1651
PAIRED_QUALITY.json,/versions/MLP_V6.2.1/applied_canonical_combined_primary_outcomes/regions/improved,55
PAIRED_QUALITY.json,/versions/MLP_V6.2.1/applied_canonical_combined_primary_outcomes/regions/worsened,105
PAIRED_QUALITY.json,/versions/MLP_V6.2.1/applied_canonical_combined_primary_outcomes/regions/tied,23
PAIRED_QUALITY.json,/versions/MLP_V6.2.1/applied_canonical_combined_primary_outcomes/regions/unmatchable,2
PAIRED_QUALITY.json,/versions/MLP_V6.2.1/applied_canonical_combined_primary_outcomes/unique_pages_by_outcome/improved,50
PAIRED_QUALITY.json,/versions/MLP_V6.2.1/applied_canonical_combined_primary_outcomes/unique_pages_by_outcome/worsened,77
PAIRED_QUALITY.json,/versions/MLP_V6.2.1/applied_canonical_combined_primary_outcomes/unique_pages_by_outcome/tied,22
PAIRED_QUALITY.json,/versions/MLP_V6.2.1/applied_canonical_combined_primary_outcomes/unique_pages_by_outcome/unmatchable,2
PAIRED_QUALITY.json,/versions/MLP_V6.2.1/applied_canonical_combined_primary_outcomes/region_denominator,185
PAIRED_QUALITY.json,/versions/MLP_V6.2.1/applied_canonical_combined_primary_outcomes/page_denominator,1651
PAIRED_QUALITY.json,/versions/MLP_V6.2.1/applied_canonical_combined_primary_outcomes/definition,"""Applied canonical output edits only; table TEDS/formula CDM labels. Diagnostic counts, not a composite score. Page sets can overlap."""
PAIRED_QUALITY.json,/versions/MLP_V6.2.2/official_sample_outcomes/table/TEDS/outcomes/improved,0
PAIRED_QUALITY.json,/versions/MLP_V6.2.2/official_sample_outcomes/table/TEDS/outcomes/worsened,0
PAIRED_QUALITY.json,/versions/MLP_V6.2.2/official_sample_outcomes/table/TEDS/outcomes/tied,665
PAIRED_QUALITY.json,/versions/MLP_V6.2.2/official_sample_outcomes/table/TEDS/outcomes/unmatchable,0
PAIRED_QUALITY.json,/versions/MLP_V6.2.2/official_sample_outcomes/table/TEDS/unit_denominator,665
PAIRED_QUALITY.json,/versions/MLP_V6.2.2/official_sample_outcomes/table/TEDS/baseline_scored_rows,665
PAIRED_QUALITY.json,/versions/MLP_V6.2.2/official_sample_outcomes/table/TEDS/version_scored_rows,665
PAIRED_QUALITY.json,/versions/MLP_V6.2.2/official_sample_outcomes/table/TEDS/mean_raw_delta_on_paired_units,0.0
PAIRED_QUALITY.json,/versions/MLP_V6.2.2/official_sample_outcomes/table/TEDS/correspondence,"""Same page, exact GT-index group and GT-text hash; unique in both outputs"""
PAIRED_QUALITY.json,/versions/MLP_V6.2.2/official_sample_outcomes/table/TEDS/direction,"""higher"""
PAIRED_QUALITY.json,/versions/MLP_V6.2.2/official_sample_outcomes/table/TEDS/tie_tolerance,1e-06
PAIRED_QUALITY.json,/versions/MLP_V6.2.2/official_sample_outcomes/table/TEDS_structure_only/outcomes/improved,0
PAIRED_QUALITY.json,/versions/MLP_V6.2.2/official_sample_outcomes/table/TEDS_structure_only/outcomes/worsened,0
PAIRED_QUALITY.json,/versions/MLP_V6.2.2/official_sample_outcomes/table/TEDS_structure_only/outcomes/tied,665
PAIRED_QUALITY.json,/versions/MLP_V6.2.2/official_sample_outcomes/table/TEDS_structure_only/outcomes/unmatchable,0
PAIRED_QUALITY.json,/versions/MLP_V6.2.2/official_sample_outcomes/table/TEDS_structure_only/unit_denominator,665
PAIRED_QUALITY.json,/versions/MLP_V6.2.2/official_sample_outcomes/table/TEDS_structure_only/baseline_scored_rows,665
PAIRED_QUALITY.json,/versions/MLP_V6.2.2/official_sample_outcomes/table/TEDS_structure_only/version_scored_rows,665
PAIRED_QUALITY.json,/versions/MLP_V6.2.2/official_sample_outcomes/table/TEDS_structure_only/mean_raw_delta_on_paired_units,0.0
PAIRED_QUALITY.json,/versions/MLP_V6.2.2/official_sample_outcomes/table/TEDS_structure_only/correspondence,"""Same page, exact GT-index group and GT-text hash; unique in both outputs"""
PAIRED_QUALITY.json,/versions/MLP_V6.2.2/official_sample_outcomes/table/TEDS_structure_only/direction,"""higher"""
PAIRED_QUALITY.json,/versions/MLP_V6.2.2/official_sample_outcomes/table/TEDS_structure_only/tie_tolerance,1e-06
PAIRED_QUALITY.json,/versions/MLP_V6.2.2/official_sample_outcomes/table/Edit_dist/outcomes/improved,0
PAIRED_QUALITY.json,/versions/MLP_V6.2.2/official_sample_outcomes/table/Edit_dist/outcomes/worsened,0
PAIRED_QUALITY.json,/versions/MLP_V6.2.2/official_sample_outcomes/table/Edit_dist/outcomes/tied,665
PAIRED_QUALITY.json,/versions/MLP_V6.2.2/official_sample_outcomes/table/Edit_dist/outcomes/unmatchable,0
PAIRED_QUALITY.json,/versions/MLP_V6.2.2/official_sample_outcomes/table/Edit_dist/unit_denominator,665
PAIRED_QUALITY.json,/versions/MLP_V6.2.2/official_sample_outcomes/table/Edit_dist/baseline_scored_rows,665
PAIRED_QUALITY.json,/versions/MLP_V6.2.2/official_sample_outcomes/table/Edit_dist/version_scored_rows,665
PAIRED_QUALITY.json,/versions/MLP_V6.2.2/official_sample_outcomes/table/Edit_dist/mean_raw_delta_on_paired_units,0.0
PAIRED_QUALITY.json,/versions/MLP_V6.2.2/official_sample_outcomes/table/Edit_dist/correspondence,"""Same page, exact GT-index group and GT-text hash; unique in both outputs"""
PAIRED_QUALITY.json,/versions/MLP_V6.2.2/official_sample_outcomes/table/Edit_dist/direction,"""lower"""
PAIRED_QUALITY.json,/versions/MLP_V6.2.2/official_sample_outcomes/table/Edit_dist/tie_tolerance,1e-06
PAIRED_QUALITY.json,/versions/MLP_V6.2.2/official_sample_outcomes/equation/CDM/outcomes/improved,37
PAIRED_QUALITY.json,/versions/MLP_V6.2.2/official_sample_outcomes/equation/CDM/outcomes/worsened,51
PAIRED_QUALITY.json,/versions/MLP_V6.2.2/official_sample_outcomes/equation/CDM/outcomes/tied,2245
PAIRED_QUALITY.json,/versions/MLP_V6.2.2/official_sample_outcomes/equation/CDM/outcomes/unmatchable,38
PAIRED_QUALITY.json,/versions/MLP_V6.2.2/official_sample_outcomes/equation/CDM/unit_denominator,2371
PAIRED_QUALITY.json,/versions/MLP_V6.2.2/official_sample_outcomes/equation/CDM/baseline_scored_rows,2352
PAIRED_QUALITY.json,/versions/MLP_V6.2.2/official_sample_outcomes/equation/CDM/version_scored_rows,2352
PAIRED_QUALITY.json,/versions/MLP_V6.2.2/official_sample_outcomes/equation/CDM/mean_raw_delta_on_paired_units,0.0003339048435490782
PAIRED_QUALITY.json,/versions/MLP_V6.2.2/official_sample_outcomes/equation/CDM/correspondence,"""Same page, exact GT-index group and GT-text hash; unique in both outputs"""
PAIRED_QUALITY.json,/versions/MLP_V6.2.2/official_sample_outcomes/equation/CDM/direction,"""higher"""
PAIRED_QUALITY.json,/versions/MLP_V6.2.2/official_sample_outcomes/equation/CDM/tie_tolerance,1e-06
PAIRED_QUALITY.json,/versions/MLP_V6.2.2/official_sample_outcomes/equation/Edit_dist/outcomes/improved,85
PAIRED_QUALITY.json,/versions/MLP_V6.2.2/official_sample_outcomes/equation/Edit_dist/outcomes/worsened,97
PAIRED_QUALITY.json,/versions/MLP_V6.2.2/official_sample_outcomes/equation/Edit_dist/outcomes/tied,2151
PAIRED_QUALITY.json,/versions/MLP_V6.2.2/official_sample_outcomes/equation/Edit_dist/outcomes/unmatchable,38
PAIRED_QUALITY.json,/versions/MLP_V6.2.2/official_sample_outcomes/equation/Edit_dist/unit_denominator,2371
PAIRED_QUALITY.json,/versions/MLP_V6.2.2/official_sample_outcomes/equation/Edit_dist/baseline_scored_rows,2352
PAIRED_QUALITY.json,/versions/MLP_V6.2.2/official_sample_outcomes/equation/Edit_dist/version_scored_rows,2352
PAIRED_QUALITY.json,/versions/MLP_V6.2.2/official_sample_outcomes/equation/Edit_dist/mean_raw_delta_on_paired_units,0.0001732598693651884
PAIRED_QUALITY.json,/versions/MLP_V6.2.2/official_sample_outcomes/equation/Edit_dist/correspondence,"""Same page, exact GT-index group and GT-text hash; unique in both outputs"""
PAIRED_QUALITY.json,/versions/MLP_V6.2.2/official_sample_outcomes/equation/Edit_dist/direction,"""lower"""
PAIRED_QUALITY.json,/versions/MLP_V6.2.2/official_sample_outcomes/equation/Edit_dist/tie_tolerance,1e-06
PAIRED_QUALITY.json,/versions/MLP_V6.2.2/page_outcomes/text_block_edit/outcomes/improved,4
PAIRED_QUALITY.json,/versions/MLP_V6.2.2/page_outcomes/text_block_edit/outcomes/worsened,4
PAIRED_QUALITY.json,/versions/MLP_V6.2.2/page_outcomes/text_block_edit/outcomes/tied,1549
PAIRED_QUALITY.json,/versions/MLP_V6.2.2/page_outcomes/text_block_edit/outcomes/unmatchable,94
PAIRED_QUALITY.json,/versions/MLP_V6.2.2/page_outcomes/text_block_edit/page_denominator,1651
PAIRED_QUALITY.json,/versions/MLP_V6.2.2/page_outcomes/text_block_edit/tie_tolerance,1e-06
PAIRED_QUALITY.json,/versions/MLP_V6.2.2/page_outcomes/display_formula_edit/outcomes/improved,53
PAIRED_QUALITY.json,/versions/MLP_V6.2.2/page_outcomes/display_formula_edit/outcomes/worsened,53
PAIRED_QUALITY.json,/versions/MLP_V6.2.2/page_outcomes/display_formula_edit/outcomes/tied,207
PAIRED_QUALITY.json,/versions/MLP_V6.2.2/page_outcomes/display_formula_edit/outcomes/unmatchable,1338
PAIRED_QUALITY.json,/versions/MLP_V6.2.2/page_outcomes/display_formula_edit/page_denominator,1651
PAIRED_QUALITY.json,/versions/MLP_V6.2.2/page_outcomes/display_formula_edit/tie_tolerance,1e-06
PAIRED_QUALITY.json,/versions/MLP_V6.2.2/page_outcomes/table_edit/outcomes/improved,0
PAIRED_QUALITY.json,/versions/MLP_V6.2.2/page_outcomes/table_edit/outcomes/worsened,0
PAIRED_QUALITY.json,/versions/MLP_V6.2.2/page_outcomes/table_edit/outcomes/tied,458
PAIRED_QUALITY.json,/versions/MLP_V6.2.2/page_outcomes/table_edit/outcomes/unmatchable,1193
PAIRED_QUALITY.json,/versions/MLP_V6.2.2/page_outcomes/table_edit/page_denominator,1651
PAIRED_QUALITY.json,/versions/MLP_V6.2.2/page_outcomes/table_edit/tie_tolerance,1e-06
PAIRED_QUALITY.json,/versions/MLP_V6.2.2/page_outcomes/reading_order_edit/outcomes/improved,4
PAIRED_QUALITY.json,/versions/MLP_V6.2.2/page_outcomes/reading_order_edit/outcomes/worsened,4
PAIRED_QUALITY.json,/versions/MLP_V6.2.2/page_outcomes/reading_order_edit/outcomes/tied,1630
PAIRED_QUALITY.json,/versions/MLP_V6.2.2/page_outcomes/reading_order_edit/outcomes/unmatchable,13
PAIRED_QUALITY.json,/versions/MLP_V6.2.2/page_outcomes/reading_order_edit/page_denominator,1651
PAIRED_QUALITY.json,/versions/MLP_V6.2.2/page_outcomes/reading_order_edit/tie_tolerance,1e-06
PAIRED_QUALITY.json,/versions/MLP_V6.2.2/page_outcomes/table_TEDS/outcomes/improved,0
PAIRED_QUALITY.json,/versions/MLP_V6.2.2/page_outcomes/table_TEDS/outcomes/worsened,0
PAIRED_QUALITY.json,/versions/MLP_V6.2.2/page_outcomes/table_TEDS/outcomes/tied,458
PAIRED_QUALITY.json,/versions/MLP_V6.2.2/page_outcomes/table_TEDS/outcomes/unmatchable,1193
PAIRED_QUALITY.json,/versions/MLP_V6.2.2/page_outcomes/table_TEDS/page_denominator,1651
PAIRED_QUALITY.json,/versions/MLP_V6.2.2/page_outcomes/table_TEDS/tie_tolerance,1e-06
PAIRED_QUALITY.json,/versions/MLP_V6.2.2/page_outcomes/table_TEDS_structure_only/outcomes/improved,0
PAIRED_QUALITY.json,/versions/MLP_V6.2.2/page_outcomes/table_TEDS_structure_only/outcomes/worsened,0
PAIRED_QUALITY.json,/versions/MLP_V6.2.2/page_outcomes/table_TEDS_structure_only/outcomes/tied,458
PAIRED_QUALITY.json,/versions/MLP_V6.2.2/page_outcomes/table_TEDS_structure_only/outcomes/unmatchable,1193
PAIRED_QUALITY.json,/versions/MLP_V6.2.2/page_outcomes/table_TEDS_structure_only/page_denominator,1651
PAIRED_QUALITY.json,/versions/MLP_V6.2.2/page_outcomes/table_TEDS_structure_only/tie_tolerance,1e-06
PAIRED_QUALITY.json,/versions/MLP_V6.2.2/page_outcomes/equation_CDM/outcomes/improved,26
PAIRED_QUALITY.json,/versions/MLP_V6.2.2/page_outcomes/equation_CDM/outcomes/worsened,34
PAIRED_QUALITY.json,/versions/MLP_V6.2.2/page_outcomes/equation_CDM/outcomes/tied,253
PAIRED_QUALITY.json,/versions/MLP_V6.2.2/page_outcomes/equation_CDM/outcomes/unmatchable,1338
PAIRED_QUALITY.json,/versions/MLP_V6.2.2/page_outcomes/equation_CDM/page_denominator,1651
PAIRED_QUALITY.json,/versions/MLP_V6.2.2/page_outcomes/equation_CDM/tie_tolerance,1e-06
PAIRED_QUALITY.json,/versions/MLP_V6.2.2/eligible_native_region_outcomes/equation/CDM/regions/improved,28
PAIRED_QUALITY.json,/versions/MLP_V6.2.2/eligible_native_region_outcomes/equation/CDM/regions/worsened,42
PAIRED_QUALITY.json,/versions/MLP_V6.2.2/eligible_native_region_outcomes/equation/CDM/regions/tied,1938
PAIRED_QUALITY.json,/versions/MLP_V6.2.2/eligible_native_region_outcomes/equation/CDM/regions/unmatchable,363
PAIRED_QUALITY.json,/versions/MLP_V6.2.2/eligible_native_region_outcomes/equation/CDM/unique_pages_by_outcome/improved,24
PAIRED_QUALITY.json,/versions/MLP_V6.2.2/eligible_native_region_outcomes/equation/CDM/unique_pages_by_outcome/worsened,34
PAIRED_QUALITY.json,/versions/MLP_V6.2.2/eligible_native_region_outcomes/equation/CDM/unique_pages_by_outcome/tied,297
PAIRED_QUALITY.json,/versions/MLP_V6.2.2/eligible_native_region_outcomes/equation/CDM/unique_pages_by_outcome/unmatchable,117
PAIRED_QUALITY.json,/versions/MLP_V6.2.2/eligible_native_region_outcomes/equation/CDM/region_denominator,2371
PAIRED_QUALITY.json,/versions/MLP_V6.2.2/eligible_native_region_outcomes/equation/CDM/page_denominator,1651
PAIRED_QUALITY.json,/versions/MLP_V6.2.2/eligible_native_region_outcomes/equation/CDM/page_note,"""A page can contain both improved and worsened regions; outcome page sets are not mutually exclusive."""
PAIRED_QUALITY.json,/versions/MLP_V6.2.2/eligible_native_region_outcomes/equation/Edit_dist/regions/improved,74
PAIRED_QUALITY.json,/versions/MLP_V6.2.2/eligible_native_region_outcomes/equation/Edit_dist/regions/worsened,84
PAIRED_QUALITY.json,/versions/MLP_V6.2.2/eligible_native_region_outcomes/equation/Edit_dist/regions/tied,1850
PAIRED_QUALITY.json,/versions/MLP_V6.2.2/eligible_native_region_outcomes/equation/Edit_dist/regions/unmatchable,363
PAIRED_QUALITY.json,/versions/MLP_V6.2.2/eligible_native_region_outcomes/equation/Edit_dist/unique_pages_by_outcome/improved,62
PAIRED_QUALITY.json,/versions/MLP_V6.2.2/eligible_native_region_outcomes/equation/Edit_dist/unique_pages_by_outcome/worsened,60
PAIRED_QUALITY.json,/versions/MLP_V6.2.2/eligible_native_region_outcomes/equation/Edit_dist/unique_pages_by_outcome/tied,295
PAIRED_QUALITY.json,/versions/MLP_V6.2.2/eligible_native_region_outcomes/equation/Edit_dist/unique_pages_by_outcome/unmatchable,117
PAIRED_QUALITY.json,/versions/MLP_V6.2.2/eligible_native_region_outcomes/equation/Edit_dist/region_denominator,2371
PAIRED_QUALITY.json,/versions/MLP_V6.2.2/eligible_native_region_outcomes/equation/Edit_dist/page_denominator,1651
PAIRED_QUALITY.json,/versions/MLP_V6.2.2/eligible_native_region_outcomes/equation/Edit_dist/page_note,"""A page can contain both improved and worsened regions; outcome page sets are not mutually exclusive."""
PAIRED_QUALITY.json,/versions/MLP_V6.2.2/combined_primary_component_outcomes/regions/improved,28
PAIRED_QUALITY.json,/versions/MLP_V6.2.2/combined_primary_component_outcomes/regions/worsened,42
PAIRED_QUALITY.json,/versions/MLP_V6.2.2/combined_primary_component_outcomes/regions/tied,1938
PAIRED_QUALITY.json,/versions/MLP_V6.2.2/combined_primary_component_outcomes/regions/unmatchable,363
PAIRED_QUALITY.json,/versions/MLP_V6.2.2/combined_primary_component_outcomes/unique_pages_by_outcome/improved,24
PAIRED_QUALITY.json,/versions/MLP_V6.2.2/combined_primary_component_outcomes/unique_pages_by_outcome/worsened,34
PAIRED_QUALITY.json,/versions/MLP_V6.2.2/combined_primary_component_outcomes/unique_pages_by_outcome/tied,297
PAIRED_QUALITY.json,/versions/MLP_V6.2.2/combined_primary_component_outcomes/unique_pages_by_outcome/unmatchable,117
PAIRED_QUALITY.json,/versions/MLP_V6.2.2/combined_primary_component_outcomes/region_denominator,2371
PAIRED_QUALITY.json,/versions/MLP_V6.2.2/combined_primary_component_outcomes/page_denominator,1651
PAIRED_QUALITY.json,/versions/MLP_V6.2.2/combined_primary_component_outcomes/definition,"""Union across tables by TEDS and formulas by CDM; diagnostic outcome counts, not a composite quality score. Page outcome sets can overlap."""
PAIRED_QUALITY.json,/versions/MLP_V6.2.2/applied_canonical_region_outcomes/equation/CDM/regions/improved,28
PAIRED_QUALITY.json,/versions/MLP_V6.2.2/applied_canonical_region_outcomes/equation/CDM/regions/worsened,42
PAIRED_QUALITY.json,/versions/MLP_V6.2.2/applied_canonical_region_outcomes/equation/CDM/regions/tied,206
PAIRED_QUALITY.json,/versions/MLP_V6.2.2/applied_canonical_region_outcomes/equation/CDM/regions/unmatchable,92
PAIRED_QUALITY.json,/versions/MLP_V6.2.2/applied_canonical_region_outcomes/equation/CDM/unique_pages_by_outcome/improved,24
PAIRED_QUALITY.json,/versions/MLP_V6.2.2/applied_canonical_region_outcomes/equation/CDM/unique_pages_by_outcome/worsened,34
PAIRED_QUALITY.json,/versions/MLP_V6.2.2/applied_canonical_region_outcomes/equation/CDM/unique_pages_by_outcome/tied,125
PAIRED_QUALITY.json,/versions/MLP_V6.2.2/applied_canonical_region_outcomes/equation/CDM/unique_pages_by_outcome/unmatchable,55
PAIRED_QUALITY.json,/versions/MLP_V6.2.2/applied_canonical_region_outcomes/equation/CDM/region_denominator,368
PAIRED_QUALITY.json,/versions/MLP_V6.2.2/applied_canonical_region_outcomes/equation/CDM/page_denominator,1651
PAIRED_QUALITY.json,/versions/MLP_V6.2.2/applied_canonical_region_outcomes/equation/Edit_dist/regions/improved,74
PAIRED_QUALITY.json,/versions/MLP_V6.2.2/applied_canonical_region_outcomes/equation/Edit_dist/regions/worsened,84
PAIRED_QUALITY.json,/versions/MLP_V6.2.2/applied_canonical_region_outcomes/equation/Edit_dist/regions/tied,118
PAIRED_QUALITY.json,/versions/MLP_V6.2.2/applied_canonical_region_outcomes/equation/Edit_dist/regions/unmatchable,92
PAIRED_QUALITY.json,/versions/MLP_V6.2.2/applied_canonical_region_outcomes/equation/Edit_dist/unique_pages_by_outcome/improved,62
PAIRED_QUALITY.json,/versions/MLP_V6.2.2/applied_canonical_region_outcomes/equation/Edit_dist/unique_pages_by_outcome/worsened,60
PAIRED_QUALITY.json,/versions/MLP_V6.2.2/applied_canonical_region_outcomes/equation/Edit_dist/unique_pages_by_outcome/tied,91
PAIRED_QUALITY.json,/versions/MLP_V6.2.2/applied_canonical_region_outcomes/equation/Edit_dist/unique_pages_by_outcome/unmatchable,55
PAIRED_QUALITY.json,/versions/MLP_V6.2.2/applied_canonical_region_outcomes/equation/Edit_dist/region_denominator,368
PAIRED_QUALITY.json,/versions/MLP_V6.2.2/applied_canonical_region_outcomes/equation/Edit_dist/page_denominator,1651
PAIRED_QUALITY.json,/versions/MLP_V6.2.2/applied_canonical_combined_primary_outcomes/regions/improved,28
PAIRED_QUALITY.json,/versions/MLP_V6.2.2/applied_canonical_combined_primary_outcomes/regions/worsened,42
PAIRED_QUALITY.json,/versions/MLP_V6.2.2/applied_canonical_combined_primary_outcomes/regions/tied,206
PAIRED_QUALITY.json,/versions/MLP_V6.2.2/applied_canonical_combined_primary_outcomes/regions/unmatchable,92
PAIRED_QUALITY.json,/versions/MLP_V6.2.2/applied_canonical_combined_primary_outcomes/unique_pages_by_outcome/improved,24
PAIRED_QUALITY.json,/versions/MLP_V6.2.2/applied_canonical_combined_primary_outcomes/unique_pages_by_outcome/worsened,34
PAIRED_QUALITY.json,/versions/MLP_V6.2.2/applied_canonical_combined_primary_outcomes/unique_pages_by_outcome/tied,125
PAIRED_QUALITY.json,/versions/MLP_V6.2.2/applied_canonical_combined_primary_outcomes/unique_pages_by_outcome/unmatchable,55
PAIRED_QUALITY.json,/versions/MLP_V6.2.2/applied_canonical_combined_primary_outcomes/region_denominator,368
PAIRED_QUALITY.json,/versions/MLP_V6.2.2/applied_canonical_combined_primary_outcomes/page_denominator,1651
PAIRED_QUALITY.json,/versions/MLP_V6.2.2/applied_canonical_combined_primary_outcomes/definition,"""Applied canonical output edits only; table TEDS/formula CDM labels. Diagnostic counts, not a composite score. Page sets can overlap."""
PAIRED_QUALITY.json,/versions/MLP_V6.2.3/official_sample_outcomes/table/TEDS/outcomes/improved,55
PAIRED_QUALITY.json,/versions/MLP_V6.2.3/official_sample_outcomes/table/TEDS/outcomes/worsened,105
PAIRED_QUALITY.json,/versions/MLP_V6.2.3/official_sample_outcomes/table/TEDS/outcomes/tied,505
PAIRED_QUALITY.json,/versions/MLP_V6.2.3/official_sample_outcomes/table/TEDS/outcomes/unmatchable,0
PAIRED_QUALITY.json,/versions/MLP_V6.2.3/official_sample_outcomes/table/TEDS/unit_denominator,665
PAIRED_QUALITY.json,/versions/MLP_V6.2.3/official_sample_outcomes/table/TEDS/baseline_scored_rows,665
PAIRED_QUALITY.json,/versions/MLP_V6.2.3/official_sample_outcomes/table/TEDS/version_scored_rows,665
PAIRED_QUALITY.json,/versions/MLP_V6.2.3/official_sample_outcomes/table/TEDS/mean_raw_delta_on_paired_units,-0.012352966945972084
PAIRED_QUALITY.json,/versions/MLP_V6.2.3/official_sample_outcomes/table/TEDS/correspondence,"""Same page, exact GT-index group and GT-text hash; unique in both outputs"""
PAIRED_QUALITY.json,/versions/MLP_V6.2.3/official_sample_outcomes/table/TEDS/direction,"""higher"""
PAIRED_QUALITY.json,/versions/MLP_V6.2.3/official_sample_outcomes/table/TEDS/tie_tolerance,1e-06
PAIRED_QUALITY.json,/versions/MLP_V6.2.3/official_sample_outcomes/table/TEDS_structure_only/outcomes/improved,15
PAIRED_QUALITY.json,/versions/MLP_V6.2.3/official_sample_outcomes/table/TEDS_structure_only/outcomes/worsened,41
PAIRED_QUALITY.json,/versions/MLP_V6.2.3/official_sample_outcomes/table/TEDS_structure_only/outcomes/tied,609
PAIRED_QUALITY.json,/versions/MLP_V6.2.3/official_sample_outcomes/table/TEDS_structure_only/outcomes/unmatchable,0
PAIRED_QUALITY.json,/versions/MLP_V6.2.3/official_sample_outcomes/table/TEDS_structure_only/unit_denominator,665
PAIRED_QUALITY.json,/versions/MLP_V6.2.3/official_sample_outcomes/table/TEDS_structure_only/baseline_scored_rows,665
PAIRED_QUALITY.json,/versions/MLP_V6.2.3/official_sample_outcomes/table/TEDS_structure_only/version_scored_rows,665
PAIRED_QUALITY.json,/versions/MLP_V6.2.3/official_sample_outcomes/table/TEDS_structure_only/mean_raw_delta_on_paired_units,-0.0070970625696409086
PAIRED_QUALITY.json,/versions/MLP_V6.2.3/official_sample_outcomes/table/TEDS_structure_only/correspondence,"""Same page, exact GT-index group and GT-text hash; unique in both outputs"""
PAIRED_QUALITY.json,/versions/MLP_V6.2.3/official_sample_outcomes/table/TEDS_structure_only/direction,"""higher"""
PAIRED_QUALITY.json,/versions/MLP_V6.2.3/official_sample_outcomes/table/TEDS_structure_only/tie_tolerance,1e-06
PAIRED_QUALITY.json,/versions/MLP_V6.2.3/official_sample_outcomes/table/Edit_dist/outcomes/improved,56
PAIRED_QUALITY.json,/versions/MLP_V6.2.3/official_sample_outcomes/table/Edit_dist/outcomes/worsened,103
PAIRED_QUALITY.json,/versions/MLP_V6.2.3/official_sample_outcomes/table/Edit_dist/outcomes/tied,506
PAIRED_QUALITY.json,/versions/MLP_V6.2.3/official_sample_outcomes/table/Edit_dist/outcomes/unmatchable,0
PAIRED_QUALITY.json,/versions/MLP_V6.2.3/official_sample_outcomes/table/Edit_dist/unit_denominator,665
PAIRED_QUALITY.json,/versions/MLP_V6.2.3/official_sample_outcomes/table/Edit_dist/baseline_scored_rows,665
PAIRED_QUALITY.json,/versions/MLP_V6.2.3/official_sample_outcomes/table/Edit_dist/version_scored_rows,665
PAIRED_QUALITY.json,/versions/MLP_V6.2.3/official_sample_outcomes/table/Edit_dist/mean_raw_delta_on_paired_units,0.006263898375265546
PAIRED_QUALITY.json,/versions/MLP_V6.2.3/official_sample_outcomes/table/Edit_dist/correspondence,"""Same page, exact GT-index group and GT-text hash; unique in both outputs"""
PAIRED_QUALITY.json,/versions/MLP_V6.2.3/official_sample_outcomes/table/Edit_dist/direction,"""lower"""
PAIRED_QUALITY.json,/versions/MLP_V6.2.3/official_sample_outcomes/table/Edit_dist/tie_tolerance,1e-06
PAIRED_QUALITY.json,/versions/MLP_V6.2.3/official_sample_outcomes/equation/CDM/outcomes/improved,37
PAIRED_QUALITY.json,/versions/MLP_V6.2.3/official_sample_outcomes/equation/CDM/outcomes/worsened,51
PAIRED_QUALITY.json,/versions/MLP_V6.2.3/official_sample_outcomes/equation/CDM/outcomes/tied,2245
PAIRED_QUALITY.json,/versions/MLP_V6.2.3/official_sample_outcomes/equation/CDM/outcomes/unmatchable,38
PAIRED_QUALITY.json,/versions/MLP_V6.2.3/official_sample_outcomes/equation/CDM/unit_denominator,2371
PAIRED_QUALITY.json,/versions/MLP_V6.2.3/official_sample_outcomes/equation/CDM/baseline_scored_rows,2352
PAIRED_QUALITY.json,/versions/MLP_V6.2.3/official_sample_outcomes/equation/CDM/version_scored_rows,2352
PAIRED_QUALITY.json,/versions/MLP_V6.2.3/official_sample_outcomes/equation/CDM/mean_raw_delta_on_paired_units,0.0003339048435490782
PAIRED_QUALITY.json,/versions/MLP_V6.2.3/official_sample_outcomes/equation/CDM/correspondence,"""Same page, exact GT-index group and GT-text hash; unique in both outputs"""
PAIRED_QUALITY.json,/versions/MLP_V6.2.3/official_sample_outcomes/equation/CDM/direction,"""higher"""
PAIRED_QUALITY.json,/versions/MLP_V6.2.3/official_sample_outcomes/equation/CDM/tie_tolerance,1e-06
PAIRED_QUALITY.json,/versions/MLP_V6.2.3/official_sample_outcomes/equation/Edit_dist/outcomes/improved,85
PAIRED_QUALITY.json,/versions/MLP_V6.2.3/official_sample_outcomes/equation/Edit_dist/outcomes/worsened,97
PAIRED_QUALITY.json,/versions/MLP_V6.2.3/official_sample_outcomes/equation/Edit_dist/outcomes/tied,2151
PAIRED_QUALITY.json,/versions/MLP_V6.2.3/official_sample_outcomes/equation/Edit_dist/outcomes/unmatchable,38
PAIRED_QUALITY.json,/versions/MLP_V6.2.3/official_sample_outcomes/equation/Edit_dist/unit_denominator,2371
PAIRED_QUALITY.json,/versions/MLP_V6.2.3/official_sample_outcomes/equation/Edit_dist/baseline_scored_rows,2352
PAIRED_QUALITY.json,/versions/MLP_V6.2.3/official_sample_outcomes/equation/Edit_dist/version_scored_rows,2352
PAIRED_QUALITY.json,/versions/MLP_V6.2.3/official_sample_outcomes/equation/Edit_dist/mean_raw_delta_on_paired_units,0.0001732598693651884
PAIRED_QUALITY.json,/versions/MLP_V6.2.3/official_sample_outcomes/equation/Edit_dist/correspondence,"""Same page, exact GT-index group and GT-text hash; unique in both outputs"""
PAIRED_QUALITY.json,/versions/MLP_V6.2.3/official_sample_outcomes/equation/Edit_dist/direction,"""lower"""
PAIRED_QUALITY.json,/versions/MLP_V6.2.3/official_sample_outcomes/equation/Edit_dist/tie_tolerance,1e-06
PAIRED_QUALITY.json,/versions/MLP_V6.2.3/page_outcomes/text_block_edit/outcomes/improved,4
PAIRED_QUALITY.json,/versions/MLP_V6.2.3/page_outcomes/text_block_edit/outcomes/worsened,4
PAIRED_QUALITY.json,/versions/MLP_V6.2.3/page_outcomes/text_block_edit/outcomes/tied,1549
PAIRED_QUALITY.json,/versions/MLP_V6.2.3/page_outcomes/text_block_edit/outcomes/unmatchable,94
PAIRED_QUALITY.json,/versions/MLP_V6.2.3/page_outcomes/text_block_edit/page_denominator,1651
PAIRED_QUALITY.json,/versions/MLP_V6.2.3/page_outcomes/text_block_edit/tie_tolerance,1e-06
PAIRED_QUALITY.json,/versions/MLP_V6.2.3/page_outcomes/display_formula_edit/outcomes/improved,53
PAIRED_QUALITY.json,/versions/MLP_V6.2.3/page_outcomes/display_formula_edit/outcomes/worsened,53
PAIRED_QUALITY.json,/versions/MLP_V6.2.3/page_outcomes/display_formula_edit/outcomes/tied,207
PAIRED_QUALITY.json,/versions/MLP_V6.2.3/page_outcomes/display_formula_edit/outcomes/unmatchable,1338
PAIRED_QUALITY.json,/versions/MLP_V6.2.3/page_outcomes/display_formula_edit/page_denominator,1651
PAIRED_QUALITY.json,/versions/MLP_V6.2.3/page_outcomes/display_formula_edit/tie_tolerance,1e-06
PAIRED_QUALITY.json,/versions/MLP_V6.2.3/page_outcomes/table_edit/outcomes/improved,50
PAIRED_QUALITY.json,/versions/MLP_V6.2.3/page_outcomes/table_edit/outcomes/worsened,71
PAIRED_QUALITY.json,/versions/MLP_V6.2.3/page_outcomes/table_edit/outcomes/tied,337
PAIRED_QUALITY.json,/versions/MLP_V6.2.3/page_outcomes/table_edit/outcomes/unmatchable,1193
PAIRED_QUALITY.json,/versions/MLP_V6.2.3/page_outcomes/table_edit/page_denominator,1651
PAIRED_QUALITY.json,/versions/MLP_V6.2.3/page_outcomes/table_edit/tie_tolerance,1e-06
PAIRED_QUALITY.json,/versions/MLP_V6.2.3/page_outcomes/reading_order_edit/outcomes/improved,4
PAIRED_QUALITY.json,/versions/MLP_V6.2.3/page_outcomes/reading_order_edit/outcomes/worsened,4
PAIRED_QUALITY.json,/versions/MLP_V6.2.3/page_outcomes/reading_order_edit/outcomes/tied,1630
PAIRED_QUALITY.json,/versions/MLP_V6.2.3/page_outcomes/reading_order_edit/outcomes/unmatchable,13
PAIRED_QUALITY.json,/versions/MLP_V6.2.3/page_outcomes/reading_order_edit/page_denominator,1651
PAIRED_QUALITY.json,/versions/MLP_V6.2.3/page_outcomes/reading_order_edit/tie_tolerance,1e-06
PAIRED_QUALITY.json,/versions/MLP_V6.2.3/page_outcomes/table_TEDS/outcomes/improved,48
PAIRED_QUALITY.json,/versions/MLP_V6.2.3/page_outcomes/table_TEDS/outcomes/worsened,75
PAIRED_QUALITY.json,/versions/MLP_V6.2.3/page_outcomes/table_TEDS/outcomes/tied,335
PAIRED_QUALITY.json,/versions/MLP_V6.2.3/page_outcomes/table_TEDS/outcomes/unmatchable,1193
PAIRED_QUALITY.json,/versions/MLP_V6.2.3/page_outcomes/table_TEDS/page_denominator,1651
PAIRED_QUALITY.json,/versions/MLP_V6.2.3/page_outcomes/table_TEDS/tie_tolerance,1e-06
PAIRED_QUALITY.json,/versions/MLP_V6.2.3/page_outcomes/table_TEDS_structure_only/outcomes/improved,14
PAIRED_QUALITY.json,/versions/MLP_V6.2.3/page_outcomes/table_TEDS_structure_only/outcomes/worsened,35
PAIRED_QUALITY.json,/versions/MLP_V6.2.3/page_outcomes/table_TEDS_structure_only/outcomes/tied,409
PAIRED_QUALITY.json,/versions/MLP_V6.2.3/page_outcomes/table_TEDS_structure_only/outcomes/unmatchable,1193
PAIRED_QUALITY.json,/versions/MLP_V6.2.3/page_outcomes/table_TEDS_structure_only/page_denominator,1651
PAIRED_QUALITY.json,/versions/MLP_V6.2.3/page_outcomes/table_TEDS_structure_only/tie_tolerance,1e-06
PAIRED_QUALITY.json,/versions/MLP_V6.2.3/page_outcomes/equation_CDM/outcomes/improved,26
PAIRED_QUALITY.json,/versions/MLP_V6.2.3/page_outcomes/equation_CDM/outcomes/worsened,34
PAIRED_QUALITY.json,/versions/MLP_V6.2.3/page_outcomes/equation_CDM/outcomes/tied,253
PAIRED_QUALITY.json,/versions/MLP_V6.2.3/page_outcomes/equation_CDM/outcomes/unmatchable,1338
PAIRED_QUALITY.json,/versions/MLP_V6.2.3/page_outcomes/equation_CDM/page_denominator,1651
PAIRED_QUALITY.json,/versions/MLP_V6.2.3/page_outcomes/equation_CDM/tie_tolerance,1e-06
PAIRED_QUALITY.json,/versions/MLP_V6.2.3/eligible_native_region_outcomes/table/TEDS/regions/improved,55
PAIRED_QUALITY.json,/versions/MLP_V6.2.3/eligible_native_region_outcomes/table/TEDS/regions/worsened,105
PAIRED_QUALITY.json,/versions/MLP_V6.2.3/eligible_native_region_outcomes/table/TEDS/regions/tied,499
PAIRED_QUALITY.json,/versions/MLP_V6.2.3/eligible_native_region_outcomes/table/TEDS/regions/unmatchable,11
PAIRED_QUALITY.json,/versions/MLP_V6.2.3/eligible_native_region_outcomes/table/TEDS/unique_pages_by_outcome/improved,50
PAIRED_QUALITY.json,/versions/MLP_V6.2.3/eligible_native_region_outcomes/table/TEDS/unique_pages_by_outcome/worsened,77
PAIRED_QUALITY.json,/versions/MLP_V6.2.3/eligible_native_region_outcomes/table/TEDS/unique_pages_by_outcome/tied,362
PAIRED_QUALITY.json,/versions/MLP_V6.2.3/eligible_native_region_outcomes/table/TEDS/unique_pages_by_outcome/unmatchable,8
PAIRED_QUALITY.json,/versions/MLP_V6.2.3/eligible_native_region_outcomes/table/TEDS/region_denominator,670
PAIRED_QUALITY.json,/versions/MLP_V6.2.3/eligible_native_region_outcomes/table/TEDS/page_denominator,1651
PAIRED_QUALITY.json,/versions/MLP_V6.2.3/eligible_native_region_outcomes/table/TEDS/page_note,"""A page can contain both improved and worsened regions; outcome page sets are not mutually exclusive."""
PAIRED_QUALITY.json,/versions/MLP_V6.2.3/eligible_native_region_outcomes/table/TEDS_structure_only/regions/improved,15
PAIRED_QUALITY.json,/versions/MLP_V6.2.3/eligible_native_region_outcomes/table/TEDS_structure_only/regions/worsened,41
PAIRED_QUALITY.json,/versions/MLP_V6.2.3/eligible_native_region_outcomes/table/TEDS_structure_only/regions/tied,603
PAIRED_QUALITY.json,/versions/MLP_V6.2.3/eligible_native_region_outcomes/table/TEDS_structure_only/regions/unmatchable,11
PAIRED_QUALITY.json,/versions/MLP_V6.2.3/eligible_native_region_outcomes/table/TEDS_structure_only/unique_pages_by_outcome/improved,14
PAIRED_QUALITY.json,/versions/MLP_V6.2.3/eligible_native_region_outcomes/table/TEDS_structure_only/unique_pages_by_outcome/worsened,37
PAIRED_QUALITY.json,/versions/MLP_V6.2.3/eligible_native_region_outcomes/table/TEDS_structure_only/unique_pages_by_outcome/tied,417
PAIRED_QUALITY.json,/versions/MLP_V6.2.3/eligible_native_region_outcomes/table/TEDS_structure_only/unique_pages_by_outcome/unmatchable,8
PAIRED_QUALITY.json,/versions/MLP_V6.2.3/eligible_native_region_outcomes/table/TEDS_structure_only/region_denominator,670
PAIRED_QUALITY.json,/versions/MLP_V6.2.3/eligible_native_region_outcomes/table/TEDS_structure_only/page_denominator,1651
PAIRED_QUALITY.json,/versions/MLP_V6.2.3/eligible_native_region_outcomes/table/TEDS_structure_only/page_note,"""A page can contain both improved and worsened regions; outcome page sets are not mutually exclusive."""
PAIRED_QUALITY.json,/versions/MLP_V6.2.3/eligible_native_region_outcomes/table/Edit_dist/regions/improved,56
PAIRED_QUALITY.json,/versions/MLP_V6.2.3/eligible_native_region_outcomes/table/Edit_dist/regions/worsened,103
PAIRED_QUALITY.json,/versions/MLP_V6.2.3/eligible_native_region_outcomes/table/Edit_dist/regions/tied,500
PAIRED_QUALITY.json,/versions/MLP_V6.2.3/eligible_native_region_outcomes/table/Edit_dist/regions/unmatchable,11
PAIRED_QUALITY.json,/versions/MLP_V6.2.3/eligible_native_region_outcomes/table/Edit_dist/unique_pages_by_outcome/improved,51
PAIRED_QUALITY.json,/versions/MLP_V6.2.3/eligible_native_region_outcomes/table/Edit_dist/unique_pages_by_outcome/worsened,74
PAIRED_QUALITY.json,/versions/MLP_V6.2.3/eligible_native_region_outcomes/table/Edit_dist/unique_pages_by_outcome/tied,363
PAIRED_QUALITY.json,/versions/MLP_V6.2.3/eligible_native_region_outcomes/table/Edit_dist/unique_pages_by_outcome/unmatchable,8
PAIRED_QUALITY.json,/versions/MLP_V6.2.3/eligible_native_region_outcomes/table/Edit_dist/region_denominator,670
PAIRED_QUALITY.json,/versions/MLP_V6.2.3/eligible_native_region_outcomes/table/Edit_dist/page_denominator,1651
PAIRED_QUALITY.json,/versions/MLP_V6.2.3/eligible_native_region_outcomes/table/Edit_dist/page_note,"""A page can contain both improved and worsened regions; outcome page sets are not mutually exclusive."""
PAIRED_QUALITY.json,/versions/MLP_V6.2.3/eligible_native_region_outcomes/equation/CDM/regions/improved,28
PAIRED_QUALITY.json,/versions/MLP_V6.2.3/eligible_native_region_outcomes/equation/CDM/regions/worsened,42
PAIRED_QUALITY.json,/versions/MLP_V6.2.3/eligible_native_region_outcomes/equation/CDM/regions/tied,1938
PAIRED_QUALITY.json,/versions/MLP_V6.2.3/eligible_native_region_outcomes/equation/CDM/regions/unmatchable,363
PAIRED_QUALITY.json,/versions/MLP_V6.2.3/eligible_native_region_outcomes/equation/CDM/unique_pages_by_outcome/improved,24
PAIRED_QUALITY.json,/versions/MLP_V6.2.3/eligible_native_region_outcomes/equation/CDM/unique_pages_by_outcome/worsened,34
PAIRED_QUALITY.json,/versions/MLP_V6.2.3/eligible_native_region_outcomes/equation/CDM/unique_pages_by_outcome/tied,297
PAIRED_QUALITY.json,/versions/MLP_V6.2.3/eligible_native_region_outcomes/equation/CDM/unique_pages_by_outcome/unmatchable,117
PAIRED_QUALITY.json,/versions/MLP_V6.2.3/eligible_native_region_outcomes/equation/CDM/region_denominator,2371
PAIRED_QUALITY.json,/versions/MLP_V6.2.3/eligible_native_region_outcomes/equation/CDM/page_denominator,1651
PAIRED_QUALITY.json,/versions/MLP_V6.2.3/eligible_native_region_outcomes/equation/CDM/page_note,"""A page can contain both improved and worsened regions; outcome page sets are not mutually exclusive."""
PAIRED_QUALITY.json,/versions/MLP_V6.2.3/eligible_native_region_outcomes/equation/Edit_dist/regions/improved,74
PAIRED_QUALITY.json,/versions/MLP_V6.2.3/eligible_native_region_outcomes/equation/Edit_dist/regions/worsened,84
PAIRED_QUALITY.json,/versions/MLP_V6.2.3/eligible_native_region_outcomes/equation/Edit_dist/regions/tied,1850
PAIRED_QUALITY.json,/versions/MLP_V6.2.3/eligible_native_region_outcomes/equation/Edit_dist/regions/unmatchable,363
PAIRED_QUALITY.json,/versions/MLP_V6.2.3/eligible_native_region_outcomes/equation/Edit_dist/unique_pages_by_outcome/improved,62
PAIRED_QUALITY.json,/versions/MLP_V6.2.3/eligible_native_region_outcomes/equation/Edit_dist/unique_pages_by_outcome/worsened,60
PAIRED_QUALITY.json,/versions/MLP_V6.2.3/eligible_native_region_outcomes/equation/Edit_dist/unique_pages_by_outcome/tied,295
PAIRED_QUALITY.json,/versions/MLP_V6.2.3/eligible_native_region_outcomes/equation/Edit_dist/unique_pages_by_outcome/unmatchable,117
PAIRED_QUALITY.json,/versions/MLP_V6.2.3/eligible_native_region_outcomes/equation/Edit_dist/region_denominator,2371
PAIRED_QUALITY.json,/versions/MLP_V6.2.3/eligible_native_region_outcomes/equation/Edit_dist/page_denominator,1651
PAIRED_QUALITY.json,/versions/MLP_V6.2.3/eligible_native_region_outcomes/equation/Edit_dist/page_note,"""A page can contain both improved and worsened regions; outcome page sets are not mutually exclusive."""
PAIRED_QUALITY.json,/versions/MLP_V6.2.3/combined_primary_component_outcomes/regions/improved,83
PAIRED_QUALITY.json,/versions/MLP_V6.2.3/combined_primary_component_outcomes/regions/worsened,147
PAIRED_QUALITY.json,/versions/MLP_V6.2.3/combined_primary_component_outcomes/regions/tied,2437
PAIRED_QUALITY.json,/versions/MLP_V6.2.3/combined_primary_component_outcomes/regions/unmatchable,374
PAIRED_QUALITY.json,/versions/MLP_V6.2.3/combined_primary_component_outcomes/unique_pages_by_outcome/improved,74
PAIRED_QUALITY.json,/versions/MLP_V6.2.3/combined_primary_component_outcomes/unique_pages_by_outcome/worsened,111
PAIRED_QUALITY.json,/versions/MLP_V6.2.3/combined_primary_component_outcomes/unique_pages_by_outcome/tied,637
PAIRED_QUALITY.json,/versions/MLP_V6.2.3/combined_primary_component_outcomes/unique_pages_by_outcome/unmatchable,125
PAIRED_QUALITY.json,/versions/MLP_V6.2.3/combined_primary_component_outcomes/region_denominator,3041
PAIRED_QUALITY.json,/versions/MLP_V6.2.3/combined_primary_component_outcomes/page_denominator,1651
PAIRED_QUALITY.json,/versions/MLP_V6.2.3/combined_primary_component_outcomes/definition,"""Union across tables by TEDS and formulas by CDM; diagnostic outcome counts, not a composite quality score. Page outcome sets can overlap."""
PAIRED_QUALITY.json,/versions/MLP_V6.2.3/applied_canonical_region_outcomes/table/TEDS/regions/improved,55
PAIRED_QUALITY.json,/versions/MLP_V6.2.3/applied_canonical_region_outcomes/table/TEDS/regions/worsened,105
PAIRED_QUALITY.json,/versions/MLP_V6.2.3/applied_canonical_region_outcomes/table/TEDS/regions/tied,23
PAIRED_QUALITY.json,/versions/MLP_V6.2.3/applied_canonical_region_outcomes/table/TEDS/regions/unmatchable,2
PAIRED_QUALITY.json,/versions/MLP_V6.2.3/applied_canonical_region_outcomes/table/TEDS/unique_pages_by_outcome/improved,50
PAIRED_QUALITY.json,/versions/MLP_V6.2.3/applied_canonical_region_outcomes/table/TEDS/unique_pages_by_outcome/worsened,77
PAIRED_QUALITY.json,/versions/MLP_V6.2.3/applied_canonical_region_outcomes/table/TEDS/unique_pages_by_outcome/tied,22
PAIRED_QUALITY.json,/versions/MLP_V6.2.3/applied_canonical_region_outcomes/table/TEDS/unique_pages_by_outcome/unmatchable,2
PAIRED_QUALITY.json,/versions/MLP_V6.2.3/applied_canonical_region_outcomes/table/TEDS/region_denominator,185
PAIRED_QUALITY.json,/versions/MLP_V6.2.3/applied_canonical_region_outcomes/table/TEDS/page_denominator,1651
PAIRED_QUALITY.json,/versions/MLP_V6.2.3/applied_canonical_region_outcomes/table/TEDS_structure_only/regions/improved,15
PAIRED_QUALITY.json,/versions/MLP_V6.2.3/applied_canonical_region_outcomes/table/TEDS_structure_only/regions/worsened,41
PAIRED_QUALITY.json,/versions/MLP_V6.2.3/applied_canonical_region_outcomes/table/TEDS_structure_only/regions/tied,127
PAIRED_QUALITY.json,/versions/MLP_V6.2.3/applied_canonical_region_outcomes/table/TEDS_structure_only/regions/unmatchable,2
PAIRED_QUALITY.json,/versions/MLP_V6.2.3/applied_canonical_region_outcomes/table/TEDS_structure_only/unique_pages_by_outcome/improved,14
PAIRED_QUALITY.json,/versions/MLP_V6.2.3/applied_canonical_region_outcomes/table/TEDS_structure_only/unique_pages_by_outcome/worsened,37
PAIRED_QUALITY.json,/versions/MLP_V6.2.3/applied_canonical_region_outcomes/table/TEDS_structure_only/unique_pages_by_outcome/tied,100
PAIRED_QUALITY.json,/versions/MLP_V6.2.3/applied_canonical_region_outcomes/table/TEDS_structure_only/unique_pages_by_outcome/unmatchable,2
PAIRED_QUALITY.json,/versions/MLP_V6.2.3/applied_canonical_region_outcomes/table/TEDS_structure_only/region_denominator,185
PAIRED_QUALITY.json,/versions/MLP_V6.2.3/applied_canonical_region_outcomes/table/TEDS_structure_only/page_denominator,1651
PAIRED_QUALITY.json,/versions/MLP_V6.2.3/applied_canonical_region_outcomes/table/Edit_dist/regions/improved,56
PAIRED_QUALITY.json,/versions/MLP_V6.2.3/applied_canonical_region_outcomes/table/Edit_dist/regions/worsened,103
PAIRED_QUALITY.json,/versions/MLP_V6.2.3/applied_canonical_region_outcomes/table/Edit_dist/regions/tied,24
PAIRED_QUALITY.json,/versions/MLP_V6.2.3/applied_canonical_region_outcomes/table/Edit_dist/regions/unmatchable,2
PAIRED_QUALITY.json,/versions/MLP_V6.2.3/applied_canonical_region_outcomes/table/Edit_dist/unique_pages_by_outcome/improved,51
PAIRED_QUALITY.json,/versions/MLP_V6.2.3/applied_canonical_region_outcomes/table/Edit_dist/unique_pages_by_outcome/worsened,74
PAIRED_QUALITY.json,/versions/MLP_V6.2.3/applied_canonical_region_outcomes/table/Edit_dist/unique_pages_by_outcome/tied,23
PAIRED_QUALITY.json,/versions/MLP_V6.2.3/applied_canonical_region_outcomes/table/Edit_dist/unique_pages_by_outcome/unmatchable,2
PAIRED_QUALITY.json,/versions/MLP_V6.2.3/applied_canonical_region_outcomes/table/Edit_dist/region_denominator,185
PAIRED_QUALITY.json,/versions/MLP_V6.2.3/applied_canonical_region_outcomes/table/Edit_dist/page_denominator,1651
PAIRED_QUALITY.json,/versions/MLP_V6.2.3/applied_canonical_region_outcomes/equation/CDM/regions/improved,28
PAIRED_QUALITY.json,/versions/MLP_V6.2.3/applied_canonical_region_outcomes/equation/CDM/regions/worsened,42
PAIRED_QUALITY.json,/versions/MLP_V6.2.3/applied_canonical_region_outcomes/equation/CDM/regions/tied,206
PAIRED_QUALITY.json,/versions/MLP_V6.2.3/applied_canonical_region_outcomes/equation/CDM/regions/unmatchable,92
PAIRED_QUALITY.json,/versions/MLP_V6.2.3/applied_canonical_region_outcomes/equation/CDM/unique_pages_by_outcome/improved,24
PAIRED_QUALITY.json,/versions/MLP_V6.2.3/applied_canonical_region_outcomes/equation/CDM/unique_pages_by_outcome/worsened,34
PAIRED_QUALITY.json,/versions/MLP_V6.2.3/applied_canonical_region_outcomes/equation/CDM/unique_pages_by_outcome/tied,125
PAIRED_QUALITY.json,/versions/MLP_V6.2.3/applied_canonical_region_outcomes/equation/CDM/unique_pages_by_outcome/unmatchable,55
PAIRED_QUALITY.json,/versions/MLP_V6.2.3/applied_canonical_region_outcomes/equation/CDM/region_denominator,368
PAIRED_QUALITY.json,/versions/MLP_V6.2.3/applied_canonical_region_outcomes/equation/CDM/page_denominator,1651
PAIRED_QUALITY.json,/versions/MLP_V6.2.3/applied_canonical_region_outcomes/equation/Edit_dist/regions/improved,74
PAIRED_QUALITY.json,/versions/MLP_V6.2.3/applied_canonical_region_outcomes/equation/Edit_dist/regions/worsened,84
PAIRED_QUALITY.json,/versions/MLP_V6.2.3/applied_canonical_region_outcomes/equation/Edit_dist/regions/tied,118
PAIRED_QUALITY.json,/versions/MLP_V6.2.3/applied_canonical_region_outcomes/equation/Edit_dist/regions/unmatchable,92
PAIRED_QUALITY.json,/versions/MLP_V6.2.3/applied_canonical_region_outcomes/equation/Edit_dist/unique_pages_by_outcome/improved,62
PAIRED_QUALITY.json,/versions/MLP_V6.2.3/applied_canonical_region_outcomes/equation/Edit_dist/unique_pages_by_outcome/worsened,60
PAIRED_QUALITY.json,/versions/MLP_V6.2.3/applied_canonical_region_outcomes/equation/Edit_dist/unique_pages_by_outcome/tied,91
PAIRED_QUALITY.json,/versions/MLP_V6.2.3/applied_canonical_region_outcomes/equation/Edit_dist/unique_pages_by_outcome/unmatchable,55
PAIRED_QUALITY.json,/versions/MLP_V6.2.3/applied_canonical_region_outcomes/equation/Edit_dist/region_denominator,368
PAIRED_QUALITY.json,/versions/MLP_V6.2.3/applied_canonical_region_outcomes/equation/Edit_dist/page_denominator,1651
PAIRED_QUALITY.json,/versions/MLP_V6.2.3/applied_canonical_combined_primary_outcomes/regions/improved,83
PAIRED_QUALITY.json,/versions/MLP_V6.2.3/applied_canonical_combined_primary_outcomes/regions/worsened,147
PAIRED_QUALITY.json,/versions/MLP_V6.2.3/applied_canonical_combined_primary_outcomes/regions/tied,229
PAIRED_QUALITY.json,/versions/MLP_V6.2.3/applied_canonical_combined_primary_outcomes/regions/unmatchable,94
PAIRED_QUALITY.json,/versions/MLP_V6.2.3/applied_canonical_combined_primary_outcomes/unique_pages_by_outcome/improved,74
PAIRED_QUALITY.json,/versions/MLP_V6.2.3/applied_canonical_combined_primary_outcomes/unique_pages_by_outcome/worsened,111
PAIRED_QUALITY.json,/versions/MLP_V6.2.3/applied_canonical_combined_primary_outcomes/unique_pages_by_outcome/tied,147
PAIRED_QUALITY.json,/versions/MLP_V6.2.3/applied_canonical_combined_primary_outcomes/unique_pages_by_outcome/unmatchable,57
PAIRED_QUALITY.json,/versions/MLP_V6.2.3/applied_canonical_combined_primary_outcomes/region_denominator,553
PAIRED_QUALITY.json,/versions/MLP_V6.2.3/applied_canonical_combined_primary_outcomes/page_denominator,1651
PAIRED_QUALITY.json,/versions/MLP_V6.2.3/applied_canonical_combined_primary_outcomes/definition,"""Applied canonical output edits only; table TEDS/formula CDM labels. Diagnostic counts, not a composite score. Page sets can overlap."""
PAIRED_QUALITY.json,/edited_subset_note,"""Descriptive requested funnel conditioned on applied canonical output changes, not quality; all-eligible and complete official outcomes are also retained."""
COSTS.json,/at,"""2026-10-07T18:30:50.322177+00:00"""
COSTS.json,/definition,"""Actual Docker start/finish residency times multiplied by bound physical GPU count; includes startup, failures, idle residency and previously stopped allocations. CPU limits are allocations, not measured CPU usage."""
COSTS.json,/all_owned_compute_exited,true
COSTS.json,/total_task_allocated_gpu_hours,5.792213210331069
COSTS.json,/phase_costs/initial_external_metric_validation/gpu_seconds,0.0
COSTS.json,/phase_costs/initial_external_metric_validation/containers,1
COSTS.json,/phase_costs/initial_external_metric_validation/started_at,"""2026-10-07T11:31:44.134409506Z"""
COSTS.json,/phase_costs/initial_external_metric_validation/finished_at,"""2026-10-07T11:34:35.629727524Z"""
COSTS.json,/phase_costs/initial_external_metric_validation/wall_span_seconds,171.4953179359436
COSTS.json,/phase_costs/cpu_runtime_preparation/gpu_seconds,0.0
COSTS.json,/phase_costs/cpu_runtime_preparation/containers,2
COSTS.json,/phase_costs/cpu_runtime_preparation/started_at,"""2026-10-07T09:30:24.159948457Z"""
COSTS.json,/phase_costs/cpu_runtime_preparation/finished_at,"""2026-10-07T09:33:22.614003141Z"""
COSTS.json,/phase_costs/cpu_runtime_preparation/wall_span_seconds,178.4540548324585
COSTS.json,/phase_costs/source_native_expansion/gpu_seconds,1230.3137302398682
COSTS.json,/phase_costs/source_native_expansion/containers,3
COSTS.json,/phase_costs/source_native_expansion/started_at,"""2026-10-07T12:18:25.662948238Z"""
COSTS.json,/phase_costs/source_native_expansion/finished_at,"""2026-10-07T12:25:31.179142337Z"""
COSTS.json,/phase_costs/source_native_expansion/wall_span_seconds,425.5161941051483
COSTS.json,/phase_costs/source_native_initial/gpu_seconds,473.0558030605316
COSTS.json,/phase_costs/source_native_initial/containers,2
COSTS.json,/phase_costs/source_native_initial/started_at,"""2026-10-07T11:30:16.758029235Z"""
COSTS.json,/phase_costs/source_native_initial/finished_at,"""2026-10-07T11:34:15.265395376Z"""
COSTS.json,/phase_costs/source_native_initial/wall_span_seconds,238.50736594200134
COSTS.json,/phase_costs/offline_scale_expansion/gpu_seconds,2642.7832210063934
COSTS.json,/phase_costs/offline_scale_expansion/containers,4
COSTS.json,/phase_costs/offline_scale_expansion/started_at,"""2026-10-07T12:36:36.426244623Z"""
COSTS.json,/phase_costs/offline_scale_expansion/finished_at,"""2026-10-07T12:49:24.815268107Z"""
COSTS.json,/phase_costs/offline_scale_expansion/wall_span_seconds,768.3890240192413
COSTS.json,/phase_costs/benchmark_retained_technical_smoke/gpu_seconds,285.4218909740448
COSTS.json,/phase_costs/benchmark_retained_technical_smoke/containers,2
COSTS.json,/phase_costs/benchmark_retained_technical_smoke/started_at,"""2026-10-07T15:55:19.969327294Z"""
COSTS.json,/phase_costs/benchmark_retained_technical_smoke/finished_at,"""2026-10-07T15:57:48.070890462Z"""
COSTS.json,/phase_costs/benchmark_retained_technical_smoke/wall_span_seconds,148.10156297683716
COSTS.json,/phase_costs/external_learned_and_fixed_actions/gpu_seconds,496.970538854599
COSTS.json,/phase_costs/external_learned_and_fixed_actions/containers,2
COSTS.json,/phase_costs/external_learned_and_fixed_actions/started_at,"""2026-10-07T15:47:43.238408081Z"""
COSTS.json,/phase_costs/external_learned_and_fixed_actions/finished_at,"""2026-10-07T15:52:23.397465201Z"""
COSTS.json,/phase_costs/external_learned_and_fixed_actions/wall_span_seconds,280.15905690193176
COSTS.json,/phase_costs/official_scoring/gpu_seconds,0.0
COSTS.json,/phase_costs/official_scoring/containers,7
COSTS.json,/phase_costs/official_scoring/started_at,"""2026-10-07T16:47:44.475553518Z"""
COSTS.json,/phase_costs/official_scoring/finished_at,"""2026-10-07T18:30:03.542704923Z"""
COSTS.json,/phase_costs/official_scoring/wall_span_seconds,6139.067151069641
COSTS.json,/phase_costs/benchmark_remaining_pages/gpu_seconds,14722.188485860825
COSTS.json,/phase_costs/benchmark_remaining_pages/containers,6
COSTS.json,/phase_costs/benchmark_remaining_pages/started_at,"""2026-10-07T16:02:22.332560174Z"""
COSTS.json,/phase_costs/benchmark_remaining_pages/finished_at,"""2026-10-07T16:45:27.635534422Z"""
COSTS.json,/phase_costs/benchmark_remaining_pages/wall_span_seconds,2585.302973985672
COSTS.json,/phase_costs/offline_scale_initial/gpu_seconds,878.2934610843658
COSTS.json,/phase_costs/offline_scale_initial/containers,1
COSTS.json,/phase_costs/offline_scale_initial/started_at,"""2026-10-07T11:52:06.635699861Z"""
COSTS.json,/phase_costs/offline_scale_initial/finished_at,"""2026-10-07T12:06:44.929160021Z"""
COSTS.json,/phase_costs/offline_scale_initial/wall_span_seconds,878.2934610843658
COSTS.json,/phase_costs/expanded_external_metric_validation/gpu_seconds,0.0
COSTS.json,/phase_costs/expanded_external_metric_validation/containers,1
COSTS.json,/phase_costs/expanded_external_metric_validation/started_at,"""2026-10-07T12:00:47.064499193Z"""
COSTS.json,/phase_costs/expanded_external_metric_validation/finished_at,"""2026-10-07T12:11:03.437787594Z"""
COSTS.json,/phase_costs/expanded_external_metric_validation/wall_span_seconds,616.373288154602
COSTS.json,/phase_costs/external_action_quality_scoring/gpu_seconds,0.0
COSTS.json,/phase_costs/external_action_quality_scoring/containers,1
COSTS.json,/phase_costs/external_action_quality_scoring/started_at,"""2026-10-07T15:54:13.159492963Z"""
COSTS.json,/phase_costs/external_action_quality_scoring/finished_at,"""2026-10-07T15:55:07.442872912Z"""
COSTS.json,/phase_costs/external_action_quality_scoring/wall_span_seconds,54.28338003158569
COSTS.json,/phase_costs/expanded_offline_scale_scoring/gpu_seconds,0.0
COSTS.json,/phase_costs/expanded_offline_scale_scoring/containers,1
COSTS.json,/phase_costs/expanded_offline_scale_scoring/started_at,"""2026-10-07T12:54:54.158279568Z"""
COSTS.json,/phase_costs/expanded_offline_scale_scoring/finished_at,"""2026-10-07T13:04:35.344885085Z"""
COSTS.json,/phase_costs/expanded_offline_scale_scoring/wall_span_seconds,581.186606168747
COSTS.json,/phase_costs/initial_offline_scale_scoring/gpu_seconds,0.0
COSTS.json,/phase_costs/initial_offline_scale_scoring/containers,1
COSTS.json,/phase_costs/initial_offline_scale_scoring/started_at,"""2026-10-07T12:06:49.694165305Z"""
COSTS.json,/phase_costs/initial_offline_scale_scoring/finished_at,"""2026-10-07T12:11:43.848198763Z"""
COSTS.json,/phase_costs/initial_offline_scale_scoring/wall_span_seconds,294.15403294563293
COSTS.json,/phase_costs/external_compatibility/gpu_seconds,122.94042611122131
COSTS.json,/phase_costs/external_compatibility/containers,1
COSTS.json,/phase_costs/external_compatibility/started_at,"""2026-10-07T10:03:37.931906314Z"""
COSTS.json,/phase_costs/external_compatibility/finished_at,"""2026-10-07T10:05:40.872332255Z"""
COSTS.json,/phase_costs/external_compatibility/wall_span_seconds,122.94042611122131
COSTS.json,/official_scoring_by_version/D0/device,"""cpu"""
COSTS.json,/official_scoring_by_version/D0/started_at,"""2026-10-07T16:47:44.475553518Z"""
COSTS.json,/official_scoring_by_version/D0/finished_at,"""2026-10-07T17:23:07.20988316Z"""
COSTS.json,/official_scoring_by_version/D0/container_wall_seconds,2122.7343299388885
COSTS.json,/official_scoring_by_version/D0/scorer_process_seconds,2122.5628476142883
COSTS.json,/official_scoring_by_version/D0/exit_code,0
COSTS.json,/official_scoring_by_version/D0/cpu_limit,8
COSTS.json,/official_scoring_by_version/D0/memory_limit_gib,32
COSTS.json,/official_scoring_by_version/D0/allocated_gpu_hours,0
COSTS.json,/official_scoring_by_version/D0/resource_note,"""CPU/memory limits are allocations, not measured consumption; at most three scorers ran concurrently."""
COSTS.json,/official_scoring_by_version/GBDT_V6.1.1/device,"""cpu"""
COSTS.json,/official_scoring_by_version/GBDT_V6.1.1/started_at,"""2026-10-07T16:47:45.179889333Z"""
COSTS.json,/official_scoring_by_version/GBDT_V6.1.1/finished_at,"""2026-10-07T17:21:11.927760119Z"""
COSTS.json,/official_scoring_by_version/GBDT_V6.1.1/container_wall_seconds,2006.7478709220886
COSTS.json,/official_scoring_by_version/GBDT_V6.1.1/scorer_process_seconds,2006.6113331317902
COSTS.json,/official_scoring_by_version/GBDT_V6.1.1/exit_code,0
COSTS.json,/official_scoring_by_version/GBDT_V6.1.1/cpu_limit,8
COSTS.json,/official_scoring_by_version/GBDT_V6.1.1/memory_limit_gib,32
COSTS.json,/official_scoring_by_version/GBDT_V6.1.1/allocated_gpu_hours,0
COSTS.json,/official_scoring_by_version/GBDT_V6.1.1/resource_note,"""CPU/memory limits are allocations, not measured consumption; at most three scorers ran concurrently."""
COSTS.json,/official_scoring_by_version/GBDT_V6.1.2/device,"""cpu"""
COSTS.json,/official_scoring_by_version/GBDT_V6.1.2/started_at,"""2026-10-07T16:47:45.946265748Z"""
COSTS.json,/official_scoring_by_version/GBDT_V6.1.2/finished_at,"""2026-10-07T17:22:55.204279989Z"""
COSTS.json,/official_scoring_by_version/GBDT_V6.1.2/container_wall_seconds,2109.2580139636993
COSTS.json,/official_scoring_by_version/GBDT_V6.1.2/scorer_process_seconds,2109.106514453888
COSTS.json,/official_scoring_by_version/GBDT_V6.1.2/exit_code,0
COSTS.json,/official_scoring_by_version/GBDT_V6.1.2/cpu_limit,8
COSTS.json,/official_scoring_by_version/GBDT_V6.1.2/memory_limit_gib,32
COSTS.json,/official_scoring_by_version/GBDT_V6.1.2/allocated_gpu_hours,0
COSTS.json,/official_scoring_by_version/GBDT_V6.1.2/resource_note,"""CPU/memory limits are allocations, not measured consumption; at most three scorers ran concurrently."""
COSTS.json,/official_scoring_by_version/GBDT_V6.1.3/device,"""cpu"""
COSTS.json,/official_scoring_by_version/GBDT_V6.1.3/started_at,"""2026-10-07T17:21:30.340215876Z"""
COSTS.json,/official_scoring_by_version/GBDT_V6.1.3/finished_at,"""2026-10-07T17:56:07.633731724Z"""
COSTS.json,/official_scoring_by_version/GBDT_V6.1.3/container_wall_seconds,2077.293515920639
COSTS.json,/official_scoring_by_version/GBDT_V6.1.3/scorer_process_seconds,2077.1589782238007
COSTS.json,/official_scoring_by_version/GBDT_V6.1.3/exit_code,0
COSTS.json,/official_scoring_by_version/GBDT_V6.1.3/cpu_limit,8
COSTS.json,/official_scoring_by_version/GBDT_V6.1.3/memory_limit_gib,32
COSTS.json,/official_scoring_by_version/GBDT_V6.1.3/allocated_gpu_hours,0
COSTS.json,/official_scoring_by_version/GBDT_V6.1.3/resource_note,"""CPU/memory limits are allocations, not measured consumption; at most three scorers ran concurrently."""
COSTS.json,/official_scoring_by_version/MLP_V6.2.1/device,"""cpu"""
COSTS.json,/official_scoring_by_version/MLP_V6.2.1/started_at,"""2026-10-07T17:23:11.751548298Z"""
COSTS.json,/official_scoring_by_version/MLP_V6.2.1/finished_at,"""2026-10-07T17:57:14.349793142Z"""
COSTS.json,/official_scoring_by_version/MLP_V6.2.1/container_wall_seconds,2042.5982449054718
COSTS.json,/official_scoring_by_version/MLP_V6.2.1/scorer_process_seconds,2042.43870139122
COSTS.json,/official_scoring_by_version/MLP_V6.2.1/exit_code,0
COSTS.json,/official_scoring_by_version/MLP_V6.2.1/cpu_limit,8
COSTS.json,/official_scoring_by_version/MLP_V6.2.1/memory_limit_gib,32
COSTS.json,/official_scoring_by_version/MLP_V6.2.1/allocated_gpu_hours,0
COSTS.json,/official_scoring_by_version/MLP_V6.2.1/resource_note,"""CPU/memory limits are allocations, not measured consumption; at most three scorers ran concurrently."""
COSTS.json,/official_scoring_by_version/MLP_V6.2.2/device,"""cpu"""
COSTS.json,/official_scoring_by_version/MLP_V6.2.2/started_at,"""2026-10-07T17:23:22.536140875Z"""
COSTS.json,/official_scoring_by_version/MLP_V6.2.2/finished_at,"""2026-10-07T17:58:33.544559985Z"""
COSTS.json,/official_scoring_by_version/MLP_V6.2.2/container_wall_seconds,2111.0084190368652
COSTS.json,/official_scoring_by_version/MLP_V6.2.2/scorer_process_seconds,2110.851464033127
COSTS.json,/official_scoring_by_version/MLP_V6.2.2/exit_code,0
COSTS.json,/official_scoring_by_version/MLP_V6.2.2/cpu_limit,8
COSTS.json,/official_scoring_by_version/MLP_V6.2.2/memory_limit_gib,32
COSTS.json,/official_scoring_by_version/MLP_V6.2.2/allocated_gpu_hours,0
COSTS.json,/official_scoring_by_version/MLP_V6.2.2/resource_note,"""CPU/memory limits are allocations, not measured consumption; at most three scorers ran concurrently."""
COSTS.json,/official_scoring_by_version/MLP_V6.2.3/device,"""cpu"""
COSTS.json,/official_scoring_by_version/MLP_V6.2.3/started_at,"""2026-10-07T17:56:27.328028164Z"""
COSTS.json,/official_scoring_by_version/MLP_V6.2.3/finished_at,"""2026-10-07T18:30:03.542704923Z"""
COSTS.json,/official_scoring_by_version/MLP_V6.2.3/container_wall_seconds,2016.214676141739
COSTS.json,/official_scoring_by_version/MLP_V6.2.3/scorer_process_seconds,2016.0644137859344
COSTS.json,/official_scoring_by_version/MLP_V6.2.3/exit_code,0
COSTS.json,/official_scoring_by_version/MLP_V6.2.3/cpu_limit,8
COSTS.json,/official_scoring_by_version/MLP_V6.2.3/memory_limit_gib,32
COSTS.json,/official_scoring_by_version/MLP_V6.2.3/allocated_gpu_hours,0
COSTS.json,/official_scoring_by_version/MLP_V6.2.3/resource_note,"""CPU/memory limits are allocations, not measured consumption; at most three scorers ran concurrently."""
COSTS.json,/benchmark_shared/allocated_gpu_hours,4.168780660231908
COSTS.json,/benchmark_shared/started_at,"""2026-10-07T15:55:19.969327294Z"""
COSTS.json,/benchmark_shared/finished_at,"""2026-10-07T16:45:27.635534422Z"""
COSTS.json,/benchmark_shared/wall_span_seconds_including_gap,3007.666207075119
COSTS.json,/benchmark_shared/page_denominator,1651
COSTS.json,/benchmark_shared/output_count,7
COSTS.json,/benchmark_shared/model,"""NVIDIA A100 80GB PCIe"""
COSTS.json,/benchmark_shared/peak_concurrent_gpus,6
COSTS.json,/benchmark_shared/precision,"""bfloat16"""
COSTS.json,/benchmark_shared/warmup,"""Allocation costs include engine startup; page latency starts after engine readiness"""
COSTS.json,/benchmark_shared/page_latency_seconds/n,1651
COSTS.json,/benchmark_shared/page_latency_seconds/min,1.5759937139227986
COSTS.json,/benchmark_shared/page_latency_seconds/p50,6.3102012041490525
COSTS.json,/benchmark_shared/page_latency_seconds/p90,15.329478790983558
COSTS.json,/benchmark_shared/page_latency_seconds/p95,20.71723154897336
COSTS.json,/benchmark_shared/page_latency_seconds/max,77.48090363200754
COSTS.json,/benchmark_shared/page_latency_seconds/sum,14126.199222808937
COSTS.json,/benchmark_shared/failed_page_latency_seconds/n,0
COSTS.json,/benchmark_shared/failed_page_latency_seconds/p50,null
COSTS.json,/benchmark_shared/failed_page_latency_seconds/p90,null
COSTS.json,/benchmark_shared/failed_page_latency_seconds/p95,null
COSTS.json,/benchmark_shared/failed_page_latency_seconds/reason,"""No failed benchmark pages"""
COSTS.json,/benchmark_shared/failed_pages,0
COSTS.json,/benchmark_shared/timeout_pages,0
COSTS.json,/controller_fits/gbdt_table/device,"""cpu"""
COSTS.json,/controller_fits/gbdt_table/elapsed_seconds,0.045999999972991645
COSTS.json,/controller_fits/gbdt_table/rows,112
COSTS.json,/controller_fits/gbdt_table/source_groups,112
COSTS.json,/controller_fits/mlp_table/device,"""cpu"""
COSTS.json,/controller_fits/mlp_table/elapsed_seconds,0.03200000000651926
COSTS.json,/controller_fits/mlp_table/rows,112
COSTS.json,/controller_fits/mlp_table/source_groups,112
COSTS.json,/controller_fits/gbdt_equation/device,"""cpu"""
COSTS.json,/controller_fits/gbdt_equation/elapsed_seconds,0.03200000000651926
COSTS.json,/controller_fits/gbdt_equation/rows,68
COSTS.json,/controller_fits/gbdt_equation/source_groups,47
COSTS.json,/controller_fits/mlp_equation/device,"""cpu"""
COSTS.json,/controller_fits/mlp_equation/elapsed_seconds,0.030999999959021807
COSTS.json,/controller_fits/mlp_equation/rows,68
COSTS.json,/controller_fits/mlp_equation/source_groups,47
COSTS.json,/controller_fit_seconds_sum,0.14099999994505197
COSTS.json,/controller_training_process_seconds,0.1869999999180436
COSTS.json,/fit_runtime/python,"""3.12.14"""
COSTS.json,/fit_runtime/numpy,"""2.5.3"""
COSTS.json,/fit_runtime/scikit_learn,"""1.7.2"""
COSTS.json,/fit_runtime/threads,1
COSTS.json,/source_retrieval/retained_bytes,1526576173
COSTS.json,/source_retrieval/elapsed_seconds,null
COSTS.json,/source_retrieval/reason,"""Retrieval, inspection and correspondence overlapped; no isolated retrieval wall timer was recorded"""
COSTS.json,/offline_measurement_failure/views,1
COSTS.json,/offline_measurement_failure/reason,"""Requested context 16395 exceeded the frozen 16384 limit; other seven views of the region retained"""
COSTS.json,/offline_measurement_failure/replayed,false
COSTS.json,/offline_measurement_failure/cost_accounting,"""Included in the actual offline-scale allocation ledger; not removed from task cost"""
COSTS.json,/packaging/first_completed_at,"""2026-10-07T13:09:14.432153+00:00"""
COSTS.json,/packaging/elapsed_seconds,null
COSTS.json,/packaging/reason,"""Completion timestamp recorded; no isolated packaging duration timer"""
COSTS.json,/stage_timing,"""ACTIVATION.json records native, feature, controller, resize, OCR and assembly timing. Totals overlap and must not be summed as wall time."""
COSTS.json,/per_version_estimate,"""ACTIVATION.json labels standalone attribution estimates; there were no independent standalone reruns."""
EXTERNAL_ACTOR_QUALITY.json,/at,"""2026-10-07T16:06:56.791851+00:00"""
EXTERNAL_ACTOR_QUALITY.json,/scope,"""external_source_page_native_regions"""
EXTERNAL_ACTOR_QUALITY.json,/score_sha256,"""7f501e34eeec9cece498feb4ee1db6e9c0af04a88abb7ce0e8d459d6d7ad65a0"""
EXTERNAL_ACTOR_QUALITY.json,/quality_units,"""0-1"""
EXTERNAL_ACTOR_QUALITY.json,/policy_refitted,false
EXTERNAL_ACTOR_QUALITY.json,/benchmark_used,false
EXTERNAL_ACTOR_QUALITY.json,/splits/validation/table/metric,"""TEDS"""
EXTERNAL_ACTOR_QUALITY.json,/splits/validation/table/region_denominator,29
EXTERNAL_ACTOR_QUALITY.json,/splits/validation/table/source_groups,29
EXTERNAL_ACTOR_QUALITY.json,/splits/validation/table/metrics/native/mean_quality,0.8919772189164744
EXTERNAL_ACTOR_QUALITY.json,/splits/validation/table/metrics/native/valid_regions,29
EXTERNAL_ACTOR_QUALITY.json,/splits/validation/table/metrics/native/denominator,29
EXTERNAL_ACTOR_QUALITY.json,/splits/validation/table/metrics/native/unmatchable_regions,0
EXTERNAL_ACTOR_QUALITY.json,/splits/validation/table/metrics/gbdt/mean_quality,0.8994843796246009
EXTERNAL_ACTOR_QUALITY.json,/splits/validation/table/metrics/gbdt/valid_regions,29
EXTERNAL_ACTOR_QUALITY.json,/splits/validation/table/metrics/gbdt/denominator,29
EXTERNAL_ACTOR_QUALITY.json,/splits/validation/table/metrics/gbdt/unmatchable_regions,0
EXTERNAL_ACTOR_QUALITY.json,/splits/validation/table/metrics/gbdt/completed_actions,29
EXTERNAL_ACTOR_QUALITY.json,/splits/validation/table/metrics/gbdt/accepted_actions,29
EXTERNAL_ACTOR_QUALITY.json,/splits/validation/table/metrics/gbdt/outcomes/tied,16
EXTERNAL_ACTOR_QUALITY.json,/splits/validation/table/metrics/gbdt/outcomes/worsened,5
EXTERNAL_ACTOR_QUALITY.json,/splits/validation/table/metrics/gbdt/outcomes/improved,8
EXTERNAL_ACTOR_QUALITY.json,/splits/validation/table/metrics/mlp/mean_quality,0.8928597761541461
EXTERNAL_ACTOR_QUALITY.json,/splits/validation/table/metrics/mlp/valid_regions,29
EXTERNAL_ACTOR_QUALITY.json,/splits/validation/table/metrics/mlp/denominator,29
EXTERNAL_ACTOR_QUALITY.json,/splits/validation/table/metrics/mlp/unmatchable_regions,0
EXTERNAL_ACTOR_QUALITY.json,/splits/validation/table/metrics/mlp/completed_actions,29
EXTERNAL_ACTOR_QUALITY.json,/splits/validation/table/metrics/mlp/accepted_actions,29
EXTERNAL_ACTOR_QUALITY.json,/splits/validation/table/metrics/mlp/outcomes/tied,16
EXTERNAL_ACTOR_QUALITY.json,/splits/validation/table/metrics/mlp/outcomes/improved,8
EXTERNAL_ACTOR_QUALITY.json,/splits/validation/table/metrics/mlp/outcomes/worsened,5
EXTERNAL_ACTOR_QUALITY.json,/splits/validation/table/metrics/fixed/mean_quality,0.8995302509872595
EXTERNAL_ACTOR_QUALITY.json,/splits/validation/table/metrics/fixed/valid_regions,29
EXTERNAL_ACTOR_QUALITY.json,/splits/validation/table/metrics/fixed/denominator,29
EXTERNAL_ACTOR_QUALITY.json,/splits/validation/table/metrics/fixed/unmatchable_regions,0
EXTERNAL_ACTOR_QUALITY.json,/splits/validation/table/metrics/fixed/completed_actions,29
EXTERNAL_ACTOR_QUALITY.json,/splits/validation/table/metrics/fixed/accepted_actions,29
EXTERNAL_ACTOR_QUALITY.json,/splits/validation/table/metrics/fixed/outcomes/worsened,9
EXTERNAL_ACTOR_QUALITY.json,/splits/validation/table/metrics/fixed/outcomes/improved,14
EXTERNAL_ACTOR_QUALITY.json,/splits/validation/table/metrics/fixed/outcomes/tied,6
EXTERNAL_ACTOR_QUALITY.json,/splits/validation/table/paired_comparisons/0/comparison,"""gbdt minus native"""
EXTERNAL_ACTOR_QUALITY.json,/splits/validation/table/paired_comparisons/0/region_denominator,29
EXTERNAL_ACTOR_QUALITY.json,/splits/validation/table/paired_comparisons/0/paired_regions,29
EXTERNAL_ACTOR_QUALITY.json,/splits/validation/table/paired_comparisons/0/unmatchable_regions,0
EXTERNAL_ACTOR_QUALITY.json,/splits/validation/table/paired_comparisons/0/positive_favors,"""gbdt"""
EXTERNAL_ACTOR_QUALITY.json,/splits/validation/table/paired_comparisons/0/tie_tolerance,1e-06
EXTERNAL_ACTOR_QUALITY.json,/splits/validation/table/paired_comparisons/0/mean_delta,0.007507160708126499
EXTERNAL_ACTOR_QUALITY.json,/splits/validation/table/paired_comparisons/0/source_groups,29
EXTERNAL_ACTOR_QUALITY.json,/splits/validation/table/paired_comparisons/0/improved,8
EXTERNAL_ACTOR_QUALITY.json,/splits/validation/table/paired_comparisons/0/worsened,5
EXTERNAL_ACTOR_QUALITY.json,/splits/validation/table/paired_comparisons/0/tied,16
EXTERNAL_ACTOR_QUALITY.json,/splits/validation/table/paired_comparisons/0/source_cluster_bootstrap_95ci/0,-0.015126840854266297
EXTERNAL_ACTOR_QUALITY.json,/splits/validation/table/paired_comparisons/0/source_cluster_bootstrap_95ci/1,0.028948849317064162
EXTERNAL_ACTOR_QUALITY.json,/splits/validation/table/paired_comparisons/0/bootstrap_repetitions,2000
EXTERNAL_ACTOR_QUALITY.json,/splits/validation/table/paired_comparisons/0/bootstrap_seed,0
EXTERNAL_ACTOR_QUALITY.json,/splits/validation/table/paired_comparisons/0/bootstrap_unit,"""Source document; all paired regions within resampled documents retained"""
EXTERNAL_ACTOR_QUALITY.json,/splits/validation/table/paired_comparisons/0/estimand,"""Equal-region macro quality delta on common metric coverage; no significance or multiple-comparison correction claim"""
EXTERNAL_ACTOR_QUALITY.json,/splits/validation/table/paired_comparisons/1/comparison,"""mlp minus native"""
EXTERNAL_ACTOR_QUALITY.json,/splits/validation/table/paired_comparisons/1/region_denominator,29
EXTERNAL_ACTOR_QUALITY.json,/splits/validation/table/paired_comparisons/1/paired_regions,29
EXTERNAL_ACTOR_QUALITY.json,/splits/validation/table/paired_comparisons/1/unmatchable_regions,0
EXTERNAL_ACTOR_QUALITY.json,/splits/validation/table/paired_comparisons/1/positive_favors,"""mlp"""
EXTERNAL_ACTOR_QUALITY.json,/splits/validation/table/paired_comparisons/1/tie_tolerance,1e-06
EXTERNAL_ACTOR_QUALITY.json,/splits/validation/table/paired_comparisons/1/mean_delta,0.0008825572376717255
EXTERNAL_ACTOR_QUALITY.json,/splits/validation/table/paired_comparisons/1/source_groups,29
EXTERNAL_ACTOR_QUALITY.json,/splits/validation/table/paired_comparisons/1/improved,8
EXTERNAL_ACTOR_QUALITY.json,/splits/validation/table/paired_comparisons/1/worsened,5
EXTERNAL_ACTOR_QUALITY.json,/splits/validation/table/paired_comparisons/1/tied,16
EXTERNAL_ACTOR_QUALITY.json,/splits/validation/table/paired_comparisons/1/source_cluster_bootstrap_95ci/0,-0.017166844547445152
EXTERNAL_ACTOR_QUALITY.json,/splits/validation/table/paired_comparisons/1/source_cluster_bootstrap_95ci/1,0.014396421586353368
EXTERNAL_ACTOR_QUALITY.json,/splits/validation/table/paired_comparisons/1/bootstrap_repetitions,2000
EXTERNAL_ACTOR_QUALITY.json,/splits/validation/table/paired_comparisons/1/bootstrap_seed,0
EXTERNAL_ACTOR_QUALITY.json,/splits/validation/table/paired_comparisons/1/bootstrap_unit,"""Source document; all paired regions within resampled documents retained"""
EXTERNAL_ACTOR_QUALITY.json,/splits/validation/table/paired_comparisons/1/estimand,"""Equal-region macro quality delta on common metric coverage; no significance or multiple-comparison correction claim"""
EXTERNAL_ACTOR_QUALITY.json,/splits/validation/table/paired_comparisons/2/comparison,"""fixed minus native"""
EXTERNAL_ACTOR_QUALITY.json,/splits/validation/table/paired_comparisons/2/region_denominator,29
EXTERNAL_ACTOR_QUALITY.json,/splits/validation/table/paired_comparisons/2/paired_regions,29
EXTERNAL_ACTOR_QUALITY.json,/splits/validation/table/paired_comparisons/2/unmatchable_regions,0
EXTERNAL_ACTOR_QUALITY.json,/splits/validation/table/paired_comparisons/2/positive_favors,"""fixed"""
EXTERNAL_ACTOR_QUALITY.json,/splits/validation/table/paired_comparisons/2/tie_tolerance,1e-06
EXTERNAL_ACTOR_QUALITY.json,/splits/validation/table/paired_comparisons/2/mean_delta,0.007553032070784956
EXTERNAL_ACTOR_QUALITY.json,/splits/validation/table/paired_comparisons/2/source_groups,29
EXTERNAL_ACTOR_QUALITY.json,/splits/validation/table/paired_comparisons/2/improved,14
EXTERNAL_ACTOR_QUALITY.json,/splits/validation/table/paired_comparisons/2/worsened,9
EXTERNAL_ACTOR_QUALITY.json,/splits/validation/table/paired_comparisons/2/tied,6
EXTERNAL_ACTOR_QUALITY.json,/splits/validation/table/paired_comparisons/2/source_cluster_bootstrap_95ci/0,-0.017155079125325254
EXTERNAL_ACTOR_QUALITY.json,/splits/validation/table/paired_comparisons/2/source_cluster_bootstrap_95ci/1,0.029429290601133504
EXTERNAL_ACTOR_QUALITY.json,/splits/validation/table/paired_comparisons/2/bootstrap_repetitions,2000
EXTERNAL_ACTOR_QUALITY.json,/splits/validation/table/paired_comparisons/2/bootstrap_seed,0
EXTERNAL_ACTOR_QUALITY.json,/splits/validation/table/paired_comparisons/2/bootstrap_unit,"""Source document; all paired regions within resampled documents retained"""
EXTERNAL_ACTOR_QUALITY.json,/splits/validation/table/paired_comparisons/2/estimand,"""Equal-region macro quality delta on common metric coverage; no significance or multiple-comparison correction claim"""
EXTERNAL_ACTOR_QUALITY.json,/splits/validation/table/paired_comparisons/3/comparison,"""gbdt minus fixed"""
EXTERNAL_ACTOR_QUALITY.json,/splits/validation/table/paired_comparisons/3/region_denominator,29
EXTERNAL_ACTOR_QUALITY.json,/splits/validation/table/paired_comparisons/3/paired_regions,29
EXTERNAL_ACTOR_QUALITY.json,/splits/validation/table/paired_comparisons/3/unmatchable_regions,0
EXTERNAL_ACTOR_QUALITY.json,/splits/validation/table/paired_comparisons/3/positive_favors,"""gbdt"""
EXTERNAL_ACTOR_QUALITY.json,/splits/validation/table/paired_comparisons/3/tie_tolerance,1e-06
EXTERNAL_ACTOR_QUALITY.json,/splits/validation/table/paired_comparisons/3/mean_delta,-4.587136265845692e-05
EXTERNAL_ACTOR_QUALITY.json,/splits/validation/table/paired_comparisons/3/source_groups,29
EXTERNAL_ACTOR_QUALITY.json,/splits/validation/table/paired_comparisons/3/improved,12
EXTERNAL_ACTOR_QUALITY.json,/splits/validation/table/paired_comparisons/3/worsened,10
EXTERNAL_ACTOR_QUALITY.json,/splits/validation/table/paired_comparisons/3/tied,7
EXTERNAL_ACTOR_QUALITY.json,/splits/validation/table/paired_comparisons/3/source_cluster_bootstrap_95ci/0,-0.01547495164087696
EXTERNAL_ACTOR_QUALITY.json,/splits/validation/table/paired_comparisons/3/source_cluster_bootstrap_95ci/1,0.01487965296140216
EXTERNAL_ACTOR_QUALITY.json,/splits/validation/table/paired_comparisons/3/bootstrap_repetitions,2000
EXTERNAL_ACTOR_QUALITY.json,/splits/validation/table/paired_comparisons/3/bootstrap_seed,0
EXTERNAL_ACTOR_QUALITY.json,/splits/validation/table/paired_comparisons/3/bootstrap_unit,"""Source document; all paired regions within resampled documents retained"""
EXTERNAL_ACTOR_QUALITY.json,/splits/validation/table/paired_comparisons/3/estimand,"""Equal-region macro quality delta on common metric coverage; no significance or multiple-comparison correction claim"""
EXTERNAL_ACTOR_QUALITY.json,/splits/validation/table/paired_comparisons/4/comparison,"""mlp minus fixed"""
EXTERNAL_ACTOR_QUALITY.json,/splits/validation/table/paired_comparisons/4/region_denominator,29
EXTERNAL_ACTOR_QUALITY.json,/splits/validation/table/paired_comparisons/4/paired_regions,29
EXTERNAL_ACTOR_QUALITY.json,/splits/validation/table/paired_comparisons/4/unmatchable_regions,0
EXTERNAL_ACTOR_QUALITY.json,/splits/validation/table/paired_comparisons/4/positive_favors,"""mlp"""
EXTERNAL_ACTOR_QUALITY.json,/splits/validation/table/paired_comparisons/4/tie_tolerance,1e-06
EXTERNAL_ACTOR_QUALITY.json,/splits/validation/table/paired_comparisons/4/mean_delta,-0.00667047483311323
EXTERNAL_ACTOR_QUALITY.json,/splits/validation/table/paired_comparisons/4/source_groups,29
EXTERNAL_ACTOR_QUALITY.json,/splits/validation/table/paired_comparisons/4/improved,9
EXTERNAL_ACTOR_QUALITY.json,/splits/validation/table/paired_comparisons/4/worsened,12
EXTERNAL_ACTOR_QUALITY.json,/splits/validation/table/paired_comparisons/4/tied,8
EXTERNAL_ACTOR_QUALITY.json,/splits/validation/table/paired_comparisons/4/source_cluster_bootstrap_95ci/0,-0.021936327020075638
EXTERNAL_ACTOR_QUALITY.json,/splits/validation/table/paired_comparisons/4/source_cluster_bootstrap_95ci/1,0.006772918562989612
EXTERNAL_ACTOR_QUALITY.json,/splits/validation/table/paired_comparisons/4/bootstrap_repetitions,2000
EXTERNAL_ACTOR_QUALITY.json,/splits/validation/table/paired_comparisons/4/bootstrap_seed,0
EXTERNAL_ACTOR_QUALITY.json,/splits/validation/table/paired_comparisons/4/bootstrap_unit,"""Source document; all paired regions within resampled documents retained"""
EXTERNAL_ACTOR_QUALITY.json,/splits/validation/table/paired_comparisons/4/estimand,"""Equal-region macro quality delta on common metric coverage; no significance or multiple-comparison correction claim"""
EXTERNAL_ACTOR_QUALITY.json,/splits/validation/table/paired_comparisons/5/comparison,"""mlp minus gbdt"""
EXTERNAL_ACTOR_QUALITY.json,/splits/validation/table/paired_comparisons/5/region_denominator,29
EXTERNAL_ACTOR_QUALITY.json,/splits/validation/table/paired_comparisons/5/paired_regions,29
EXTERNAL_ACTOR_QUALITY.json,/splits/validation/table/paired_comparisons/5/unmatchable_regions,0
EXTERNAL_ACTOR_QUALITY.json,/splits/validation/table/paired_comparisons/5/positive_favors,"""mlp"""
EXTERNAL_ACTOR_QUALITY.json,/splits/validation/table/paired_comparisons/5/tie_tolerance,1e-06
EXTERNAL_ACTOR_QUALITY.json,/splits/validation/table/paired_comparisons/5/mean_delta,-0.006624603470454774
EXTERNAL_ACTOR_QUALITY.json,/splits/validation/table/paired_comparisons/5/source_groups,29
EXTERNAL_ACTOR_QUALITY.json,/splits/validation/table/paired_comparisons/5/improved,5
EXTERNAL_ACTOR_QUALITY.json,/splits/validation/table/paired_comparisons/5/worsened,6
EXTERNAL_ACTOR_QUALITY.json,/splits/validation/table/paired_comparisons/5/tied,18
EXTERNAL_ACTOR_QUALITY.json,/splits/validation/table/paired_comparisons/5/source_cluster_bootstrap_95ci/0,-0.020780507048410002
EXTERNAL_ACTOR_QUALITY.json,/splits/validation/table/paired_comparisons/5/source_cluster_bootstrap_95ci/1,0.006540753203962008
EXTERNAL_ACTOR_QUALITY.json,/splits/validation/table/paired_comparisons/5/bootstrap_repetitions,2000
EXTERNAL_ACTOR_QUALITY.json,/splits/validation/table/paired_comparisons/5/bootstrap_seed,0
EXTERNAL_ACTOR_QUALITY.json,/splits/validation/table/paired_comparisons/5/bootstrap_unit,"""Source document; all paired regions within resampled documents retained"""
EXTERNAL_ACTOR_QUALITY.json,/splits/validation/table/paired_comparisons/5/estimand,"""Equal-region macro quality delta on common metric coverage; no significance or multiple-comparison correction claim"""
EXTERNAL_ACTOR_QUALITY.json,/splits/validation/table/inference_status/success,29
EXTERNAL_ACTOR_QUALITY.json,/splits/validation/equation/metric,"""CDM"""
EXTERNAL_ACTOR_QUALITY.json,/splits/validation/equation/region_denominator,19
EXTERNAL_ACTOR_QUALITY.json,/splits/validation/equation/source_groups,13
EXTERNAL_ACTOR_QUALITY.json,/splits/validation/equation/metrics/native/mean_quality,0.999421052631579
EXTERNAL_ACTOR_QUALITY.json,/splits/validation/equation/metrics/native/valid_regions,19
EXTERNAL_ACTOR_QUALITY.json,/splits/validation/equation/metrics/native/denominator,19
EXTERNAL_ACTOR_QUALITY.json,/splits/validation/equation/metrics/native/unmatchable_regions,0
EXTERNAL_ACTOR_QUALITY.json,/splits/validation/equation/metrics/gbdt/mean_quality,0.999421052631579
EXTERNAL_ACTOR_QUALITY.json,/splits/validation/equation/metrics/gbdt/valid_regions,19
EXTERNAL_ACTOR_QUALITY.json,/splits/validation/equation/metrics/gbdt/denominator,19
EXTERNAL_ACTOR_QUALITY.json,/splits/validation/equation/metrics/gbdt/unmatchable_regions,0
EXTERNAL_ACTOR_QUALITY.json,/splits/validation/equation/metrics/gbdt/completed_actions,19
EXTERNAL_ACTOR_QUALITY.json,/splits/validation/equation/metrics/gbdt/accepted_actions,19
EXTERNAL_ACTOR_QUALITY.json,/splits/validation/equation/metrics/gbdt/outcomes/tied,19
EXTERNAL_ACTOR_QUALITY.json,/splits/validation/equation/metrics/mlp/mean_quality,0.9973157894736842
EXTERNAL_ACTOR_QUALITY.json,/splits/validation/equation/metrics/mlp/valid_regions,19
EXTERNAL_ACTOR_QUALITY.json,/splits/validation/equation/metrics/mlp/denominator,19
EXTERNAL_ACTOR_QUALITY.json,/splits/validation/equation/metrics/mlp/unmatchable_regions,0
EXTERNAL_ACTOR_QUALITY.json,/splits/validation/equation/metrics/mlp/completed_actions,19
EXTERNAL_ACTOR_QUALITY.json,/splits/validation/equation/metrics/mlp/accepted_actions,19
EXTERNAL_ACTOR_QUALITY.json,/splits/validation/equation/metrics/mlp/outcomes/tied,18
EXTERNAL_ACTOR_QUALITY.json,/splits/validation/equation/metrics/mlp/outcomes/worsened,1
EXTERNAL_ACTOR_QUALITY.json,/splits/validation/equation/metrics/fixed/mean_quality,0.999421052631579
EXTERNAL_ACTOR_QUALITY.json,/splits/validation/equation/metrics/fixed/valid_regions,19
EXTERNAL_ACTOR_QUALITY.json,/splits/validation/equation/metrics/fixed/denominator,19
EXTERNAL_ACTOR_QUALITY.json,/splits/validation/equation/metrics/fixed/unmatchable_regions,0
EXTERNAL_ACTOR_QUALITY.json,/splits/validation/equation/metrics/fixed/completed_actions,19
EXTERNAL_ACTOR_QUALITY.json,/splits/validation/equation/metrics/fixed/accepted_actions,19
EXTERNAL_ACTOR_QUALITY.json,/splits/validation/equation/metrics/fixed/outcomes/tied,19
EXTERNAL_ACTOR_QUALITY.json,/splits/validation/equation/paired_comparisons/0/comparison,"""gbdt minus native"""
EXTERNAL_ACTOR_QUALITY.json,/splits/validation/equation/paired_comparisons/0/region_denominator,19
EXTERNAL_ACTOR_QUALITY.json,/splits/validation/equation/paired_comparisons/0/paired_regions,19
EXTERNAL_ACTOR_QUALITY.json,/splits/validation/equation/paired_comparisons/0/unmatchable_regions,0
EXTERNAL_ACTOR_QUALITY.json,/splits/validation/equation/paired_comparisons/0/positive_favors,"""gbdt"""
EXTERNAL_ACTOR_QUALITY.json,/splits/validation/equation/paired_comparisons/0/tie_tolerance,1e-06
EXTERNAL_ACTOR_QUALITY.json,/splits/validation/equation/paired_comparisons/0/mean_delta,0.0
EXTERNAL_ACTOR_QUALITY.json,/splits/validation/equation/paired_comparisons/0/source_groups,13
EXTERNAL_ACTOR_QUALITY.json,/splits/validation/equation/paired_comparisons/0/improved,0
EXTERNAL_ACTOR_QUALITY.json,/splits/validation/equation/paired_comparisons/0/worsened,0
EXTERNAL_ACTOR_QUALITY.json,/splits/validation/equation/paired_comparisons/0/tied,19
EXTERNAL_ACTOR_QUALITY.json,/splits/validation/equation/paired_comparisons/0/source_cluster_bootstrap_95ci/0,0.0
EXTERNAL_ACTOR_QUALITY.json,/splits/validation/equation/paired_comparisons/0/source_cluster_bootstrap_95ci/1,0.0
EXTERNAL_ACTOR_QUALITY.json,/splits/validation/equation/paired_comparisons/0/bootstrap_repetitions,2000
EXTERNAL_ACTOR_QUALITY.json,/splits/validation/equation/paired_comparisons/0/bootstrap_seed,0
EXTERNAL_ACTOR_QUALITY.json,/splits/validation/equation/paired_comparisons/0/bootstrap_unit,"""Source document; all paired regions within resampled documents retained"""
EXTERNAL_ACTOR_QUALITY.json,/splits/validation/equation/paired_comparisons/0/estimand,"""Equal-region macro quality delta on common metric coverage; no significance or multiple-comparison correction claim"""
EXTERNAL_ACTOR_QUALITY.json,/splits/validation/equation/paired_comparisons/1/comparison,"""mlp minus native"""
EXTERNAL_ACTOR_QUALITY.json,/splits/validation/equation/paired_comparisons/1/region_denominator,19
EXTERNAL_ACTOR_QUALITY.json,/splits/validation/equation/paired_comparisons/1/paired_regions,19
EXTERNAL_ACTOR_QUALITY.json,/splits/validation/equation/paired_comparisons/1/unmatchable_regions,0
EXTERNAL_ACTOR_QUALITY.json,/splits/validation/equation/paired_comparisons/1/positive_favors,"""mlp"""
EXTERNAL_ACTOR_QUALITY.json,/splits/validation/equation/paired_comparisons/1/tie_tolerance,1e-06
EXTERNAL_ACTOR_QUALITY.json,/splits/validation/equation/paired_comparisons/1/mean_delta,-0.0021052631578947385
EXTERNAL_ACTOR_QUALITY.json,/splits/validation/equation/paired_comparisons/1/source_groups,13
EXTERNAL_ACTOR_QUALITY.json,/splits/validation/equation/paired_comparisons/1/improved,0
EXTERNAL_ACTOR_QUALITY.json,/splits/validation/equation/paired_comparisons/1/worsened,1
EXTERNAL_ACTOR_QUALITY.json,/splits/validation/equation/paired_comparisons/1/tied,18
EXTERNAL_ACTOR_QUALITY.json,/splits/validation/equation/paired_comparisons/1/source_cluster_bootstrap_95ci/0,-0.007500000000000007
EXTERNAL_ACTOR_QUALITY.json,/splits/validation/equation/paired_comparisons/1/source_cluster_bootstrap_95ci/1,0.0
EXTERNAL_ACTOR_QUALITY.json,/splits/validation/equation/paired_comparisons/1/bootstrap_repetitions,2000
EXTERNAL_ACTOR_QUALITY.json,/splits/validation/equation/paired_comparisons/1/bootstrap_seed,0
EXTERNAL_ACTOR_QUALITY.json,/splits/validation/equation/paired_comparisons/1/bootstrap_unit,"""Source document; all paired regions within resampled documents retained"""
EXTERNAL_ACTOR_QUALITY.json,/splits/validation/equation/paired_comparisons/1/estimand,"""Equal-region macro quality delta on common metric coverage; no significance or multiple-comparison correction claim"""
EXTERNAL_ACTOR_QUALITY.json,/splits/validation/equation/paired_comparisons/2/comparison,"""fixed minus native"""
EXTERNAL_ACTOR_QUALITY.json,/splits/validation/equation/paired_comparisons/2/region_denominator,19
EXTERNAL_ACTOR_QUALITY.json,/splits/validation/equation/paired_comparisons/2/paired_regions,19
EXTERNAL_ACTOR_QUALITY.json,/splits/validation/equation/paired_comparisons/2/unmatchable_regions,0
EXTERNAL_ACTOR_QUALITY.json,/splits/validation/equation/paired_comparisons/2/positive_favors,"""fixed"""
EXTERNAL_ACTOR_QUALITY.json,/splits/validation/equation/paired_comparisons/2/tie_tolerance,1e-06
EXTERNAL_ACTOR_QUALITY.json,/splits/validation/equation/paired_comparisons/2/mean_delta,0.0
EXTERNAL_ACTOR_QUALITY.json,/splits/validation/equation/paired_comparisons/2/source_groups,13
EXTERNAL_ACTOR_QUALITY.json,/splits/validation/equation/paired_comparisons/2/improved,0
EXTERNAL_ACTOR_QUALITY.json,/splits/validation/equation/paired_comparisons/2/worsened,0
EXTERNAL_ACTOR_QUALITY.json,/splits/validation/equation/paired_comparisons/2/tied,19
EXTERNAL_ACTOR_QUALITY.json,/splits/validation/equation/paired_comparisons/2/source_cluster_bootstrap_95ci/0,0.0
EXTERNAL_ACTOR_QUALITY.json,/splits/validation/equation/paired_comparisons/2/source_cluster_bootstrap_95ci/1,0.0
EXTERNAL_ACTOR_QUALITY.json,/splits/validation/equation/paired_comparisons/2/bootstrap_repetitions,2000
EXTERNAL_ACTOR_QUALITY.json,/splits/validation/equation/paired_comparisons/2/bootstrap_seed,0
EXTERNAL_ACTOR_QUALITY.json,/splits/validation/equation/paired_comparisons/2/bootstrap_unit,"""Source document; all paired regions within resampled documents retained"""
EXTERNAL_ACTOR_QUALITY.json,/splits/validation/equation/paired_comparisons/2/estimand,"""Equal-region macro quality delta on common metric coverage; no significance or multiple-comparison correction claim"""
EXTERNAL_ACTOR_QUALITY.json,/splits/validation/equation/paired_comparisons/3/comparison,"""gbdt minus fixed"""
EXTERNAL_ACTOR_QUALITY.json,/splits/validation/equation/paired_comparisons/3/region_denominator,19
EXTERNAL_ACTOR_QUALITY.json,/splits/validation/equation/paired_comparisons/3/paired_regions,19
EXTERNAL_ACTOR_QUALITY.json,/splits/validation/equation/paired_comparisons/3/unmatchable_regions,0
EXTERNAL_ACTOR_QUALITY.json,/splits/validation/equation/paired_comparisons/3/positive_favors,"""gbdt"""
EXTERNAL_ACTOR_QUALITY.json,/splits/validation/equation/paired_comparisons/3/tie_tolerance,1e-06
EXTERNAL_ACTOR_QUALITY.json,/splits/validation/equation/paired_comparisons/3/mean_delta,0.0
EXTERNAL_ACTOR_QUALITY.json,/splits/validation/equation/paired_comparisons/3/source_groups,13
EXTERNAL_ACTOR_QUALITY.json,/splits/validation/equation/paired_comparisons/3/improved,0
EXTERNAL_ACTOR_QUALITY.json,/splits/validation/equation/paired_comparisons/3/worsened,0
EXTERNAL_ACTOR_QUALITY.json,/splits/validation/equation/paired_comparisons/3/tied,19
EXTERNAL_ACTOR_QUALITY.json,/splits/validation/equation/paired_comparisons/3/source_cluster_bootstrap_95ci/0,0.0
EXTERNAL_ACTOR_QUALITY.json,/splits/validation/equation/paired_comparisons/3/source_cluster_bootstrap_95ci/1,0.0
EXTERNAL_ACTOR_QUALITY.json,/splits/validation/equation/paired_comparisons/3/bootstrap_repetitions,2000
EXTERNAL_ACTOR_QUALITY.json,/splits/validation/equation/paired_comparisons/3/bootstrap_seed,0
EXTERNAL_ACTOR_QUALITY.json,/splits/validation/equation/paired_comparisons/3/bootstrap_unit,"""Source document; all paired regions within resampled documents retained"""
EXTERNAL_ACTOR_QUALITY.json,/splits/validation/equation/paired_comparisons/3/estimand,"""Equal-region macro quality delta on common metric coverage; no significance or multiple-comparison correction claim"""
EXTERNAL_ACTOR_QUALITY.json,/splits/validation/equation/paired_comparisons/4/comparison,"""mlp minus fixed"""
EXTERNAL_ACTOR_QUALITY.json,/splits/validation/equation/paired_comparisons/4/region_denominator,19
EXTERNAL_ACTOR_QUALITY.json,/splits/validation/equation/paired_comparisons/4/paired_regions,19
EXTERNAL_ACTOR_QUALITY.json,/splits/validation/equation/paired_comparisons/4/unmatchable_regions,0
EXTERNAL_ACTOR_QUALITY.json,/splits/validation/equation/paired_comparisons/4/positive_favors,"""mlp"""
EXTERNAL_ACTOR_QUALITY.json,/splits/validation/equation/paired_comparisons/4/tie_tolerance,1e-06
EXTERNAL_ACTOR_QUALITY.json,/splits/validation/equation/paired_comparisons/4/mean_delta,-0.0021052631578947385
EXTERNAL_ACTOR_QUALITY.json,/splits/validation/equation/paired_comparisons/4/source_groups,13
EXTERNAL_ACTOR_QUALITY.json,/splits/validation/equation/paired_comparisons/4/improved,0
EXTERNAL_ACTOR_QUALITY.json,/splits/validation/equation/paired_comparisons/4/worsened,1
EXTERNAL_ACTOR_QUALITY.json,/splits/validation/equation/paired_comparisons/4/tied,18
EXTERNAL_ACTOR_QUALITY.json,/splits/validation/equation/paired_comparisons/4/source_cluster_bootstrap_95ci/0,-0.007500000000000007
EXTERNAL_ACTOR_QUALITY.json,/splits/validation/equation/paired_comparisons/4/source_cluster_bootstrap_95ci/1,0.0
EXTERNAL_ACTOR_QUALITY.json,/splits/validation/equation/paired_comparisons/4/bootstrap_repetitions,2000
EXTERNAL_ACTOR_QUALITY.json,/splits/validation/equation/paired_comparisons/4/bootstrap_seed,0
EXTERNAL_ACTOR_QUALITY.json,/splits/validation/equation/paired_comparisons/4/bootstrap_unit,"""Source document; all paired regions within resampled documents retained"""
EXTERNAL_ACTOR_QUALITY.json,/splits/validation/equation/paired_comparisons/4/estimand,"""Equal-region macro quality delta on common metric coverage; no significance or multiple-comparison correction claim"""
EXTERNAL_ACTOR_QUALITY.json,/splits/validation/equation/paired_comparisons/5/comparison,"""mlp minus gbdt"""
EXTERNAL_ACTOR_QUALITY.json,/splits/validation/equation/paired_comparisons/5/region_denominator,19
EXTERNAL_ACTOR_QUALITY.json,/splits/validation/equation/paired_comparisons/5/paired_regions,19
EXTERNAL_ACTOR_QUALITY.json,/splits/validation/equation/paired_comparisons/5/unmatchable_regions,0
EXTERNAL_ACTOR_QUALITY.json,/splits/validation/equation/paired_comparisons/5/positive_favors,"""mlp"""
EXTERNAL_ACTOR_QUALITY.json,/splits/validation/equation/paired_comparisons/5/tie_tolerance,1e-06
EXTERNAL_ACTOR_QUALITY.json,/splits/validation/equation/paired_comparisons/5/mean_delta,-0.0021052631578947385
EXTERNAL_ACTOR_QUALITY.json,/splits/validation/equation/paired_comparisons/5/source_groups,13
EXTERNAL_ACTOR_QUALITY.json,/splits/validation/equation/paired_comparisons/5/improved,0
EXTERNAL_ACTOR_QUALITY.json,/splits/validation/equation/paired_comparisons/5/worsened,1
EXTERNAL_ACTOR_QUALITY.json,/splits/validation/equation/paired_comparisons/5/tied,18
EXTERNAL_ACTOR_QUALITY.json,/splits/validation/equation/paired_comparisons/5/source_cluster_bootstrap_95ci/0,-0.007500000000000007
EXTERNAL_ACTOR_QUALITY.json,/splits/validation/equation/paired_comparisons/5/source_cluster_bootstrap_95ci/1,0.0
EXTERNAL_ACTOR_QUALITY.json,/splits/validation/equation/paired_comparisons/5/bootstrap_repetitions,2000
EXTERNAL_ACTOR_QUALITY.json,/splits/validation/equation/paired_comparisons/5/bootstrap_seed,0
EXTERNAL_ACTOR_QUALITY.json,/splits/validation/equation/paired_comparisons/5/bootstrap_unit,"""Source document; all paired regions within resampled documents retained"""
EXTERNAL_ACTOR_QUALITY.json,/splits/validation/equation/paired_comparisons/5/estimand,"""Equal-region macro quality delta on common metric coverage; no significance or multiple-comparison correction claim"""
EXTERNAL_ACTOR_QUALITY.json,/splits/validation/equation/inference_status/success,19
EXTERNAL_ACTOR_QUALITY.json,/splits/test/table/metric,"""TEDS"""
EXTERNAL_ACTOR_QUALITY.json,/splits/test/table/region_denominator,25
EXTERNAL_ACTOR_QUALITY.json,/splits/test/table/source_groups,25
EXTERNAL_ACTOR_QUALITY.json,/splits/test/table/metrics/native/mean_quality,0.8886376622982151
EXTERNAL_ACTOR_QUALITY.json,/splits/test/table/metrics/native/valid_regions,25
EXTERNAL_ACTOR_QUALITY.json,/splits/test/table/metrics/native/denominator,25
EXTERNAL_ACTOR_QUALITY.json,/splits/test/table/metrics/native/unmatchable_regions,0
EXTERNAL_ACTOR_QUALITY.json,/splits/test/table/metrics/gbdt/mean_quality,0.8835519802494852
EXTERNAL_ACTOR_QUALITY.json,/splits/test/table/metrics/gbdt/valid_regions,25
EXTERNAL_ACTOR_QUALITY.json,/splits/test/table/metrics/gbdt/denominator,25
EXTERNAL_ACTOR_QUALITY.json,/splits/test/table/metrics/gbdt/unmatchable_regions,0
EXTERNAL_ACTOR_QUALITY.json,/splits/test/table/metrics/gbdt/completed_actions,25
EXTERNAL_ACTOR_QUALITY.json,/splits/test/table/metrics/gbdt/accepted_actions,25
EXTERNAL_ACTOR_QUALITY.json,/splits/test/table/metrics/gbdt/outcomes/tied,13
EXTERNAL_ACTOR_QUALITY.json,/splits/test/table/metrics/gbdt/outcomes/worsened,8
EXTERNAL_ACTOR_QUALITY.json,/splits/test/table/metrics/gbdt/outcomes/improved,4
EXTERNAL_ACTOR_QUALITY.json,/splits/test/table/metrics/mlp/mean_quality,0.8924182356586037
EXTERNAL_ACTOR_QUALITY.json,/splits/test/table/metrics/mlp/valid_regions,25
EXTERNAL_ACTOR_QUALITY.json,/splits/test/table/metrics/mlp/denominator,25
EXTERNAL_ACTOR_QUALITY.json,/splits/test/table/metrics/mlp/unmatchable_regions,0
EXTERNAL_ACTOR_QUALITY.json,/splits/test/table/metrics/mlp/completed_actions,25
EXTERNAL_ACTOR_QUALITY.json,/splits/test/table/metrics/mlp/accepted_actions,25
EXTERNAL_ACTOR_QUALITY.json,/splits/test/table/metrics/mlp/outcomes/tied,17
EXTERNAL_ACTOR_QUALITY.json,/splits/test/table/metrics/mlp/outcomes/improved,3
EXTERNAL_ACTOR_QUALITY.json,/splits/test/table/metrics/mlp/outcomes/worsened,5
EXTERNAL_ACTOR_QUALITY.json,/splits/test/table/metrics/fixed/mean_quality,0.9095527751879948
EXTERNAL_ACTOR_QUALITY.json,/splits/test/table/metrics/fixed/valid_regions,25
EXTERNAL_ACTOR_QUALITY.json,/splits/test/table/metrics/fixed/denominator,25
EXTERNAL_ACTOR_QUALITY.json,/splits/test/table/metrics/fixed/unmatchable_regions,0
EXTERNAL_ACTOR_QUALITY.json,/splits/test/table/metrics/fixed/completed_actions,25
EXTERNAL_ACTOR_QUALITY.json,/splits/test/table/metrics/fixed/accepted_actions,25
EXTERNAL_ACTOR_QUALITY.json,/splits/test/table/metrics/fixed/outcomes/improved,9
EXTERNAL_ACTOR_QUALITY.json,/splits/test/table/metrics/fixed/outcomes/worsened,9
EXTERNAL_ACTOR_QUALITY.json,/splits/test/table/metrics/fixed/outcomes/tied,7
EXTERNAL_ACTOR_QUALITY.json,/splits/test/table/paired_comparisons/0/comparison,"""gbdt minus native"""
EXTERNAL_ACTOR_QUALITY.json,/splits/test/table/paired_comparisons/0/region_denominator,25
EXTERNAL_ACTOR_QUALITY.json,/splits/test/table/paired_comparisons/0/paired_regions,25
EXTERNAL_ACTOR_QUALITY.json,/splits/test/table/paired_comparisons/0/unmatchable_regions,0
EXTERNAL_ACTOR_QUALITY.json,/splits/test/table/paired_comparisons/0/positive_favors,"""gbdt"""
EXTERNAL_ACTOR_QUALITY.json,/splits/test/table/paired_comparisons/0/tie_tolerance,1e-06
EXTERNAL_ACTOR_QUALITY.json,/splits/test/table/paired_comparisons/0/mean_delta,-0.005085682048729878
EXTERNAL_ACTOR_QUALITY.json,/splits/test/table/paired_comparisons/0/source_groups,25
EXTERNAL_ACTOR_QUALITY.json,/splits/test/table/paired_comparisons/0/improved,4
EXTERNAL_ACTOR_QUALITY.json,/splits/test/table/paired_comparisons/0/worsened,8
EXTERNAL_ACTOR_QUALITY.json,/splits/test/table/paired_comparisons/0/tied,13
EXTERNAL_ACTOR_QUALITY.json,/splits/test/table/paired_comparisons/0/source_cluster_bootstrap_95ci/0,-0.021198901934806814
EXTERNAL_ACTOR_QUALITY.json,/splits/test/table/paired_comparisons/0/source_cluster_bootstrap_95ci/1,0.008837379111491309
EXTERNAL_ACTOR_QUALITY.json,/splits/test/table/paired_comparisons/0/bootstrap_repetitions,2000
EXTERNAL_ACTOR_QUALITY.json,/splits/test/table/paired_comparisons/0/bootstrap_seed,0
EXTERNAL_ACTOR_QUALITY.json,/splits/test/table/paired_comparisons/0/bootstrap_unit,"""Source document; all paired regions within resampled documents retained"""
EXTERNAL_ACTOR_QUALITY.json,/splits/test/table/paired_comparisons/0/estimand,"""Equal-region macro quality delta on common metric coverage; no significance or multiple-comparison correction claim"""
EXTERNAL_ACTOR_QUALITY.json,/splits/test/table/paired_comparisons/1/comparison,"""mlp minus native"""
EXTERNAL_ACTOR_QUALITY.json,/splits/test/table/paired_comparisons/1/region_denominator,25
EXTERNAL_ACTOR_QUALITY.json,/splits/test/table/paired_comparisons/1/paired_regions,25
EXTERNAL_ACTOR_QUALITY.json,/splits/test/table/paired_comparisons/1/unmatchable_regions,0
EXTERNAL_ACTOR_QUALITY.json,/splits/test/table/paired_comparisons/1/positive_favors,"""mlp"""
EXTERNAL_ACTOR_QUALITY.json,/splits/test/table/paired_comparisons/1/tie_tolerance,1e-06
EXTERNAL_ACTOR_QUALITY.json,/splits/test/table/paired_comparisons/1/mean_delta,0.003780573360388573
EXTERNAL_ACTOR_QUALITY.json,/splits/test/table/paired_comparisons/1/source_groups,25
EXTERNAL_ACTOR_QUALITY.json,/splits/test/table/paired_comparisons/1/improved,3
EXTERNAL_ACTOR_QUALITY.json,/splits/test/table/paired_comparisons/1/worsened,5
EXTERNAL_ACTOR_QUALITY.json,/splits/test/table/paired_comparisons/1/tied,17
EXTERNAL_ACTOR_QUALITY.json,/splits/test/table/paired_comparisons/1/source_cluster_bootstrap_95ci/0,-0.001590250654823118
EXTERNAL_ACTOR_QUALITY.json,/splits/test/table/paired_comparisons/1/source_cluster_bootstrap_95ci/1,0.012736440872513952
EXTERNAL_ACTOR_QUALITY.json,/splits/test/table/paired_comparisons/1/bootstrap_repetitions,2000
EXTERNAL_ACTOR_QUALITY.json,/splits/test/table/paired_comparisons/1/bootstrap_seed,0
EXTERNAL_ACTOR_QUALITY.json,/splits/test/table/paired_comparisons/1/bootstrap_unit,"""Source document; all paired regions within resampled documents retained"""
EXTERNAL_ACTOR_QUALITY.json,/splits/test/table/paired_comparisons/1/estimand,"""Equal-region macro quality delta on common metric coverage; no significance or multiple-comparison correction claim"""
EXTERNAL_ACTOR_QUALITY.json,/splits/test/table/paired_comparisons/2/comparison,"""fixed minus native"""
EXTERNAL_ACTOR_QUALITY.json,/splits/test/table/paired_comparisons/2/region_denominator,25
EXTERNAL_ACTOR_QUALITY.json,/splits/test/table/paired_comparisons/2/paired_regions,25
EXTERNAL_ACTOR_QUALITY.json,/splits/test/table/paired_comparisons/2/unmatchable_regions,0
EXTERNAL_ACTOR_QUALITY.json,/splits/test/table/paired_comparisons/2/positive_favors,"""fixed"""
EXTERNAL_ACTOR_QUALITY.json,/splits/test/table/paired_comparisons/2/tie_tolerance,1e-06
EXTERNAL_ACTOR_QUALITY.json,/splits/test/table/paired_comparisons/2/mean_delta,0.020915112889779642
EXTERNAL_ACTOR_QUALITY.json,/splits/test/table/paired_comparisons/2/source_groups,25
EXTERNAL_ACTOR_QUALITY.json,/splits/test/table/paired_comparisons/2/improved,9
EXTERNAL_ACTOR_QUALITY.json,/splits/test/table/paired_comparisons/2/worsened,9
EXTERNAL_ACTOR_QUALITY.json,/splits/test/table/paired_comparisons/2/tied,7
EXTERNAL_ACTOR_QUALITY.json,/splits/test/table/paired_comparisons/2/source_cluster_bootstrap_95ci/0,-0.020917331278276618
EXTERNAL_ACTOR_QUALITY.json,/splits/test/table/paired_comparisons/2/source_cluster_bootstrap_95ci/1,0.07691593132082396
EXTERNAL_ACTOR_QUALITY.json,/splits/test/table/paired_comparisons/2/bootstrap_repetitions,2000
EXTERNAL_ACTOR_QUALITY.json,/splits/test/table/paired_comparisons/2/bootstrap_seed,0
EXTERNAL_ACTOR_QUALITY.json,/splits/test/table/paired_comparisons/2/bootstrap_unit,"""Source document; all paired regions within resampled documents retained"""
EXTERNAL_ACTOR_QUALITY.json,/splits/test/table/paired_comparisons/2/estimand,"""Equal-region macro quality delta on common metric coverage; no significance or multiple-comparison correction claim"""
EXTERNAL_ACTOR_QUALITY.json,/splits/test/table/paired_comparisons/3/comparison,"""gbdt minus fixed"""
EXTERNAL_ACTOR_QUALITY.json,/splits/test/table/paired_comparisons/3/region_denominator,25
EXTERNAL_ACTOR_QUALITY.json,/splits/test/table/paired_comparisons/3/paired_regions,25
EXTERNAL_ACTOR_QUALITY.json,/splits/test/table/paired_comparisons/3/unmatchable_regions,0
EXTERNAL_ACTOR_QUALITY.json,/splits/test/table/paired_comparisons/3/positive_favors,"""gbdt"""
EXTERNAL_ACTOR_QUALITY.json,/splits/test/table/paired_comparisons/3/tie_tolerance,1e-06
EXTERNAL_ACTOR_QUALITY.json,/splits/test/table/paired_comparisons/3/mean_delta,-0.02600079493850952
EXTERNAL_ACTOR_QUALITY.json,/splits/test/table/paired_comparisons/3/source_groups,25
EXTERNAL_ACTOR_QUALITY.json,/splits/test/table/paired_comparisons/3/improved,5
EXTERNAL_ACTOR_QUALITY.json,/splits/test/table/paired_comparisons/3/worsened,10
EXTERNAL_ACTOR_QUALITY.json,/splits/test/table/paired_comparisons/3/tied,10
EXTERNAL_ACTOR_QUALITY.json,/splits/test/table/paired_comparisons/3/source_cluster_bootstrap_95ci/0,-0.08129767240612351
EXTERNAL_ACTOR_QUALITY.json,/splits/test/table/paired_comparisons/3/source_cluster_bootstrap_95ci/1,0.0177275008442462
EXTERNAL_ACTOR_QUALITY.json,/splits/test/table/paired_comparisons/3/bootstrap_repetitions,2000
EXTERNAL_ACTOR_QUALITY.json,/splits/test/table/paired_comparisons/3/bootstrap_seed,0
EXTERNAL_ACTOR_QUALITY.json,/splits/test/table/paired_comparisons/3/bootstrap_unit,"""Source document; all paired regions within resampled documents retained"""
EXTERNAL_ACTOR_QUALITY.json,/splits/test/table/paired_comparisons/3/estimand,"""Equal-region macro quality delta on common metric coverage; no significance or multiple-comparison correction claim"""
EXTERNAL_ACTOR_QUALITY.json,/splits/test/table/paired_comparisons/4/comparison,"""mlp minus fixed"""
EXTERNAL_ACTOR_QUALITY.json,/splits/test/table/paired_comparisons/4/region_denominator,25
EXTERNAL_ACTOR_QUALITY.json,/splits/test/table/paired_comparisons/4/paired_regions,25
EXTERNAL_ACTOR_QUALITY.json,/splits/test/table/paired_comparisons/4/unmatchable_regions,0
EXTERNAL_ACTOR_QUALITY.json,/splits/test/table/paired_comparisons/4/positive_favors,"""mlp"""
EXTERNAL_ACTOR_QUALITY.json,/splits/test/table/paired_comparisons/4/tie_tolerance,1e-06
EXTERNAL_ACTOR_QUALITY.json,/splits/test/table/paired_comparisons/4/mean_delta,-0.01713453952939107
EXTERNAL_ACTOR_QUALITY.json,/splits/test/table/paired_comparisons/4/source_groups,25
EXTERNAL_ACTOR_QUALITY.json,/splits/test/table/paired_comparisons/4/improved,8
EXTERNAL_ACTOR_QUALITY.json,/splits/test/table/paired_comparisons/4/worsened,9
EXTERNAL_ACTOR_QUALITY.json,/splits/test/table/paired_comparisons/4/tied,8
EXTERNAL_ACTOR_QUALITY.json,/splits/test/table/paired_comparisons/4/source_cluster_bootstrap_95ci/0,-0.07327274560879019
EXTERNAL_ACTOR_QUALITY.json,/splits/test/table/paired_comparisons/4/source_cluster_bootstrap_95ci/1,0.02276154667723999
EXTERNAL_ACTOR_QUALITY.json,/splits/test/table/paired_comparisons/4/bootstrap_repetitions,2000
EXTERNAL_ACTOR_QUALITY.json,/splits/test/table/paired_comparisons/4/bootstrap_seed,0
EXTERNAL_ACTOR_QUALITY.json,/splits/test/table/paired_comparisons/4/bootstrap_unit,"""Source document; all paired regions within resampled documents retained"""
EXTERNAL_ACTOR_QUALITY.json,/splits/test/table/paired_comparisons/4/estimand,"""Equal-region macro quality delta on common metric coverage; no significance or multiple-comparison correction claim"""
EXTERNAL_ACTOR_QUALITY.json,/splits/test/table/paired_comparisons/5/comparison,"""mlp minus gbdt"""
EXTERNAL_ACTOR_QUALITY.json,/splits/test/table/paired_comparisons/5/region_denominator,25
EXTERNAL_ACTOR_QUALITY.json,/splits/test/table/paired_comparisons/5/paired_regions,25
EXTERNAL_ACTOR_QUALITY.json,/splits/test/table/paired_comparisons/5/unmatchable_regions,0
EXTERNAL_ACTOR_QUALITY.json,/splits/test/table/paired_comparisons/5/positive_favors,"""mlp"""
EXTERNAL_ACTOR_QUALITY.json,/splits/test/table/paired_comparisons/5/tie_tolerance,1e-06
EXTERNAL_ACTOR_QUALITY.json,/splits/test/table/paired_comparisons/5/mean_delta,0.008866255409118451
EXTERNAL_ACTOR_QUALITY.json,/splits/test/table/paired_comparisons/5/source_groups,25
EXTERNAL_ACTOR_QUALITY.json,/splits/test/table/paired_comparisons/5/improved,4
EXTERNAL_ACTOR_QUALITY.json,/splits/test/table/paired_comparisons/5/worsened,3
EXTERNAL_ACTOR_QUALITY.json,/splits/test/table/paired_comparisons/5/tied,18
EXTERNAL_ACTOR_QUALITY.json,/splits/test/table/paired_comparisons/5/source_cluster_bootstrap_95ci/0,-0.0002557388845193625
EXTERNAL_ACTOR_QUALITY.json,/splits/test/table/paired_comparisons/5/source_cluster_bootstrap_95ci/1,0.02284556153378888
EXTERNAL_ACTOR_QUALITY.json,/splits/test/table/paired_comparisons/5/bootstrap_repetitions,2000
EXTERNAL_ACTOR_QUALITY.json,/splits/test/table/paired_comparisons/5/bootstrap_seed,0
EXTERNAL_ACTOR_QUALITY.json,/splits/test/table/paired_comparisons/5/bootstrap_unit,"""Source document; all paired regions within resampled documents retained"""
EXTERNAL_ACTOR_QUALITY.json,/splits/test/table/paired_comparisons/5/estimand,"""Equal-region macro quality delta on common metric coverage; no significance or multiple-comparison correction claim"""
EXTERNAL_ACTOR_QUALITY.json,/splits/test/table/inference_status/success,25
EXTERNAL_ACTOR_QUALITY.json,/splits/test/equation/metric,"""CDM"""
EXTERNAL_ACTOR_QUALITY.json,/splits/test/equation/region_denominator,23
EXTERNAL_ACTOR_QUALITY.json,/splits/test/equation/source_groups,16
EXTERNAL_ACTOR_QUALITY.json,/splits/test/equation/metrics/native/mean_quality,0.9876086956521738
EXTERNAL_ACTOR_QUALITY.json,/splits/test/equation/metrics/native/valid_regions,23
EXTERNAL_ACTOR_QUALITY.json,/splits/test/equation/metrics/native/denominator,23
EXTERNAL_ACTOR_QUALITY.json,/splits/test/equation/metrics/native/unmatchable_regions,0
EXTERNAL_ACTOR_QUALITY.json,/splits/test/equation/metrics/gbdt/mean_quality,0.9881304347826084
EXTERNAL_ACTOR_QUALITY.json,/splits/test/equation/metrics/gbdt/valid_regions,23
EXTERNAL_ACTOR_QUALITY.json,/splits/test/equation/metrics/gbdt/denominator,23
EXTERNAL_ACTOR_QUALITY.json,/splits/test/equation/metrics/gbdt/unmatchable_regions,0
EXTERNAL_ACTOR_QUALITY.json,/splits/test/equation/metrics/gbdt/completed_actions,23
EXTERNAL_ACTOR_QUALITY.json,/splits/test/equation/metrics/gbdt/accepted_actions,23
EXTERNAL_ACTOR_QUALITY.json,/splits/test/equation/metrics/gbdt/outcomes/tied,18
EXTERNAL_ACTOR_QUALITY.json,/splits/test/equation/metrics/gbdt/outcomes/worsened,2
EXTERNAL_ACTOR_QUALITY.json,/splits/test/equation/metrics/gbdt/outcomes/improved,3
EXTERNAL_ACTOR_QUALITY.json,/splits/test/equation/metrics/mlp/mean_quality,0.9829999999999998
EXTERNAL_ACTOR_QUALITY.json,/splits/test/equation/metrics/mlp/valid_regions,23
EXTERNAL_ACTOR_QUALITY.json,/splits/test/equation/metrics/mlp/denominator,23
EXTERNAL_ACTOR_QUALITY.json,/splits/test/equation/metrics/mlp/unmatchable_regions,0
EXTERNAL_ACTOR_QUALITY.json,/splits/test/equation/metrics/mlp/completed_actions,23
EXTERNAL_ACTOR_QUALITY.json,/splits/test/equation/metrics/mlp/accepted_actions,23
EXTERNAL_ACTOR_QUALITY.json,/splits/test/equation/metrics/mlp/outcomes/tied,19
EXTERNAL_ACTOR_QUALITY.json,/splits/test/equation/metrics/mlp/outcomes/worsened,3
EXTERNAL_ACTOR_QUALITY.json,/splits/test/equation/metrics/mlp/outcomes/improved,1
EXTERNAL_ACTOR_QUALITY.json,/splits/test/equation/metrics/fixed/mean_quality,0.9909565217391302
EXTERNAL_ACTOR_QUALITY.json,/splits/test/equation/metrics/fixed/valid_regions,23
EXTERNAL_ACTOR_QUALITY.json,/splits/test/equation/metrics/fixed/denominator,23
EXTERNAL_ACTOR_QUALITY.json,/splits/test/equation/metrics/fixed/unmatchable_regions,0
EXTERNAL_ACTOR_QUALITY.json,/splits/test/equation/metrics/fixed/completed_actions,23
EXTERNAL_ACTOR_QUALITY.json,/splits/test/equation/metrics/fixed/accepted_actions,23
EXTERNAL_ACTOR_QUALITY.json,/splits/test/equation/metrics/fixed/outcomes/tied,19
EXTERNAL_ACTOR_QUALITY.json,/splits/test/equation/metrics/fixed/outcomes/improved,3
EXTERNAL_ACTOR_QUALITY.json,/splits/test/equation/metrics/fixed/outcomes/worsened,1
EXTERNAL_ACTOR_QUALITY.json,/splits/test/equation/paired_comparisons/0/comparison,"""gbdt minus native"""
EXTERNAL_ACTOR_QUALITY.json,/splits/test/equation/paired_comparisons/0/region_denominator,23
EXTERNAL_ACTOR_QUALITY.json,/splits/test/equation/paired_comparisons/0/paired_regions,23
EXTERNAL_ACTOR_QUALITY.json,/splits/test/equation/paired_comparisons/0/unmatchable_regions,0
EXTERNAL_ACTOR_QUALITY.json,/splits/test/equation/paired_comparisons/0/positive_favors,"""gbdt"""
EXTERNAL_ACTOR_QUALITY.json,/splits/test/equation/paired_comparisons/0/tie_tolerance,1e-06
EXTERNAL_ACTOR_QUALITY.json,/splits/test/equation/paired_comparisons/0/mean_delta,0.0005217391304347879
EXTERNAL_ACTOR_QUALITY.json,/splits/test/equation/paired_comparisons/0/source_groups,16
EXTERNAL_ACTOR_QUALITY.json,/splits/test/equation/paired_comparisons/0/improved,3
EXTERNAL_ACTOR_QUALITY.json,/splits/test/equation/paired_comparisons/0/worsened,2
EXTERNAL_ACTOR_QUALITY.json,/splits/test/equation/paired_comparisons/0/tied,18
EXTERNAL_ACTOR_QUALITY.json,/splits/test/equation/paired_comparisons/0/source_cluster_bootstrap_95ci/0,-0.008850340909090901
EXTERNAL_ACTOR_QUALITY.json,/splits/test/equation/paired_comparisons/0/source_cluster_bootstrap_95ci/1,0.007684605263157899
EXTERNAL_ACTOR_QUALITY.json,/splits/test/equation/paired_comparisons/0/bootstrap_repetitions,2000
EXTERNAL_ACTOR_QUALITY.json,/splits/test/equation/paired_comparisons/0/bootstrap_seed,0
EXTERNAL_ACTOR_QUALITY.json,/splits/test/equation/paired_comparisons/0/bootstrap_unit,"""Source document; all paired regions within resampled documents retained"""
EXTERNAL_ACTOR_QUALITY.json,/splits/test/equation/paired_comparisons/0/estimand,"""Equal-region macro quality delta on common metric coverage; no significance or multiple-comparison correction claim"""
EXTERNAL_ACTOR_QUALITY.json,/splits/test/equation/paired_comparisons/1/comparison,"""mlp minus native"""
EXTERNAL_ACTOR_QUALITY.json,/splits/test/equation/paired_comparisons/1/region_denominator,23
EXTERNAL_ACTOR_QUALITY.json,/splits/test/equation/paired_comparisons/1/paired_regions,23
EXTERNAL_ACTOR_QUALITY.json,/splits/test/equation/paired_comparisons/1/unmatchable_regions,0
EXTERNAL_ACTOR_QUALITY.json,/splits/test/equation/paired_comparisons/1/positive_favors,"""mlp"""
EXTERNAL_ACTOR_QUALITY.json,/splits/test/equation/paired_comparisons/1/tie_tolerance,1e-06
EXTERNAL_ACTOR_QUALITY.json,/splits/test/equation/paired_comparisons/1/mean_delta,-0.004608695652173907
EXTERNAL_ACTOR_QUALITY.json,/splits/test/equation/paired_comparisons/1/source_groups,16
EXTERNAL_ACTOR_QUALITY.json,/splits/test/equation/paired_comparisons/1/improved,1
EXTERNAL_ACTOR_QUALITY.json,/splits/test/equation/paired_comparisons/1/worsened,3
EXTERNAL_ACTOR_QUALITY.json,/splits/test/equation/paired_comparisons/1/tied,19
EXTERNAL_ACTOR_QUALITY.json,/splits/test/equation/paired_comparisons/1/source_cluster_bootstrap_95ci/0,-0.014530065359477118
EXTERNAL_ACTOR_QUALITY.json,/splits/test/equation/paired_comparisons/1/source_cluster_bootstrap_95ci/1,0.0038278485757121425
EXTERNAL_ACTOR_QUALITY.json,/splits/test/equation/paired_comparisons/1/bootstrap_repetitions,2000
EXTERNAL_ACTOR_QUALITY.json,/splits/test/equation/paired_comparisons/1/bootstrap_seed,0
EXTERNAL_ACTOR_QUALITY.json,/splits/test/equation/paired_comparisons/1/bootstrap_unit,"""Source document; all paired regions within resampled documents retained"""
EXTERNAL_ACTOR_QUALITY.json,/splits/test/equation/paired_comparisons/1/estimand,"""Equal-region macro quality delta on common metric coverage; no significance or multiple-comparison correction claim"""
EXTERNAL_ACTOR_QUALITY.json,/splits/test/equation/paired_comparisons/2/comparison,"""fixed minus native"""
EXTERNAL_ACTOR_QUALITY.json,/splits/test/equation/paired_comparisons/2/region_denominator,23
EXTERNAL_ACTOR_QUALITY.json,/splits/test/equation/paired_comparisons/2/paired_regions,23
EXTERNAL_ACTOR_QUALITY.json,/splits/test/equation/paired_comparisons/2/unmatchable_regions,0
EXTERNAL_ACTOR_QUALITY.json,/splits/test/equation/paired_comparisons/2/positive_favors,"""fixed"""
EXTERNAL_ACTOR_QUALITY.json,/splits/test/equation/paired_comparisons/2/tie_tolerance,1e-06
EXTERNAL_ACTOR_QUALITY.json,/splits/test/equation/paired_comparisons/2/mean_delta,0.003347826086956525
EXTERNAL_ACTOR_QUALITY.json,/splits/test/equation/paired_comparisons/2/source_groups,16
EXTERNAL_ACTOR_QUALITY.json,/splits/test/equation/paired_comparisons/2/improved,3
EXTERNAL_ACTOR_QUALITY.json,/splits/test/equation/paired_comparisons/2/worsened,1
EXTERNAL_ACTOR_QUALITY.json,/splits/test/equation/paired_comparisons/2/tied,19
EXTERNAL_ACTOR_QUALITY.json,/splits/test/equation/paired_comparisons/2/source_cluster_bootstrap_95ci/0,-0.001692307692307694
EXTERNAL_ACTOR_QUALITY.json,/splits/test/equation/paired_comparisons/2/source_cluster_bootstrap_95ci/1,0.00925104166666667
EXTERNAL_ACTOR_QUALITY.json,/splits/test/equation/paired_comparisons/2/bootstrap_repetitions,2000
EXTERNAL_ACTOR_QUALITY.json,/splits/test/equation/paired_comparisons/2/bootstrap_seed,0
EXTERNAL_ACTOR_QUALITY.json,/splits/test/equation/paired_comparisons/2/bootstrap_unit,"""Source document; all paired regions within resampled documents retained"""
EXTERNAL_ACTOR_QUALITY.json,/splits/test/equation/paired_comparisons/2/estimand,"""Equal-region macro quality delta on common metric coverage; no significance or multiple-comparison correction claim"""
EXTERNAL_ACTOR_QUALITY.json,/splits/test/equation/paired_comparisons/3/comparison,"""gbdt minus fixed"""
EXTERNAL_ACTOR_QUALITY.json,/splits/test/equation/paired_comparisons/3/region_denominator,23
EXTERNAL_ACTOR_QUALITY.json,/splits/test/equation/paired_comparisons/3/paired_regions,23
EXTERNAL_ACTOR_QUALITY.json,/splits/test/equation/paired_comparisons/3/unmatchable_regions,0
EXTERNAL_ACTOR_QUALITY.json,/splits/test/equation/paired_comparisons/3/positive_favors,"""gbdt"""
EXTERNAL_ACTOR_QUALITY.json,/splits/test/equation/paired_comparisons/3/tie_tolerance,1e-06
EXTERNAL_ACTOR_QUALITY.json,/splits/test/equation/paired_comparisons/3/mean_delta,-0.0028260869565217366
EXTERNAL_ACTOR_QUALITY.json,/splits/test/equation/paired_comparisons/3/source_groups,16
EXTERNAL_ACTOR_QUALITY.json,/splits/test/equation/paired_comparisons/3/improved,1
EXTERNAL_ACTOR_QUALITY.json,/splits/test/equation/paired_comparisons/3/worsened,2
EXTERNAL_ACTOR_QUALITY.json,/splits/test/equation/paired_comparisons/3/tied,20
EXTERNAL_ACTOR_QUALITY.json,/splits/test/equation/paired_comparisons/3/source_cluster_bootstrap_95ci/0,-0.011555555555555553
EXTERNAL_ACTOR_QUALITY.json,/splits/test/equation/paired_comparisons/3/source_cluster_bootstrap_95ci/1,0.002080000000000002
EXTERNAL_ACTOR_QUALITY.json,/splits/test/equation/paired_comparisons/3/bootstrap_repetitions,2000
EXTERNAL_ACTOR_QUALITY.json,/splits/test/equation/paired_comparisons/3/bootstrap_seed,0
EXTERNAL_ACTOR_QUALITY.json,/splits/test/equation/paired_comparisons/3/bootstrap_unit,"""Source document; all paired regions within resampled documents retained"""
EXTERNAL_ACTOR_QUALITY.json,/splits/test/equation/paired_comparisons/3/estimand,"""Equal-region macro quality delta on common metric coverage; no significance or multiple-comparison correction claim"""
EXTERNAL_ACTOR_QUALITY.json,/splits/test/equation/paired_comparisons/4/comparison,"""mlp minus fixed"""
EXTERNAL_ACTOR_QUALITY.json,/splits/test/equation/paired_comparisons/4/region_denominator,23
EXTERNAL_ACTOR_QUALITY.json,/splits/test/equation/paired_comparisons/4/paired_regions,23
EXTERNAL_ACTOR_QUALITY.json,/splits/test/equation/paired_comparisons/4/unmatchable_regions,0
EXTERNAL_ACTOR_QUALITY.json,/splits/test/equation/paired_comparisons/4/positive_favors,"""mlp"""
EXTERNAL_ACTOR_QUALITY.json,/splits/test/equation/paired_comparisons/4/tie_tolerance,1e-06
EXTERNAL_ACTOR_QUALITY.json,/splits/test/equation/paired_comparisons/4/mean_delta,-0.007956521739130432
EXTERNAL_ACTOR_QUALITY.json,/splits/test/equation/paired_comparisons/4/source_groups,16
EXTERNAL_ACTOR_QUALITY.json,/splits/test/equation/paired_comparisons/4/improved,1
EXTERNAL_ACTOR_QUALITY.json,/splits/test/equation/paired_comparisons/4/worsened,5
EXTERNAL_ACTOR_QUALITY.json,/splits/test/equation/paired_comparisons/4/tied,17
EXTERNAL_ACTOR_QUALITY.json,/splits/test/equation/paired_comparisons/4/source_cluster_bootstrap_95ci/0,-0.01766749999999999
EXTERNAL_ACTOR_QUALITY.json,/splits/test/equation/paired_comparisons/4/source_cluster_bootstrap_95ci/1,-0.0003474637681159443
EXTERNAL_ACTOR_QUALITY.json,/splits/test/equation/paired_comparisons/4/bootstrap_repetitions,2000
EXTERNAL_ACTOR_QUALITY.json,/splits/test/equation/paired_comparisons/4/bootstrap_seed,0
EXTERNAL_ACTOR_QUALITY.json,/splits/test/equation/paired_comparisons/4/bootstrap_unit,"""Source document; all paired regions within resampled documents retained"""
EXTERNAL_ACTOR_QUALITY.json,/splits/test/equation/paired_comparisons/4/estimand,"""Equal-region macro quality delta on common metric coverage; no significance or multiple-comparison correction claim"""
EXTERNAL_ACTOR_QUALITY.json,/splits/test/equation/paired_comparisons/5/comparison,"""mlp minus gbdt"""
EXTERNAL_ACTOR_QUALITY.json,/splits/test/equation/paired_comparisons/5/region_denominator,23
EXTERNAL_ACTOR_QUALITY.json,/splits/test/equation/paired_comparisons/5/paired_regions,23
EXTERNAL_ACTOR_QUALITY.json,/splits/test/equation/paired_comparisons/5/unmatchable_regions,0
EXTERNAL_ACTOR_QUALITY.json,/splits/test/equation/paired_comparisons/5/positive_favors,"""mlp"""
EXTERNAL_ACTOR_QUALITY.json,/splits/test/equation/paired_comparisons/5/tie_tolerance,1e-06
EXTERNAL_ACTOR_QUALITY.json,/splits/test/equation/paired_comparisons/5/mean_delta,-0.005130434782608695
EXTERNAL_ACTOR_QUALITY.json,/splits/test/equation/paired_comparisons/5/source_groups,16
EXTERNAL_ACTOR_QUALITY.json,/splits/test/equation/paired_comparisons/5/improved,0
EXTERNAL_ACTOR_QUALITY.json,/splits/test/equation/paired_comparisons/5/worsened,3
EXTERNAL_ACTOR_QUALITY.json,/splits/test/equation/paired_comparisons/5/tied,20
EXTERNAL_ACTOR_QUALITY.json,/splits/test/equation/paired_comparisons/5/source_cluster_bootstrap_95ci/0,-0.011616304347826085
EXTERNAL_ACTOR_QUALITY.json,/splits/test/equation/paired_comparisons/5/source_cluster_bootstrap_95ci/1,0.0
EXTERNAL_ACTOR_QUALITY.json,/splits/test/equation/paired_comparisons/5/bootstrap_repetitions,2000
EXTERNAL_ACTOR_QUALITY.json,/splits/test/equation/paired_comparisons/5/bootstrap_seed,0
EXTERNAL_ACTOR_QUALITY.json,/splits/test/equation/paired_comparisons/5/bootstrap_unit,"""Source document; all paired regions within resampled documents retained"""
EXTERNAL_ACTOR_QUALITY.json,/splits/test/equation/paired_comparisons/5/estimand,"""Equal-region macro quality delta on common metric coverage; no significance or multiple-comparison correction claim"""
EXTERNAL_ACTOR_QUALITY.json,/splits/test/equation/inference_status/success,23
SCALE_REGRESSION.json,/at,"""2026-10-07T13:18:29.090401+00:00"""
SCALE_REGRESSION.json,/scope,"""Offline scale regression diagnostics only; not deployed OCR calls or evidence of recognition gain"""
SCALE_REGRESSION.json,/selection_or_refit,false
SCALE_REGRESSION.json,/models/gbdt_table/checkpoint_sha256,"""28ac372fa2449680d4c4e110c0acd2abc3e280538497ea7af69753eedbe437e7"""
SCALE_REGRESSION.json,/models/gbdt_table/kind,"""table"""
SCALE_REGRESSION.json,/models/gbdt_table/family,"""gbdt"""
SCALE_REGRESSION.json,/models/gbdt_table/splits/train/rows,112
SCALE_REGRESSION.json,/models/gbdt_table/splits/train/source_groups,112
SCALE_REGRESSION.json,/models/gbdt_table/splits/train/raw_log_scale_mse,0.04734306536025084
SCALE_REGRESSION.json,/models/gbdt_table/splits/train/raw_log_scale_mae,0.1530498824674462
SCALE_REGRESSION.json,/models/gbdt_table/splits/train/boundary_clipped,0
SCALE_REGRESSION.json,/models/gbdt_table/splits/train/bounded_scale_quantiles_0_25_50_75_100/0,0.7177798659117502
SCALE_REGRESSION.json,/models/gbdt_table/splits/train/bounded_scale_quantiles_0_25_50_75_100/1,0.8982069190329973
SCALE_REGRESSION.json,/models/gbdt_table/splits/train/bounded_scale_quantiles_0_25_50_75_100/2,0.9934558503245806
SCALE_REGRESSION.json,/models/gbdt_table/splits/train/bounded_scale_quantiles_0_25_50_75_100/3,1.0670092703261445
SCALE_REGRESSION.json,/models/gbdt_table/splits/train/bounded_scale_quantiles_0_25_50_75_100/4,1.5469997166251979
SCALE_REGRESSION.json,/models/gbdt_table/splits/train/distinct_raw_predictions,111
SCALE_REGRESSION.json,/models/gbdt_table/splits/train/analysis_predict_api_calls,1
SCALE_REGRESSION.json,/models/gbdt_table/splits/train/analysis_predicted_rows,112
SCALE_REGRESSION.json,/models/gbdt_table/splits/validation/rows,29
SCALE_REGRESSION.json,/models/gbdt_table/splits/validation/source_groups,29
SCALE_REGRESSION.json,/models/gbdt_table/splits/validation/raw_log_scale_mse,0.18608566007833072
SCALE_REGRESSION.json,/models/gbdt_table/splits/validation/raw_log_scale_mae,0.3195632103742042
SCALE_REGRESSION.json,/models/gbdt_table/splits/validation/boundary_clipped,0
SCALE_REGRESSION.json,/models/gbdt_table/splits/validation/bounded_scale_quantiles_0_25_50_75_100/0,0.7984948969384678
SCALE_REGRESSION.json,/models/gbdt_table/splits/validation/bounded_scale_quantiles_0_25_50_75_100/1,0.9624953307062759
SCALE_REGRESSION.json,/models/gbdt_table/splits/validation/bounded_scale_quantiles_0_25_50_75_100/2,1.0099614979277853
SCALE_REGRESSION.json,/models/gbdt_table/splits/validation/bounded_scale_quantiles_0_25_50_75_100/3,1.09698853173723
SCALE_REGRESSION.json,/models/gbdt_table/splits/validation/bounded_scale_quantiles_0_25_50_75_100/4,1.377802976579369
SCALE_REGRESSION.json,/models/gbdt_table/splits/validation/distinct_raw_predictions,29
SCALE_REGRESSION.json,/models/gbdt_table/splits/validation/analysis_predict_api_calls,1
SCALE_REGRESSION.json,/models/gbdt_table/splits/validation/analysis_predicted_rows,29
SCALE_REGRESSION.json,/models/gbdt_table/splits/test/rows,25
SCALE_REGRESSION.json,/models/gbdt_table/splits/test/source_groups,25
SCALE_REGRESSION.json,/models/gbdt_table/splits/test/raw_log_scale_mse,0.1572035795491407
SCALE_REGRESSION.json,/models/gbdt_table/splits/test/raw_log_scale_mae,0.2524587723708944
SCALE_REGRESSION.json,/models/gbdt_table/splits/test/boundary_clipped,0
SCALE_REGRESSION.json,/models/gbdt_table/splits/test/bounded_scale_quantiles_0_25_50_75_100/0,0.7853326551428045
SCALE_REGRESSION.json,/models/gbdt_table/splits/test/bounded_scale_quantiles_0_25_50_75_100/1,0.9099452148977951
SCALE_REGRESSION.json,/models/gbdt_table/splits/test/bounded_scale_quantiles_0_25_50_75_100/2,1.0192922605624406
SCALE_REGRESSION.json,/models/gbdt_table/splits/test/bounded_scale_quantiles_0_25_50_75_100/3,1.0915812477272098
SCALE_REGRESSION.json,/models/gbdt_table/splits/test/bounded_scale_quantiles_0_25_50_75_100/4,1.2628018686376004
SCALE_REGRESSION.json,/models/gbdt_table/splits/test/distinct_raw_predictions,24
SCALE_REGRESSION.json,/models/gbdt_table/splits/test/analysis_predict_api_calls,1
SCALE_REGRESSION.json,/models/gbdt_table/splits/test/analysis_predicted_rows,25
SCALE_REGRESSION.json,/models/mlp_table/checkpoint_sha256,"""03eaff848403509577b210ae7ca24e82cb97ebd7598af5439044dc63058432d4"""
SCALE_REGRESSION.json,/models/mlp_table/kind,"""table"""
SCALE_REGRESSION.json,/models/mlp_table/family,"""mlp"""
SCALE_REGRESSION.json,/models/mlp_table/splits/train/rows,112
SCALE_REGRESSION.json,/models/mlp_table/splits/train/source_groups,112
SCALE_REGRESSION.json,/models/mlp_table/splits/train/raw_log_scale_mse,0.09361397121180584
SCALE_REGRESSION.json,/models/mlp_table/splits/train/raw_log_scale_mae,0.1883540693457683
SCALE_REGRESSION.json,/models/mlp_table/splits/train/boundary_clipped,0
SCALE_REGRESSION.json,/models/mlp_table/splits/train/bounded_scale_quantiles_0_25_50_75_100/0,0.8632678140863006
SCALE_REGRESSION.json,/models/mlp_table/splits/train/bounded_scale_quantiles_0_25_50_75_100/1,0.9592011533021287
SCALE_REGRESSION.json,/models/mlp_table/splits/train/bounded_scale_quantiles_0_25_50_75_100/2,1.0029677573199494
SCALE_REGRESSION.json,/models/mlp_table/splits/train/bounded_scale_quantiles_0_25_50_75_100/3,1.0344027418066921
SCALE_REGRESSION.json,/models/mlp_table/splits/train/bounded_scale_quantiles_0_25_50_75_100/4,1.2680629154603753
SCALE_REGRESSION.json,/models/mlp_table/splits/train/distinct_raw_predictions,112
SCALE_REGRESSION.json,/models/mlp_table/splits/train/analysis_predict_api_calls,1
SCALE_REGRESSION.json,/models/mlp_table/splits/train/analysis_predicted_rows,112
SCALE_REGRESSION.json,/models/mlp_table/splits/validation/rows,29
SCALE_REGRESSION.json,/models/mlp_table/splits/validation/source_groups,29
SCALE_REGRESSION.json,/models/mlp_table/splits/validation/raw_log_scale_mse,0.18828512054281718
SCALE_REGRESSION.json,/models/mlp_table/splits/validation/raw_log_scale_mae,0.3147904256948829
SCALE_REGRESSION.json,/models/mlp_table/splits/validation/boundary_clipped,0
SCALE_REGRESSION.json,/models/mlp_table/splits/validation/bounded_scale_quantiles_0_25_50_75_100/0,0.8790576840332889
SCALE_REGRESSION.json,/models/mlp_table/splits/validation/bounded_scale_quantiles_0_25_50_75_100/1,0.9713772808584445
SCALE_REGRESSION.json,/models/mlp_table/splits/validation/bounded_scale_quantiles_0_25_50_75_100/2,0.9942995562275266
SCALE_REGRESSION.json,/models/mlp_table/splits/validation/bounded_scale_quantiles_0_25_50_75_100/3,1.0650517168243425
SCALE_REGRESSION.json,/models/mlp_table/splits/validation/bounded_scale_quantiles_0_25_50_75_100/4,1.1704976594971428
SCALE_REGRESSION.json,/models/mlp_table/splits/validation/distinct_raw_predictions,29
SCALE_REGRESSION.json,/models/mlp_table/splits/validation/analysis_predict_api_calls,1
SCALE_REGRESSION.json,/models/mlp_table/splits/validation/analysis_predicted_rows,29
SCALE_REGRESSION.json,/models/mlp_table/splits/test/rows,25
SCALE_REGRESSION.json,/models/mlp_table/splits/test/source_groups,25
SCALE_REGRESSION.json,/models/mlp_table/splits/test/raw_log_scale_mse,0.14742425335508721
SCALE_REGRESSION.json,/models/mlp_table/splits/test/raw_log_scale_mae,0.23507813822970702
SCALE_REGRESSION.json,/models/mlp_table/splits/test/boundary_clipped,0
SCALE_REGRESSION.json,/models/mlp_table/splits/test/bounded_scale_quantiles_0_25_50_75_100/0,0.8950296300963164
SCALE_REGRESSION.json,/models/mlp_table/splits/test/bounded_scale_quantiles_0_25_50_75_100/1,0.987887713690774
SCALE_REGRESSION.json,/models/mlp_table/splits/test/bounded_scale_quantiles_0_25_50_75_100/2,1.0186745566467146
SCALE_REGRESSION.json,/models/mlp_table/splits/test/bounded_scale_quantiles_0_25_50_75_100/3,1.051487626424643
SCALE_REGRESSION.json,/models/mlp_table/splits/test/bounded_scale_quantiles_0_25_50_75_100/4,1.2128808801712363
SCALE_REGRESSION.json,/models/mlp_table/splits/test/distinct_raw_predictions,25
SCALE_REGRESSION.json,/models/mlp_table/splits/test/analysis_predict_api_calls,1
SCALE_REGRESSION.json,/models/mlp_table/splits/test/analysis_predicted_rows,25
SCALE_REGRESSION.json,/models/gbdt_equation/checkpoint_sha256,"""780a6c62f8663bd0bd364f784f3339d884cf64beb6240ff385c8536d25098a3e"""
SCALE_REGRESSION.json,/models/gbdt_equation/kind,"""equation"""
SCALE_REGRESSION.json,/models/gbdt_equation/family,"""gbdt"""
SCALE_REGRESSION.json,/models/gbdt_equation/splits/train/rows,68
SCALE_REGRESSION.json,/models/gbdt_equation/splits/train/source_groups,47
SCALE_REGRESSION.json,/models/gbdt_equation/splits/train/raw_log_scale_mse,0.01073996824699835
SCALE_REGRESSION.json,/models/gbdt_equation/splits/train/raw_log_scale_mae,0.03198856000210363
SCALE_REGRESSION.json,/models/gbdt_equation/splits/train/boundary_clipped,0
SCALE_REGRESSION.json,/models/gbdt_equation/splits/train/bounded_scale_quantiles_0_25_50_75_100/0,0.9302842134954088
SCALE_REGRESSION.json,/models/gbdt_equation/splits/train/bounded_scale_quantiles_0_25_50_75_100/1,0.9865886692628344
SCALE_REGRESSION.json,/models/gbdt_equation/splits/train/bounded_scale_quantiles_0_25_50_75_100/2,1.0013469914020483
SCALE_REGRESSION.json,/models/gbdt_equation/splits/train/bounded_scale_quantiles_0_25_50_75_100/3,1.015186428595699
SCALE_REGRESSION.json,/models/gbdt_equation/splits/train/bounded_scale_quantiles_0_25_50_75_100/4,1.0864308585086841
SCALE_REGRESSION.json,/models/gbdt_equation/splits/train/distinct_raw_predictions,52
SCALE_REGRESSION.json,/models/gbdt_equation/splits/train/analysis_predict_api_calls,1
SCALE_REGRESSION.json,/models/gbdt_equation/splits/train/analysis_predicted_rows,68
SCALE_REGRESSION.json,/models/gbdt_equation/splits/validation/rows,19
SCALE_REGRESSION.json,/models/gbdt_equation/splits/validation/source_groups,13
SCALE_REGRESSION.json,/models/gbdt_equation/splits/validation/raw_log_scale_mse,0.0030483325565191137
SCALE_REGRESSION.json,/models/gbdt_equation/splits/validation/raw_log_scale_mae,0.03118879103355578
SCALE_REGRESSION.json,/models/gbdt_equation/splits/validation/boundary_clipped,0
SCALE_REGRESSION.json,/models/gbdt_equation/splits/validation/bounded_scale_quantiles_0_25_50_75_100/0,0.9354337104325652
SCALE_REGRESSION.json,/models/gbdt_equation/splits/validation/bounded_scale_quantiles_0_25_50_75_100/1,0.9889540441634823
SCALE_REGRESSION.json,/models/gbdt_equation/splits/validation/bounded_scale_quantiles_0_25_50_75_100/2,0.9945694734613312
SCALE_REGRESSION.json,/models/gbdt_equation/splits/validation/bounded_scale_quantiles_0_25_50_75_100/3,1.014885448120408
SCALE_REGRESSION.json,/models/gbdt_equation/splits/validation/bounded_scale_quantiles_0_25_50_75_100/4,1.0411967649041138
SCALE_REGRESSION.json,/models/gbdt_equation/splits/validation/distinct_raw_predictions,14
SCALE_REGRESSION.json,/models/gbdt_equation/splits/validation/analysis_predict_api_calls,1
SCALE_REGRESSION.json,/models/gbdt_equation/splits/validation/analysis_predicted_rows,19
SCALE_REGRESSION.json,/models/gbdt_equation/splits/test/rows,23
SCALE_REGRESSION.json,/models/gbdt_equation/splits/test/source_groups,16
SCALE_REGRESSION.json,/models/gbdt_equation/splits/test/raw_log_scale_mse,0.04557578744334551
SCALE_REGRESSION.json,/models/gbdt_equation/splits/test/raw_log_scale_mae,0.09133105262158332
SCALE_REGRESSION.json,/models/gbdt_equation/splits/test/boundary_clipped,0
SCALE_REGRESSION.json,/models/gbdt_equation/splits/test/bounded_scale_quantiles_0_25_50_75_100/0,0.9302842134954088
SCALE_REGRESSION.json,/models/gbdt_equation/splits/test/bounded_scale_quantiles_0_25_50_75_100/1,0.9710874991088804
SCALE_REGRESSION.json,/models/gbdt_equation/splits/test/bounded_scale_quantiles_0_25_50_75_100/2,1.0000748151441003
SCALE_REGRESSION.json,/models/gbdt_equation/splits/test/bounded_scale_quantiles_0_25_50_75_100/3,1.0227687649796517
SCALE_REGRESSION.json,/models/gbdt_equation/splits/test/bounded_scale_quantiles_0_25_50_75_100/4,1.0312080761247144
SCALE_REGRESSION.json,/models/gbdt_equation/splits/test/distinct_raw_predictions,17
SCALE_REGRESSION.json,/models/gbdt_equation/splits/test/analysis_predict_api_calls,1
SCALE_REGRESSION.json,/models/gbdt_equation/splits/test/analysis_predicted_rows,23
SCALE_REGRESSION.json,/models/mlp_equation/checkpoint_sha256,"""91f4900cafdaa9dd5cdcd3d51386aace375cc7b6937dc715a92b5f51e49dd038"""
SCALE_REGRESSION.json,/models/mlp_equation/kind,"""equation"""
SCALE_REGRESSION.json,/models/mlp_equation/family,"""mlp"""
SCALE_REGRESSION.json,/models/mlp_equation/splits/train/rows,68
SCALE_REGRESSION.json,/models/mlp_equation/splits/train/source_groups,47
SCALE_REGRESSION.json,/models/mlp_equation/splits/train/raw_log_scale_mse,0.012619024442490509
SCALE_REGRESSION.json,/models/mlp_equation/splits/train/raw_log_scale_mae,0.036353578143743154
SCALE_REGRESSION.json,/models/mlp_equation/splits/train/boundary_clipped,0
SCALE_REGRESSION.json,/models/mlp_equation/splits/train/bounded_scale_quantiles_0_25_50_75_100/0,0.9466549517774085
SCALE_REGRESSION.json,/models/mlp_equation/splits/train/bounded_scale_quantiles_0_25_50_75_100/1,0.9814742435159184
SCALE_REGRESSION.json,/models/mlp_equation/splits/train/bounded_scale_quantiles_0_25_50_75_100/2,0.990553570224691
SCALE_REGRESSION.json,/models/mlp_equation/splits/train/bounded_scale_quantiles_0_25_50_75_100/3,1.0073885324411105
SCALE_REGRESSION.json,/models/mlp_equation/splits/train/bounded_scale_quantiles_0_25_50_75_100/4,1.051144544233796
SCALE_REGRESSION.json,/models/mlp_equation/splits/train/distinct_raw_predictions,68
SCALE_REGRESSION.json,/models/mlp_equation/splits/train/analysis_predict_api_calls,1
SCALE_REGRESSION.json,/models/mlp_equation/splits/train/analysis_predicted_rows,68
SCALE_REGRESSION.json,/models/mlp_equation/splits/validation/rows,19
SCALE_REGRESSION.json,/models/mlp_equation/splits/validation/source_groups,13
SCALE_REGRESSION.json,/models/mlp_equation/splits/validation/raw_log_scale_mse,0.0021768715932093453
SCALE_REGRESSION.json,/models/mlp_equation/splits/validation/raw_log_scale_mae,0.026843940458639564
SCALE_REGRESSION.json,/models/mlp_equation/splits/validation/boundary_clipped,0
SCALE_REGRESSION.json,/models/mlp_equation/splits/validation/bounded_scale_quantiles_0_25_50_75_100/0,0.9588844324916695
SCALE_REGRESSION.json,/models/mlp_equation/splits/validation/bounded_scale_quantiles_0_25_50_75_100/1,0.9944674039587329
SCALE_REGRESSION.json,/models/mlp_equation/splits/validation/bounded_scale_quantiles_0_25_50_75_100/2,1.006682551987476
SCALE_REGRESSION.json,/models/mlp_equation/splits/validation/bounded_scale_quantiles_0_25_50_75_100/3,1.015140294804187
SCALE_REGRESSION.json,/models/mlp_equation/splits/validation/bounded_scale_quantiles_0_25_50_75_100/4,1.0473454164766594
SCALE_REGRESSION.json,/models/mlp_equation/splits/validation/distinct_raw_predictions,19
SCALE_REGRESSION.json,/models/mlp_equation/splits/validation/analysis_predict_api_calls,1
SCALE_REGRESSION.json,/models/mlp_equation/splits/validation/analysis_predicted_rows,19
SCALE_REGRESSION.json,/models/mlp_equation/splits/test/rows,23
SCALE_REGRESSION.json,/models/mlp_equation/splits/test/source_groups,16
SCALE_REGRESSION.json,/models/mlp_equation/splits/test/raw_log_scale_mse,0.042816952354384805
SCALE_REGRESSION.json,/models/mlp_equation/splits/test/raw_log_scale_mae,0.09165350400301867
SCALE_REGRESSION.json,/models/mlp_equation/splits/test/boundary_clipped,0
SCALE_REGRESSION.json,/models/mlp_equation/splits/test/bounded_scale_quantiles_0_25_50_75_100/0,0.9635590510252606
SCALE_REGRESSION.json,/models/mlp_equation/splits/test/bounded_scale_quantiles_0_25_50_75_100/1,0.99425177756151
SCALE_REGRESSION.json,/models/mlp_equation/splits/test/bounded_scale_quantiles_0_25_50_75_100/2,1.00503876481256
SCALE_REGRESSION.json,/models/mlp_equation/splits/test/bounded_scale_quantiles_0_25_50_75_100/3,1.0218248076695253
SCALE_REGRESSION.json,/models/mlp_equation/splits/test/bounded_scale_quantiles_0_25_50_75_100/4,1.0437817000245313
SCALE_REGRESSION.json,/models/mlp_equation/splits/test/distinct_raw_predictions,23
SCALE_REGRESSION.json,/models/mlp_equation/splits/test/analysis_predict_api_calls,1
SCALE_REGRESSION.json,/models/mlp_equation/splits/test/analysis_predicted_rows,23
RUNTIME_PROVENANCE.json,/at,"""2026-10-07T17:16:01.848032+00:00"""
RUNTIME_PROVENANCE.json,/teleocr_source_commit,"""9921cffe380efe4e2fa010258b3d0c3cb70bab2d"""
RUNTIME_PROVENANCE.json,/ocr_upstream_requested_revision,"""Unverified; actual file hashes below identify the runtime"""
RUNTIME_PROVENANCE.json,/inference_container_image,"""sha256:f7c6d8c94f41df4c4d7ee7d78a24fd86f956b11f084ffa6f47921594ee445c44"""
RUNTIME_PROVENANCE.json,/runtime_workers_verified,8
RUNTIME_PROVENANCE.json,/shared_settings_equal_in_all_workers,true
RUNTIME_PROVENANCE.json,/python,"""3.10.21 (main, Aug 27 2026, 14:42:07) [GCC 14.3.0]"""
RUNTIME_PROVENANCE.json,/engine/dtype,"""torch.bfloat16"""
RUNTIME_PROVENANCE.json,/engine/seed,0
RUNTIME_PROVENANCE.json,/engine/max_model_len,16384
RUNTIME_PROVENANCE.json,/engine/enforce_eager,false
RUNTIME_PROVENANCE.json,/engine/gpu_memory_utilization,0.5
RUNTIME_PROVENANCE.json,/engine/enable_prefix_caching,false
RUNTIME_PROVENANCE.json,/engine/max_num_seqs,64
RUNTIME_PROVENANCE.json,/engine/max_num_batched_tokens,16384
RUNTIME_PROVENANCE.json,/packages/torch,"""2.8.0"""
RUNTIME_PROVENANCE.json,/packages/torchvision,"""0.23.0"""
RUNTIME_PROVENANCE.json,/packages/vllm,"""0.11.0"""
RUNTIME_PROVENANCE.json,/packages/transformers,"""4.57.6"""
RUNTIME_PROVENANCE.json,/packages/tokenizers,"""0.22.2"""
RUNTIME_PROVENANCE.json,/packages/TeleOCR,"""0.1.0"""
RUNTIME_PROVENANCE.json,/packages/Pillow,"""11.3.0"""
RUNTIME_PROVENANCE.json,/packages/numpy,"""2.2.6"""
RUNTIME_PROVENANCE.json,/packages/pypdfium2,"""4.30.0"""
RUNTIME_PROVENANCE.json,/packages/pymupdf,"""1.28.2"""
RUNTIME_PROVENANCE.json,/packages/lxml,"""6.0.2"""
RUNTIME_PROVENANCE.json,/packages/fast-langdetect,"""0.2.5"""
RUNTIME_PROVENANCE.json,/packages/fasttext-predict,"""0.9.2.4"""
RUNTIME_PROVENANCE.json,/packages/magika,"""1.0.3"""
RUNTIME_PROVENANCE.json,/packages/onnxruntime,"""1.23.2"""
RUNTIME_PROVENANCE.json,/packages/triton,"""3.4.0"""
RUNTIME_PROVENANCE.json,/packages/flash-attn,null
RUNTIME_PROVENANCE.json,/packages/xformers,"""0.0.32.post1"""
RUNTIME_PROVENANCE.json,/packages/safetensors,"""0.7.0"""
RUNTIME_PROVENANCE.json,/packages/opencv-python-headless,"""4.14.0.94"""
RUNTIME_PROVENANCE.json,/prompts/text,"""\nPlease output the text content from the image."""
RUNTIME_PROVENANCE.json,/prompts/table,"""\nThis is the image of a table. Please output the table in OTSL format."""
RUNTIME_PROVENANCE.json,/prompts/equation,"""\nPlease write out the expression of the formula in the image using LaTeX format."""
RUNTIME_PROVENANCE.json,/prompts/code,"""\nThe image contains a code snippet, please output the parsing result."""
RUNTIME_PROVENANCE.json,/prompts/layout,"""\nAnalyze the image layout."""
RUNTIME_PROVENANCE.json,/prompts/seal,"""\nSeal Recognition:"""
RUNTIME_PROVENANCE.json,/prompts/char,"""\nThis is a scientific figure. Please extract the table implied by this figure."""
RUNTIME_PROVENANCE.json,/prompts/default,"""\nPlease output the text content from the image."""
RUNTIME_PROVENANCE.json,/prompts/table_structure,"""\nTable Recognition:"""
RUNTIME_PROVENANCE.json,/prompts/formula_structure,"""\nFormula Recognition:"""
RUNTIME_PROVENANCE.json,/sampling/text/temperature,0.0
RUNTIME_PROVENANCE.json,/sampling/text/top_p,0.01
RUNTIME_PROVENANCE.json,/sampling/text/top_k,1
RUNTIME_PROVENANCE.json,/sampling/text/presence_penalty,1.0
RUNTIME_PROVENANCE.json,/sampling/text/frequency_penalty,0.05
RUNTIME_PROVENANCE.json,/sampling/text/repetition_penalty,1.0
RUNTIME_PROVENANCE.json,/sampling/text/no_repeat_ngram_size,100
RUNTIME_PROVENANCE.json,/sampling/text/max_new_tokens,null
RUNTIME_PROVENANCE.json,/sampling/table/temperature,0.0
RUNTIME_PROVENANCE.json,/sampling/table/top_p,0.01
RUNTIME_PROVENANCE.json,/sampling/table/top_k,1
RUNTIME_PROVENANCE.json,/sampling/table/presence_penalty,1.0
RUNTIME_PROVENANCE.json,/sampling/table/frequency_penalty,0.005
RUNTIME_PROVENANCE.json,/sampling/table/repetition_penalty,1.0
RUNTIME_PROVENANCE.json,/sampling/table/no_repeat_ngram_size,100
RUNTIME_PROVENANCE.json,/sampling/table/max_new_tokens,null
RUNTIME_PROVENANCE.json,/sampling/equation/temperature,0.0
RUNTIME_PROVENANCE.json,/sampling/equation/top_p,0.01
RUNTIME_PROVENANCE.json,/sampling/equation/top_k,1
RUNTIME_PROVENANCE.json,/sampling/equation/presence_penalty,1.0
RUNTIME_PROVENANCE.json,/sampling/equation/frequency_penalty,0.05
RUNTIME_PROVENANCE.json,/sampling/equation/repetition_penalty,1.0
RUNTIME_PROVENANCE.json,/sampling/equation/no_repeat_ngram_size,100
RUNTIME_PROVENANCE.json,/sampling/equation/max_new_tokens,null
RUNTIME_PROVENANCE.json,/sampling/code/temperature,0.0
RUNTIME_PROVENANCE.json,/sampling/code/top_p,0.01
RUNTIME_PROVENANCE.json,/sampling/code/top_k,1
RUNTIME_PROVENANCE.json,/sampling/code/presence_penalty,1.0
RUNTIME_PROVENANCE.json,/sampling/code/frequency_penalty,0.05
RUNTIME_PROVENANCE.json,/sampling/code/repetition_penalty,1.0
RUNTIME_PROVENANCE.json,/sampling/code/no_repeat_ngram_size,100
RUNTIME_PROVENANCE.json,/sampling/code/max_new_tokens,null
RUNTIME_PROVENANCE.json,/sampling/char/temperature,0.0
RUNTIME_PROVENANCE.json,/sampling/char/top_p,0.01
RUNTIME_PROVENANCE.json,/sampling/char/top_k,1
RUNTIME_PROVENANCE.json,/sampling/char/presence_penalty,1.0
RUNTIME_PROVENANCE.json,/sampling/char/frequency_penalty,0.005
RUNTIME_PROVENANCE.json,/sampling/char/repetition_penalty,1.0
RUNTIME_PROVENANCE.json,/sampling/char/no_repeat_ngram_size,100
RUNTIME_PROVENANCE.json,/sampling/char/max_new_tokens,null
RUNTIME_PROVENANCE.json,/sampling/layout/temperature,0.0
RUNTIME_PROVENANCE.json,/sampling/layout/top_p,0.01
RUNTIME_PROVENANCE.json,/sampling/layout/top_k,1
RUNTIME_PROVENANCE.json,/sampling/layout/presence_penalty,0.0
RUNTIME_PROVENANCE.json,/sampling/layout/frequency_penalty,0.0
RUNTIME_PROVENANCE.json,/sampling/layout/repetition_penalty,1.0
RUNTIME_PROVENANCE.json,/sampling/layout/no_repeat_ngram_size,100
RUNTIME_PROVENANCE.json,/sampling/layout/max_new_tokens,null
RUNTIME_PROVENANCE.json,/sampling/seal/temperature,0.0
RUNTIME_PROVENANCE.json,/sampling/seal/top_p,0.01
RUNTIME_PROVENANCE.json,/sampling/seal/top_k,1
RUNTIME_PROVENANCE.json,/sampling/seal/presence_penalty,1.0
RUNTIME_PROVENANCE.json,/sampling/seal/frequency_penalty,0.005
RUNTIME_PROVENANCE.json,/sampling/seal/repetition_penalty,1.0
RUNTIME_PROVENANCE.json,/sampling/seal/no_repeat_ngram_size,100
RUNTIME_PROVENANCE.json,/sampling/seal/max_new_tokens,null
RUNTIME_PROVENANCE.json,/sampling/default/temperature,0.0
RUNTIME_PROVENANCE.json,/sampling/default/top_p,0.01
RUNTIME_PROVENANCE.json,/sampling/default/top_k,1
RUNTIME_PROVENANCE.json,/sampling/default/presence_penalty,1.0
RUNTIME_PROVENANCE.json,/sampling/default/frequency_penalty,0.05
RUNTIME_PROVENANCE.json,/sampling/default/repetition_penalty,1.0
RUNTIME_PROVENANCE.json,/sampling/default/no_repeat_ngram_size,100
RUNTIME_PROVENANCE.json,/sampling/default/max_new_tokens,null
RUNTIME_PROVENANCE.json,/sampling/table_structure/temperature,0.0
RUNTIME_PROVENANCE.json,/sampling/table_structure/top_p,0.01
RUNTIME_PROVENANCE.json,/sampling/table_structure/top_k,1
RUNTIME_PROVENANCE.json,/sampling/table_structure/presence_penalty,1.0
RUNTIME_PROVENANCE.json,/sampling/table_structure/frequency_penalty,0.005
RUNTIME_PROVENANCE.json,/sampling/table_structure/repetition_penalty,1.0
RUNTIME_PROVENANCE.json,/sampling/table_structure/no_repeat_ngram_size,100
RUNTIME_PROVENANCE.json,/sampling/table_structure/max_new_tokens,null
RUNTIME_PROVENANCE.json,/sampling/formula_structure/temperature,0.0
RUNTIME_PROVENANCE.json,/sampling/formula_structure/top_p,0.01
RUNTIME_PROVENANCE.json,/sampling/formula_structure/top_k,1
RUNTIME_PROVENANCE.json,/sampling/formula_structure/presence_penalty,1.0
RUNTIME_PROVENANCE.json,/sampling/formula_structure/frequency_penalty,0.05
RUNTIME_PROVENANCE.json,/sampling/formula_structure/repetition_penalty,1.0
RUNTIME_PROVENANCE.json,/sampling/formula_structure/no_repeat_ngram_size,100
RUNTIME_PROVENANCE.json,/sampling/formula_structure/max_new_tokens,null
RUNTIME_PROVENANCE.json,/helper/layout_image_size/0,1036
RUNTIME_PROVENANCE.json,/helper/layout_image_size/1,1036
RUNTIME_PROVENANCE.json,/helper/min_image_edge,28
RUNTIME_PROVENANCE.json,/helper/max_image_edge_ratio,50
RUNTIME_PROVENANCE.json,/helper/simple_post_process,false
RUNTIME_PROVENANCE.json,/helper/handle_equation_block,true
RUNTIME_PROVENANCE.json,/helper/abandon_list,false
RUNTIME_PROVENANCE.json,/helper/abandon_paratext,false
RUNTIME_PROVENANCE.json,/system_prompt,"""You are a helpful assistant."""
RUNTIME_PROVENANCE.json,/hardware,"""NVIDIA A100 80GB PCIe"""
RUNTIME_PROVENANCE.json,/compilation_config/level,3
RUNTIME_PROVENANCE.json,/compilation_config/debug_dump_path,""""""
RUNTIME_PROVENANCE.json,/compilation_config/cache_dir,""""""
RUNTIME_PROVENANCE.json,/compilation_config/backend,""""""
RUNTIME_PROVENANCE.json,/compilation_config/custom_ops,[]
RUNTIME_PROVENANCE.json,/compilation_config/splitting_ops/0,"""vllm.unified_attention"""
RUNTIME_PROVENANCE.json,/compilation_config/splitting_ops/1,"""vllm.unified_attention_with_output"""
RUNTIME_PROVENANCE.json,/compilation_config/splitting_ops/2,"""vllm.mamba_mixer2"""
RUNTIME_PROVENANCE.json,/compilation_config/splitting_ops/3,"""vllm.mamba_mixer"""
RUNTIME_PROVENANCE.json,/compilation_config/splitting_ops/4,"""vllm.short_conv"""
RUNTIME_PROVENANCE.json,/compilation_config/splitting_ops/5,"""vllm.linear_attention"""
RUNTIME_PROVENANCE.json,/compilation_config/splitting_ops/6,"""vllm.plamo2_mamba_mixer"""
RUNTIME_PROVENANCE.json,/compilation_config/splitting_ops/7,"""vllm.gdn_attention"""
RUNTIME_PROVENANCE.json,/compilation_config/splitting_ops/8,"""vllm.sparse_attn_indexer"""
RUNTIME_PROVENANCE.json,/compilation_config/use_inductor,true
RUNTIME_PROVENANCE.json,/compilation_config/compile_sizes,[]
RUNTIME_PROVENANCE.json,/compilation_config/inductor_compile_config/enable_auto_functionalized_v2,false
RUNTIME_PROVENANCE.json,/compilation_config/inductor_passes,{}
RUNTIME_PROVENANCE.json,/compilation_config/cudagraph_mode/0,2
RUNTIME_PROVENANCE.json,/compilation_config/cudagraph_mode/1,1
RUNTIME_PROVENANCE.json,/compilation_config/use_cudagraph,true
RUNTIME_PROVENANCE.json,/compilation_config/cudagraph_num_of_warmups,1
RUNTIME_PROVENANCE.json,/compilation_config/cudagraph_capture_sizes/0,128
RUNTIME_PROVENANCE.json,/compilation_config/cudagraph_capture_sizes/1,120
RUNTIME_PROVENANCE.json,/compilation_config/cudagraph_capture_sizes/2,112
RUNTIME_PROVENANCE.json,/compilation_config/cudagraph_capture_sizes/3,104
RUNTIME_PROVENANCE.json,/compilation_config/cudagraph_capture_sizes/4,96
RUNTIME_PROVENANCE.json,/compilation_config/cudagraph_capture_sizes/5,88
RUNTIME_PROVENANCE.json,/compilation_config/cudagraph_capture_sizes/6,80
RUNTIME_PROVENANCE.json,/compilation_config/cudagraph_capture_sizes/7,72
RUNTIME_PROVENANCE.json,/compilation_config/cudagraph_capture_sizes/8,64
RUNTIME_PROVENANCE.json,/compilation_config/cudagraph_capture_sizes/9,56
RUNTIME_PROVENANCE.json,/compilation_config/cudagraph_capture_sizes/10,48
RUNTIME_PROVENANCE.json,/compilation_config/cudagraph_capture_sizes/11,40
RUNTIME_PROVENANCE.json,/compilation_config/cudagraph_capture_sizes/12,32
RUNTIME_PROVENANCE.json,/compilation_config/cudagraph_capture_sizes/13,24
RUNTIME_PROVENANCE.json,/compilation_config/cudagraph_capture_sizes/14,16
RUNTIME_PROVENANCE.json,/compilation_config/cudagraph_capture_sizes/15,8
RUNTIME_PROVENANCE.json,/compilation_config/cudagraph_capture_sizes/16,4
RUNTIME_PROVENANCE.json,/compilation_config/cudagraph_capture_sizes/17,2
RUNTIME_PROVENANCE.json,/compilation_config/cudagraph_capture_sizes/18,1
RUNTIME_PROVENANCE.json,/compilation_config/cudagraph_copy_inputs,false
RUNTIME_PROVENANCE.json,/compilation_config/full_cuda_graph,false
RUNTIME_PROVENANCE.json,/compilation_config/use_inductor_graph_partition,false
RUNTIME_PROVENANCE.json,/compilation_config/pass_config,{}
RUNTIME_PROVENANCE.json,/compilation_config/max_capture_size,128
RUNTIME_PROVENANCE.json,/compilation_config/local_cache_dir,null
RUNTIME_PROVENANCE.json,/attention_config,"""None"""
RUNTIME_PROVENANCE.json,/allow_truncated_content,true
RUNTIME_PROVENANCE.json,/max_tokens_policy,"""Native max_new_tokens=None resolves to max_model_len; engine context limits apply."""
RUNTIME_PROVENANCE.json,/ocr_asset_sha256/README.md,"""648a65dd241522d59ae2bd19a4909fcf6c01eb3f57acfa6917d3d814643537cc"""
RUNTIME_PROVENANCE.json,/ocr_asset_sha256/added_tokens.json,"""58b54bbe36fc752f79a24a271ef66a0a0830054b4dfad94bde757d851968060b"""
RUNTIME_PROVENANCE.json,/ocr_asset_sha256/chat_template.jinja,"""a0bc6f6fc7a29a80017a433e8f03a1cc1236e838a944a2d034295a60c4f2fddb"""
RUNTIME_PROVENANCE.json,/ocr_asset_sha256/config.json,"""92c5e15f1768dcb54bceae170043fbfefd248508159700b2179824b88c33ae75"""
RUNTIME_PROVENANCE.json,/ocr_asset_sha256/generation_config.json,"""50867494bddf9ddc8e289e6214be5a2263e68f16c127a3652c6eb9f17990e5d9"""
RUNTIME_PROVENANCE.json,/ocr_asset_sha256/merges.txt,"""8831e4f1a044471340f7c0a83d7bd71306a5b867e95fd870f74d0c5308a904d5"""
RUNTIME_PROVENANCE.json,/ocr_asset_sha256/model.safetensors,"""9817b18041bd96403f75e38a33b28ed0cd5fb2641f67eead673afabd3c408109"""
RUNTIME_PROVENANCE.json,/ocr_asset_sha256/modeling_naviocr.py,"""7adac1cc17009f9f1b8e0c58284d7c0b9989a590f017b9e5964cc42270207922"""
RUNTIME_PROVENANCE.json,/ocr_asset_sha256/preprocessor_config.json,"""f2058c716eef96ccaed1cc1e2d0c08306b62586d535b28d9d08e691b2fab7ca0"""
RUNTIME_PROVENANCE.json,/ocr_asset_sha256/special_tokens_map.json,"""76862e765266b85aa9459767e33cbaf13970f327a0e88d1c65846c2ddd3a1ecd"""
RUNTIME_PROVENANCE.json,/ocr_asset_sha256/tokenizer.json,"""9c5ae00e602b8860cbd784ba82a8aa14e8feecec692e7076590d014d7b7fdafa"""
RUNTIME_PROVENANCE.json,/ocr_asset_sha256/tokenizer_config.json,"""e04be4dd17e9f661bc487ba848a37f66a8f1adf2eef412f5d4ecb40cab4d39e7"""
RUNTIME_PROVENANCE.json,/ocr_asset_sha256/video_preprocessor_config.json,"""15bb7c2f2bc95fe9cc3749a4b287872b4886a15e9fcf550a4122a46ae26150bd"""
RUNTIME_PROVENANCE.json,/ocr_asset_sha256/vocab.json,"""ca10d7e9fb3ed18575dd1e277a2579c16d108e32f27439684afa0e10b1440910"""
RUNTIME_PROVENANCE.json,/v6_source_archive_sha256,"""d5758b3faa73eba643cec16c7e00ec4d8ad112e476b90bf0d2a14d08b69a463c"""
RUNTIME_PROVENANCE.json,/privacy,"""Host paths, device UUIDs and process identities retained only in private receipts"""
